student_id,status,is_dropout,program_studi,jalur_masuk,status_pernikahan,jenis_kelamin,kelas,usia_saat_daftar,kelompok_usia,status_spp,punya_tunggakan,penerima_beasiswa,mahasiswa_displaced,nilai_masuk,nilai_pendidikan_sebelumnya,mk_diambil_sem1,mk_lulus_sem1,nilai_sem1,mk_diambil_sem2,mk_lulus_sem2,nilai_sem2,rasio_kelulusan_mk_sem1,rasio_kelulusan_mk_sem2,skor_risiko_dropout,prediksi_berisiko,kategori_risiko
JJI-00001,Dropout,1,Animation & Multimedia Design,Fase 2 - kuota umum,Lajang,Laki-laki,Siang,20,≤20 th,Lunas,Tidak,Tidak,Ya,127.3,122.0,0,0,0.0,0,0,0.0,,,0.6895,Berisiko,Tinggi
JJI-00002,Graduate,0,Tourism,Mahasiswa internasional (S1),Lajang,Laki-laki,Siang,19,≤20 th,Menunggak,Tidak,Tidak,Ya,142.5,160.0,6,6,14.0,6,6,13.67,1.0,1.0,0.4108,Aman,Sedang
JJI-00003,Dropout,1,Communication Design,Fase 1 - kuota umum,Lajang,Laki-laki,Siang,19,≤20 th,Menunggak,Tidak,Tidak,Ya,124.8,122.0,6,0,0.0,6,0,0.0,0.0,0.0,0.9935,Berisiko,Sangat Tinggi
JJI-00004,Graduate,0,Journalism & Communication,Fase 2 - kuota umum,Lajang,Perempuan,Siang,20,≤20 th,Lunas,Tidak,Tidak,Ya,119.6,122.0,6,6,13.43,6,5,12.4,1.0,0.833,0.2578,Aman,Sedang
JJI-00005,Graduate,0,Social Service (kelas malam),Usia di atas 23 tahun,Menikah,Perempuan,Malam,45,>35 th,Lunas,Tidak,Tidak,Tidak,141.5,100.0,6,5,12.33,6,6,13.0,0.833,1.0,0.2152,Aman,Rendah
JJI-00006,Graduate,0,Management (kelas malam),Usia di atas 23 tahun,Menikah,Laki-laki,Malam,50,>35 th,Lunas,Ya,Tidak,Tidak,114.8,133.1,5,5,11.86,5,5,11.5,1.0,1.0,0.659,Berisiko,Tinggi
JJI-00007,Graduate,0,Nursing,Fase 1 - kuota umum,Lajang,Perempuan,Siang,18,≤20 th,Lunas,Tidak,Ya,Ya,128.4,142.0,7,7,13.3,8,8,14.34,1.0,1.0,0.0373,Aman,Rendah
JJI-00008,Dropout,1,Tourism,Fase 3 - kuota umum,Lajang,Laki-laki,Siang,22,21-23 th,Menunggak,Tidak,Tidak,Ya,113.1,119.0,5,0,0.0,5,0,0.0,0.0,0.0,0.9891,Berisiko,Sangat Tinggi
JJI-00009,Graduate,0,Social Service,Fase 1 - kuota umum,Lajang,Perempuan,Siang,21,21-23 th,Lunas,Tidak,Ya,Tidak,129.3,137.0,6,6,13.88,6,6,14.14,1.0,1.0,0.0448,Aman,Rendah
JJI-00010,Dropout,1,Social Service,Fase 1 - kuota umum,Lajang,Perempuan,Siang,18,≤20 th,Menunggak,Ya,Tidak,Ya,123.0,138.0,6,5,11.4,6,2,13.5,0.833,0.333,0.801,Berisiko,Sangat Tinggi
JJI-00011,Graduate,0,Advertising & Marketing Management,Fase 1 - kuota umum,Lajang,Perempuan,Siang,18,≤20 th,Lunas,Tidak,Tidak,Ya,130.6,139.0,6,6,12.33,6,5,14.2,1.0,0.833,0.16,Aman,Rendah
JJI-00012,Graduate,0,Nursing,Fase 1 - kuota umum,Lajang,Perempuan,Siang,18,≤20 th,Lunas,Tidak,Ya,Ya,119.3,136.0,8,7,13.21,8,7,13.21,0.875,0.875,0.0752,Aman,Rendah
JJI-00013,Dropout,1,Basic Education,Fase 1 - kuota umum,Lajang,Perempuan,Siang,19,≤20 th,Lunas,Tidak,Tidak,Ya,130.2,133.0,6,0,0.0,6,0,0.0,0.0,0.0,0.9781,Berisiko,Sangat Tinggi
JJI-00014,Graduate,0,Tourism,Pemegang diploma short cycle,Lajang,Perempuan,Siang,21,21-23 th,Lunas,Tidak,Ya,Ya,111.8,110.0,6,6,10.57,6,5,11.0,1.0,0.833,0.1484,Aman,Rendah
JJI-00015,Graduate,0,Veterinary Nursing,Fase 1 - kuota umum,Lajang,Perempuan,Siang,18,≤20 th,Lunas,Tidak,Ya,Ya,137.1,149.0,5,4,13.25,5,5,12.0,0.8,1.0,0.0856,Aman,Rendah
JJI-00016,Dropout,1,Journalism & Communication,Fase 1 - kuota umum,Lajang,Perempuan,Siang,20,≤20 th,Lunas,Tidak,Tidak,Ya,120.7,127.0,6,5,13.2,6,0,0.0,0.833,0.0,0.9074,Berisiko,Sangat Tinggi
JJI-00017,Enrolled,0,Social Service,Fase 3 - kuota umum,Lajang,Perempuan,Siang,18,≤20 th,Lunas,Tidak,Tidak,Ya,137.4,137.0,6,1,12.0,6,2,11.0,0.167,0.333,0.6637,Berisiko,Tinggi
JJI-00018,Graduate,0,Nursing,Fase 2 - kuota umum,Lajang,Perempuan,Siang,18,≤20 th,Lunas,Tidak,Tidak,Ya,127.3,135.0,7,7,13.31,8,8,14.54,1.0,1.0,0.0774,Aman,Rendah
JJI-00019,Graduate,0,Equinculture,Fase 1 - kuota umum,Lajang,Perempuan,Siang,20,≤20 th,Lunas,Tidak,Tidak,Ya,136.3,137.0,5,4,12.5,5,4,12.25,0.8,0.8,0.3258,Aman,Sedang
JJI-00020,Enrolled,0,Basic Education,Fase 1 - kuota umum,Lajang,Perempuan,Siang,18,≤20 th,Lunas,Tidak,Tidak,Ya,124.6,140.0,7,6,11.67,7,6,13.5,0.857,0.857,0.2239,Aman,Rendah
JJI-00021,Graduate,0,Animation & Multimedia Design,Fase 1 - kuota umum,Lajang,Perempuan,Siang,21,21-23 th,Lunas,Tidak,Ya,Tidak,120.3,122.0,0,0,0.0,0,0,0.0,,,0.371,Aman,Sedang
JJI-00022,Enrolled,0,Oral Hygiene,Fase 3 - kuota umum,Lajang,Perempuan,Siang,20,≤20 th,Lunas,Tidak,Tidak,Ya,121.8,127.0,7,7,11.44,8,8,11.42,1.0,1.0,0.1528,Aman,Rendah
JJI-00023,Graduate,0,Nursing,Fase 1 - kuota umum,Lajang,Perempuan,Siang,18,≤20 th,Lunas,Tidak,Tidak,Ya,125.5,142.0,8,7,12.86,8,7,12.86,0.875,0.875,0.1418,Aman,Rendah
JJI-00024,Graduate,0,Advertising & Marketing Management,Fase 1 - kuota umum,Lajang,Perempuan,Siang,19,≤20 th,Lunas,Tidak,Ya,Ya,114.9,125.0,6,6,13.38,6,6,12.29,1.0,1.0,0.1168,Aman,Rendah
JJI-00025,Graduate,0,Nursing,Fase 1 - kuota umum,Lajang,Perempuan,Siang,19,≤20 th,Lunas,Tidak,Tidak,Tidak,123.9,126.0,7,6,13.3,8,7,14.11,0.857,0.875,0.0881,Aman,Rendah
JJI-00026,Enrolled,0,Social Service,Fase 1 - kuota umum,Lajang,Perempuan,Siang,18,≤20 th,Lunas,Ya,Ya,Ya,157.0,151.0,6,5,11.6,6,4,11.0,0.833,0.667,0.2439,Aman,Rendah
JJI-00027,Graduate,0,Social Service,Fase 2 - kuota umum,Lajang,Perempuan,Siang,21,21-23 th,Lunas,Tidak,Tidak,Ya,116.4,115.0,6,6,11.38,6,6,13.29,1.0,1.0,0.1113,Aman,Rendah
JJI-00028,Enrolled,0,Veterinary Nursing,Fase 1 - kuota umum,Lajang,Perempuan,Siang,18,≤20 th,Lunas,Tidak,Tidak,Ya,131.0,138.0,5,5,12.67,5,4,13.0,1.0,0.8,0.147,Aman,Rendah
JJI-00029,Graduate,0,Management,Fase 1 - kuota umum,Lajang,Perempuan,Siang,20,≤20 th,Lunas,Tidak,Tidak,Ya,122.1,135.0,5,5,12.0,5,5,12.33,1.0,1.0,0.1327,Aman,Rendah
JJI-00030,Enrolled,0,Nursing,Fase 2 - kuota umum,Lajang,Laki-laki,Siang,19,≤20 th,Lunas,Tidak,Tidak,Ya,118.8,127.0,7,6,12.93,7,6,13.72,0.857,0.857,0.219,Aman,Rendah
JJI-00031,Enrolled,0,Agronomy,Pemegang diploma spesialisasi teknologi,Lajang,Laki-laki,Siang,21,21-23 th,Lunas,Tidak,Tidak,Tidak,150.0,150.0,6,5,11.86,6,5,10.57,0.833,0.833,0.2173,Aman,Rendah
JJI-00032,Graduate,0,Communication Design,Pindah institusi/prodi,Lajang,Laki-laki,Siang,20,≤20 th,Lunas,Tidak,Tidak,Ya,130.0,125.0,6,6,12.83,6,4,13.4,1.0,0.667,0.343,Aman,Sedang
JJI-00033,Enrolled,0,Management,Fase 1 - kuota umum,Lajang,Laki-laki,Siang,18,≤20 th,Menunggak,Tidak,Tidak,Tidak,138.8,143.0,5,3,11.33,5,2,13.5,0.6,0.4,0.7589,Berisiko,Sangat Tinggi
JJI-00034,Graduate,0,Social Service (kelas malam),Fase 3 - kuota umum,Lajang,Perempuan,Malam,19,≤20 th,Lunas,Tidak,Tidak,Ya,134.5,138.0,6,6,12.67,6,6,14.38,1.0,1.0,0.0993,Aman,Rendah
JJI-00035,Graduate,0,Management (kelas malam),Fase 1 - kuota umum,Lajang,Laki-laki,Malam,34,28-35 th,Lunas,Tidak,Tidak,Tidak,131.4,130.0,5,5,12.4,5,5,13.43,1.0,1.0,0.2525,Aman,Sedang
JJI-00036,Dropout,1,Biofuel Production Technologies,Usia di atas 23 tahun,Lajang,Laki-laki,Siang,37,>35 th,Menunggak,Ya,Tidak,Tidak,102.5,130.0,7,0,0.0,7,1,10.0,0.0,0.143,0.9958,Berisiko,Sangat Tinggi
JJI-00037,Dropout,1,Informatics Engineering,Usia di atas 23 tahun,Lajang,Laki-laki,Siang,43,>35 th,Lunas,Tidak,Tidak,Ya,128.8,133.1,5,0,0.0,5,0,0.0,0.0,0.0,0.9867,Berisiko,Sangat Tinggi
JJI-00038,Dropout,1,Management,Pindah program studi,Lajang,Perempuan,Siang,55,>35 th,Lunas,Tidak,Tidak,Tidak,122.9,140.0,5,1,10.0,5,2,12.0,0.2,0.4,0.8449,Berisiko,Sangat Tinggi
JJI-00039,Graduate,0,Management (kelas malam),Usia di atas 23 tahun,Bercerai,Perempuan,Malam,39,>35 th,Lunas,Tidak,Tidak,Ya,113.9,120.0,5,5,11.0,5,5,11.6,1.0,1.0,0.3083,Aman,Sedang
JJI-00040,Dropout,1,Equinculture,Pemegang diploma spesialisasi teknologi,Lajang,Perempuan,Siang,20,≤20 th,Menunggak,Ya,Tidak,Tidak,120.0,120.0,6,3,11.67,6,3,12.0,0.5,0.5,0.8903,Berisiko,Sangat Tinggi
JJI-00041,Dropout,1,Journalism & Communication,Fase 1 - kuota umum,Lajang,Perempuan,Siang,18,≤20 th,Lunas,Ya,Tidak,Tidak,121.1,126.0,6,4,12.75,5,0,0.0,0.667,0.0,0.9237,Berisiko,Sangat Tinggi
JJI-00042,Graduate,0,Management,Fase 1 - kuota umum,Lajang,Perempuan,Siang,22,21-23 th,Lunas,Tidak,Tidak,Ya,120.4,133.0,5,5,14.8,5,5,15.8,1.0,1.0,0.1029,Aman,Rendah
JJI-00043,Graduate,0,Nursing,Fase 1 - kuota umum,Lajang,Perempuan,Siang,22,21-23 th,Lunas,Tidak,Tidak,Ya,100.6,103.0,7,5,13.93,8,7,14.34,0.714,0.875,0.1679,Aman,Rendah
JJI-00044,Dropout,1,Journalism & Communication,Fase 2 - kuota umum,Lajang,Perempuan,Siang,20,≤20 th,Menunggak,Tidak,Tidak,Tidak,121.4,120.0,6,4,13.0,6,5,13.8,0.667,0.833,0.6134,Berisiko,Tinggi
JJI-00045,Dropout,1,Management (kelas malam),Usia di atas 23 tahun,Lajang,Perempuan,Malam,29,28-35 th,Lunas,Tidak,Tidak,Tidak,109.7,133.1,5,0,0.0,5,0,0.0,0.0,0.0,0.9542,Berisiko,Sangat Tinggi
JJI-00046,Enrolled,0,Management (kelas malam),Fase 2 - kuota umum,Lajang,Perempuan,Malam,24,24-27 th,Lunas,Tidak,Tidak,Tidak,134.1,154.0,5,2,11.5,5,3,14.33,0.4,0.6,0.4596,Berisiko,Tinggi
JJI-00047,Graduate,0,Social Service,Fase 2 - kuota umum,Lajang,Perempuan,Siang,18,≤20 th,Lunas,Tidak,Tidak,Ya,127.6,130.0,6,6,11.67,6,5,13.2,1.0,0.833,0.143,Aman,Rendah
JJI-00048,Graduate,0,Nursing,Fase 2 - kuota umum,Lajang,Perempuan,Siang,22,21-23 th,Lunas,Tidak,Ya,Ya,132.4,132.0,7,6,13.52,8,7,13.77,0.857,0.875,0.1299,Aman,Rendah
JJI-00049,Graduate,0,Social Service (kelas malam),Pemegang diploma spesialisasi teknologi,Lajang,Perempuan,Malam,21,21-23 th,Lunas,Tidak,Ya,Tidak,133.4,130.0,6,6,11.5,6,6,13.29,1.0,1.0,0.0514,Aman,Rendah
JJI-00050,Graduate,0,Social Service,Fase 1 - kuota umum,Lajang,Perempuan,Siang,19,≤20 th,Lunas,Tidak,Ya,Tidak,126.1,139.0,6,5,12.33,6,6,12.83,0.833,1.0,0.0521,Aman,Rendah
JJI-00051,Graduate,0,Tourism,Usia di atas 23 tahun,Lajang,Perempuan,Siang,24,24-27 th,Lunas,Tidak,Ya,Tidak,113.5,130.0,6,6,13.67,6,6,14.17,1.0,1.0,0.0911,Aman,Rendah
JJI-00052,Enrolled,0,Nursing,Fase 1 - kuota umum,Lajang,Perempuan,Siang,19,≤20 th,Lunas,Tidak,Ya,Ya,121.3,139.0,8,6,11.83,8,6,11.83,0.75,0.75,0.1695,Aman,Rendah
JJI-00053,Enrolled,0,Journalism & Communication,Fase 1 - kuota umum,Lajang,Perempuan,Siang,20,≤20 th,Lunas,Tidak,Ya,Ya,121.8,127.0,6,4,14.0,6,3,11.0,0.667,0.5,0.4309,Berisiko,Tinggi
JJI-00054,Graduate,0,Equinculture,Fase 1 - kuota umum,Lajang,Perempuan,Siang,19,≤20 th,Lunas,Tidak,Tidak,Tidak,159.3,167.0,5,5,14.71,5,5,15.8,1.0,1.0,0.1173,Aman,Rendah
JJI-00055,Dropout,1,Management (kelas malam),Usia di atas 23 tahun,Lajang,Perempuan,Malam,27,24-27 th,Lunas,Tidak,Tidak,Tidak,120.0,130.0,5,5,10.6,5,5,11.0,1.0,1.0,0.2198,Aman,Rendah
JJI-00056,Graduate,0,Nursing,Fase 1 - kuota umum,Lajang,Perempuan,Siang,18,≤20 th,Lunas,Tidak,Tidak,Ya,129.1,130.0,7,7,13.04,8,8,13.6,1.0,1.0,0.0667,Aman,Rendah
JJI-00057,Dropout,1,Tourism,Pemegang gelar pendidikan tinggi lain,Menikah,Perempuan,Siang,39,>35 th,Lunas,Tidak,Tidak,Tidak,130.0,130.0,6,0,0.0,6,0,0.0,0.0,0.0,0.986,Berisiko,Sangat Tinggi
JJI-00058,Dropout,1,Equinculture,Usia di atas 23 tahun,Lajang,Perempuan,Siang,27,24-27 th,Lunas,Tidak,Tidak,Ya,155.3,129.0,6,5,13.0,11,10,12.9,0.833,0.909,0.2019,Aman,Rendah
JJI-00059,Graduate,0,Nursing,Fase 2 - kuota umum,Lajang,Perempuan,Siang,18,≤20 th,Lunas,Tidak,Tidak,Ya,139.8,141.0,8,8,14.94,8,8,14.94,1.0,1.0,0.0683,Aman,Rendah
JJI-00060,Enrolled,0,Animation & Multimedia Design,Fase 1 - kuota umum,Lajang,Perempuan,Siang,18,≤20 th,Lunas,Tidak,Tidak,Ya,115.2,125.0,0,0,0.0,0,0,0.0,,,0.5047,Berisiko,Tinggi
JJI-00061,Graduate,0,Nursing,Fase 1 - kuota umum,Lajang,Perempuan,Siang,18,≤20 th,Lunas,Tidak,Tidak,Tidak,114.9,125.0,7,6,13.13,8,7,12.22,0.857,0.875,0.1028,Aman,Rendah
JJI-00062,Graduate,0,Social Service,Pemegang diploma spesialisasi teknologi,Lajang,Perempuan,Siang,21,21-23 th,Lunas,Tidak,Ya,Tidak,131.9,130.0,6,6,12.0,6,6,12.0,1.0,1.0,0.0579,Aman,Rendah
JJI-00063,Enrolled,0,Animation & Multimedia Design,Fase 2 - kuota umum,Lajang,Laki-laki,Siang,19,≤20 th,Lunas,Tidak,Ya,Ya,126.0,133.0,0,0,0.0,0,0,0.0,,,0.5723,Berisiko,Tinggi
JJI-00064,Enrolled,0,Communication Design,Fase 2 - kuota umum,Lajang,Laki-laki,Siang,19,≤20 th,Lunas,Tidak,Tidak,Ya,130.2,127.0,6,5,11.4,6,1,10.0,0.833,0.167,0.7294,Berisiko,Tinggi
JJI-00065,Enrolled,0,Communication Design,Pindah program studi,Lajang,Laki-laki,Siang,24,24-27 th,Lunas,Tidak,Tidak,Tidak,120.9,116.0,6,0,0.0,6,0,0.0,0.0,0.0,0.9699,Berisiko,Sangat Tinggi
JJI-00066,Dropout,1,Nursing,Transfer,Bercerai,Laki-laki,Siang,29,28-35 th,Lunas,Tidak,Tidak,Ya,126.0,133.1,7,5,11.9,8,5,11.0,0.714,0.625,0.4999,Berisiko,Tinggi
JJI-00067,Graduate,0,Animation & Multimedia Design,Fase 1 - kuota umum,Lajang,Laki-laki,Siang,19,≤20 th,Lunas,Tidak,Ya,Ya,128.2,139.0,0,0,0.0,0,0,0.0,,,0.495,Berisiko,Tinggi
JJI-00068,Graduate,0,Agronomy,Pemegang diploma spesialisasi teknologi,Lajang,Laki-laki,Siang,23,21-23 th,Lunas,Tidak,Tidak,Ya,130.0,130.0,6,6,12.57,6,6,12.43,1.0,1.0,0.1546,Aman,Rendah
JJI-00069,Dropout,1,Management,Fase 1 - kuota umum,Lajang,Laki-laki,Siang,19,≤20 th,Lunas,Ya,Tidak,Tidak,120.1,125.0,5,5,11.2,5,4,10.75,1.0,0.8,0.3548,Aman,Sedang
JJI-00070,Enrolled,0,Tourism,Usia di atas 23 tahun,Lajang,Laki-laki,Siang,26,24-27 th,Lunas,Tidak,Tidak,Tidak,100.0,160.0,6,6,12.0,6,5,10.8,1.0,0.833,0.3348,Aman,Sedang
JJI-00071,Enrolled,0,Management,Fase 2 - kuota umum,Lajang,Laki-laki,Siang,18,≤20 th,Lunas,Tidak,Tidak,Tidak,134.0,148.0,5,0,0.0,5,0,0.0,0.0,0.0,0.9346,Berisiko,Sangat Tinggi
JJI-00072,Graduate,0,Nursing,Fase 2 - kuota umum,Lajang,Laki-laki,Siang,24,24-27 th,Lunas,Tidak,Tidak,Tidak,130.8,150.0,7,7,11.98,8,8,13.75,1.0,1.0,0.1105,Aman,Rendah
JJI-00073,Dropout,1,Animation & Multimedia Design,Fase 1 - kuota umum,Lajang,Laki-laki,Siang,19,≤20 th,Lunas,Tidak,Tidak,Ya,135.8,141.0,0,0,0.0,0,0,0.0,,,0.5257,Berisiko,Tinggi
JJI-00074,Dropout,1,Tourism,Fase 2 - kuota umum,Lajang,Laki-laki,Siang,18,≤20 th,Lunas,Tidak,Tidak,Ya,111.7,118.0,6,3,11.67,6,1,12.0,0.5,0.167,0.8369,Berisiko,Sangat Tinggi
JJI-00075,Graduate,0,Journalism & Communication,Fase 1 - kuota umum,Lajang,Laki-laki,Siang,18,≤20 th,Lunas,Tidak,Tidak,Ya,132.9,142.0,6,6,12.33,6,3,12.33,1.0,0.5,0.483,Berisiko,Tinggi
JJI-00076,Dropout,1,Management,Fase 2 - kuota umum,Lajang,Laki-laki,Siang,18,≤20 th,Lunas,Ya,Tidak,Ya,115.5,120.0,5,3,10.33,5,3,10.86,0.6,0.6,0.6426,Berisiko,Tinggi
JJI-00077,Dropout,1,Tourism,Fase 3 - kuota umum,Lajang,Laki-laki,Siang,21,21-23 th,Lunas,Tidak,Ya,Ya,106.0,106.0,6,4,10.5,6,1,11.0,0.667,0.167,0.7381,Berisiko,Tinggi
JJI-00078,Graduate,0,Journalism & Communication,Fase 2 - kuota umum,Lajang,Laki-laki,Siang,19,≤20 th,Lunas,Ya,Ya,Ya,120.3,121.0,6,6,13.67,6,6,13.33,1.0,1.0,0.2406,Aman,Rendah
JJI-00079,Graduate,0,Nursing,Fase 2 - kuota umum,Lajang,Laki-laki,Siang,22,21-23 th,Lunas,Tidak,Ya,Tidak,130.8,150.0,7,7,14.84,8,8,15.06,1.0,1.0,0.0757,Aman,Rendah
JJI-00080,Graduate,0,Social Service (kelas malam),Usia di atas 23 tahun,Menikah,Laki-laki,Malam,33,28-35 th,Lunas,Tidak,Tidak,Tidak,117.0,120.0,6,6,12.0,6,6,11.67,1.0,1.0,0.1955,Aman,Rendah
JJI-00081,Dropout,1,Basic Education,Fase 1 - kuota umum,Lajang,Laki-laki,Siang,20,≤20 th,Lunas,Tidak,Tidak,Ya,110.2,114.0,6,5,12.2,6,5,12.2,0.833,0.833,0.4391,Berisiko,Tinggi
JJI-00082,Dropout,1,Management (kelas malam),Usia di atas 23 tahun,Lajang,Laki-laki,Malam,35,28-35 th,Lunas,Tidak,Tidak,Ya,155.7,140.0,1,0,0.0,5,0,0.0,0.0,0.0,0.9551,Berisiko,Sangat Tinggi
JJI-00083,Dropout,1,Agronomy,Usia di atas 23 tahun,Lajang,Laki-laki,Siang,24,24-27 th,Lunas,Ya,Tidak,Tidak,180.4,160.0,12,6,12.17,12,10,13.3,0.5,0.833,0.5027,Berisiko,Tinggi
JJI-00084,Enrolled,0,Tourism,Fase 2 - kuota umum,Lajang,Laki-laki,Siang,18,≤20 th,Lunas,Tidak,Tidak,Tidak,125.5,120.0,5,5,12.0,5,3,11.33,1.0,0.6,0.38,Aman,Sedang
JJI-00085,Graduate,0,Social Service (kelas malam),Usia di atas 23 tahun,Menikah,Perempuan,Malam,33,28-35 th,Lunas,Tidak,Tidak,Ya,110.0,130.0,6,6,11.0,6,5,11.0,1.0,0.833,0.2615,Aman,Sedang
JJI-00086,Graduate,0,Nursing,Transfer,Lajang,Perempuan,Siang,22,21-23 th,Lunas,Tidak,Ya,Ya,161.0,160.0,8,7,13.08,8,7,13.08,0.875,0.875,0.1406,Aman,Rendah
JJI-00087,Graduate,0,Advertising & Marketing Management,Usia di atas 23 tahun,Lajang,Perempuan,Siang,25,24-27 th,Lunas,Tidak,Ya,Tidak,100.0,120.0,5,4,10.5,5,5,11.6,0.8,1.0,0.2014,Aman,Rendah
JJI-00088,Graduate,0,Communication Design,Fase 2 - kuota umum,Lajang,Laki-laki,Siang,20,≤20 th,Lunas,Tidak,Tidak,Ya,117.6,124.0,6,6,10.67,6,5,11.2,1.0,0.833,0.2967,Aman,Sedang
JJI-00089,Enrolled,0,Management,Fase 1 - kuota umum,Lajang,Laki-laki,Siang,23,21-23 th,Lunas,Tidak,Tidak,Ya,128.7,143.0,5,4,14.0,5,5,13.8,0.8,1.0,0.2308,Aman,Rendah
JJI-00090,Enrolled,0,Informatics Engineering,Pindah program studi,Lajang,Laki-laki,Siang,18,≤20 th,Lunas,Ya,Tidak,Ya,112.2,115.0,5,2,10.0,5,0,0.0,0.4,0.0,0.9626,Berisiko,Sangat Tinggi
JJI-00091,Dropout,1,Nursing,Usia di atas 23 tahun,Lajang,Laki-laki,Siang,24,24-27 th,Lunas,Tidak,Tidak,Tidak,100.8,133.1,7,0,0.0,7,0,0.0,0.0,0.0,0.985,Berisiko,Sangat Tinggi
JJI-00092,Graduate,0,Journalism & Communication,Fase 2 - kuota umum,Lajang,Perempuan,Siang,21,21-23 th,Menunggak,Tidak,Tidak,Ya,105.0,133.1,6,6,14.0,6,6,13.5,1.0,1.0,0.4915,Berisiko,Tinggi
JJI-00093,Dropout,1,Equinculture,Mahasiswa internasional (S1),Lajang,Perempuan,Siang,26,24-27 th,Lunas,Tidak,Tidak,Tidak,100.0,133.1,6,2,12.0,6,0,0.0,0.333,0.0,0.9597,Berisiko,Sangat Tinggi
JJI-00094,Dropout,1,Basic Education,Usia di atas 23 tahun,Menikah,Perempuan,Siang,39,>35 th,Lunas,Tidak,Tidak,Tidak,115.5,133.1,6,3,12.67,6,0,0.0,0.5,0.0,0.9786,Berisiko,Sangat Tinggi
JJI-00095,Graduate,0,Social Service (kelas malam),Usia di atas 23 tahun,Menikah,Perempuan,Malam,44,>35 th,Lunas,Tidak,Tidak,Tidak,114.0,133.1,8,8,11.88,6,6,12.33,1.0,1.0,0.2011,Aman,Rendah
JJI-00096,Enrolled,0,Informatics Engineering,Mahasiswa internasional (S1),Lajang,Laki-laki,Siang,19,≤20 th,Lunas,Tidak,Tidak,Ya,137.0,130.0,5,5,14.0,5,3,13.25,1.0,0.6,0.3206,Aman,Sedang
JJI-00097,Graduate,0,Journalism & Communication,Fase 1 - kuota umum,Lajang,Perempuan,Siang,18,≤20 th,Lunas,Tidak,Tidak,Ya,124.9,135.0,6,6,13.67,6,6,13.33,1.0,1.0,0.1455,Aman,Rendah
JJI-00098,Graduate,0,Nursing,Fase 1 - kuota umum,Lajang,Perempuan,Siang,18,≤20 th,Lunas,Tidak,Ya,Ya,120.3,132.0,7,7,13.75,8,8,14.48,1.0,1.0,0.0438,Aman,Rendah
JJI-00099,Enrolled,0,Veterinary Nursing,Fase 1 - kuota umum,Lajang,Perempuan,Siang,19,≤20 th,Lunas,Tidak,Tidak,Ya,134.3,135.0,5,5,14.2,5,5,13.8,1.0,1.0,0.1014,Aman,Rendah
JJI-00100,Dropout,1,Nursing,Fase 1 - kuota umum,Lajang,Perempuan,Siang,19,≤20 th,Menunggak,Ya,Tidak,Ya,111.5,115.0,7,4,11.96,7,0,0.0,0.571,0.0,0.9886,Berisiko,Sangat Tinggi
JJI-00101,Dropout,1,Veterinary Nursing,Pemegang diploma short cycle,Lajang,Perempuan,Siang,21,21-23 th,Lunas,Tidak,Tidak,Tidak,128.8,130.0,10,8,12.88,9,5,13.4,0.8,0.556,0.3606,Aman,Sedang
JJI-00102,Graduate,0,Animation & Multimedia Design,Fase 1 - kuota umum,Lajang,Perempuan,Siang,20,≤20 th,Lunas,Tidak,Tidak,Ya,110.0,133.1,0,0,0.0,0,0,0.0,,,0.5525,Berisiko,Tinggi
JJI-00103,Dropout,1,Social Service (kelas malam),Usia di atas 23 tahun,Menikah,Perempuan,Malam,36,>35 th,Lunas,Tidak,Tidak,Ya,113.5,130.0,6,0,0.0,6,0,0.0,0.0,0.0,0.9691,Berisiko,Sangat Tinggi
JJI-00104,Graduate,0,Agronomy,Usia di atas 23 tahun,Bercerai,Perempuan,Siang,43,>35 th,Lunas,Tidak,Tidak,Tidak,160.0,133.1,18,18,14.63,13,13,14.23,1.0,1.0,0.111,Aman,Rendah
JJI-00105,Dropout,1,Basic Education,Fase 3 - kuota umum,Lajang,Perempuan,Siang,19,≤20 th,Lunas,Tidak,Tidak,Ya,117.4,123.0,6,0,0.0,6,0,0.0,0.0,0.0,0.9738,Berisiko,Sangat Tinggi
JJI-00106,Graduate,0,Communication Design,Pindah institusi/prodi,Lajang,Perempuan,Siang,20,≤20 th,Lunas,Ya,Tidak,Tidak,122.2,130.0,10,10,13.0,11,11,12.27,1.0,1.0,0.1002,Aman,Rendah
JJI-00107,Dropout,1,Social Service,Fase 1 - kuota umum,Lajang,Perempuan,Siang,19,≤20 th,Lunas,Tidak,Tidak,Ya,118.2,122.0,6,0,0.0,6,0,0.0,0.0,0.0,0.9275,Berisiko,Sangat Tinggi
JJI-00108,Dropout,1,Veterinary Nursing,Fase 1 - kuota umum,Lajang,Perempuan,Siang,20,≤20 th,Lunas,Tidak,Tidak,Ya,106.7,113.0,6,4,14.2,6,4,13.25,0.667,0.667,0.2991,Aman,Sedang
JJI-00109,Dropout,1,Nursing,Fase 1 - kuota umum,Lajang,Perempuan,Siang,20,≤20 th,Lunas,Tidak,Tidak,Ya,108.2,111.0,7,6,13.27,7,5,12.3,0.857,0.714,0.2428,Aman,Rendah
JJI-00110,Enrolled,0,Basic Education,Fase 2 - kuota umum,Lajang,Perempuan,Siang,20,≤20 th,Lunas,Tidak,Tidak,Ya,107.0,133.1,7,6,11.67,7,3,13.0,0.857,0.429,0.671,Berisiko,Tinggi
JJI-00111,Graduate,0,Social Service,Fase 1 - kuota umum,Lajang,Perempuan,Siang,18,≤20 th,Lunas,Tidak,Tidak,Ya,136.1,142.0,6,6,13.86,6,6,15.0,1.0,1.0,0.0607,Aman,Rendah
JJI-00112,Enrolled,0,Management,Fase 2 - kuota umum,Lajang,Perempuan,Siang,18,≤20 th,Lunas,Tidak,Ya,Ya,115.3,123.0,5,3,13.0,5,3,11.0,0.6,0.6,0.33,Aman,Sedang
JJI-00113,Graduate,0,Veterinary Nursing,Fase 1 - kuota umum,Lajang,Perempuan,Siang,19,≤20 th,Lunas,Tidak,Tidak,Ya,139.8,131.0,5,5,13.4,5,5,12.8,1.0,1.0,0.1006,Aman,Rendah
JJI-00114,Graduate,0,Journalism & Communication,Fase 1 - kuota umum,Lajang,Perempuan,Siang,18,≤20 th,Lunas,Tidak,Tidak,Ya,157.0,158.0,6,6,12.67,6,6,12.57,1.0,1.0,0.1373,Aman,Rendah
JJI-00115,Dropout,1,Nursing,Fase 2 - kuota umum,Lajang,Perempuan,Siang,18,≤20 th,Lunas,Tidak,Tidak,Ya,131.0,122.0,7,6,12.52,7,6,12.52,0.857,0.857,0.1813,Aman,Rendah
JJI-00116,Enrolled,0,Nursing,Pindah program studi,Lajang,Perempuan,Siang,20,≤20 th,Lunas,Tidak,Tidak,Tidak,100.0,130.0,7,6,11.62,7,7,13.0,0.857,1.0,0.1088,Aman,Rendah
JJI-00117,Enrolled,0,Social Service,Fase 2 - kuota umum,Lajang,Perempuan,Siang,20,≤20 th,Lunas,Tidak,Ya,Ya,140.4,154.0,6,2,10.0,6,4,10.75,0.333,0.667,0.3369,Aman,Sedang
JJI-00118,Enrolled,0,Management,Fase 2 - kuota umum,Lajang,Perempuan,Siang,20,≤20 th,Lunas,Tidak,Tidak,Tidak,113.4,120.0,5,3,10.33,5,3,10.67,0.6,0.6,0.4444,Berisiko,Tinggi
JJI-00119,Graduate,0,Veterinary Nursing,Fase 1 - kuota umum,Lajang,Perempuan,Siang,18,≤20 th,Lunas,Tidak,Tidak,Tidak,137.0,140.0,5,5,13.14,5,5,11.4,1.0,1.0,0.1207,Aman,Rendah
JJI-00120,Graduate,0,Management,Fase 1 - kuota umum,Lajang,Perempuan,Siang,18,≤20 th,Lunas,Tidak,Tidak,Tidak,121.8,127.0,5,5,12.6,5,5,14.0,1.0,1.0,0.085,Aman,Rendah
JJI-00121,Dropout,1,Tourism,Fase 2 - kuota umum,Lajang,Perempuan,Siang,21,21-23 th,Lunas,Tidak,Tidak,Ya,131.0,133.1,6,3,11.0,6,2,11.0,0.5,0.333,0.7154,Berisiko,Tinggi
JJI-00122,Graduate,0,Management,Fase 1 - kuota umum,Lajang,Perempuan,Siang,19,≤20 th,Lunas,Tidak,Tidak,Ya,118.6,120.0,5,5,10.8,5,4,11.25,1.0,0.8,0.2143,Aman,Rendah
JJI-00123,Dropout,1,Animation & Multimedia Design,Fase 1 - kuota umum,Lajang,Perempuan,Siang,19,≤20 th,Lunas,Tidak,Tidak,Tidak,122.3,137.0,0,0,0.0,0,0,0.0,,,0.4734,Berisiko,Tinggi
JJI-00124,Graduate,0,Advertising & Marketing Management,Fase 1 - kuota umum,Lajang,Perempuan,Siang,19,≤20 th,Lunas,Tidak,Ya,Tidak,127.9,131.0,5,5,12.8,5,5,14.2,1.0,1.0,0.0773,Aman,Rendah
JJI-00125,Graduate,0,Veterinary Nursing,Fase 1 - kuota umum,Lajang,Perempuan,Siang,19,≤20 th,Lunas,Tidak,Tidak,Ya,121.3,130.0,6,6,14.17,6,6,12.2,1.0,1.0,0.1146,Aman,Rendah
JJI-00126,Dropout,1,Oral Hygiene,Fase 2 - kuota umum,Lajang,Perempuan,Siang,19,≤20 th,Lunas,Tidak,Tidak,Ya,117.1,122.0,7,5,12.1,7,0,0.0,0.714,0.0,0.9604,Berisiko,Sangat Tinggi
JJI-00127,Graduate,0,Veterinary Nursing,Pemegang diploma spesialisasi teknologi,Lajang,Perempuan,Siang,20,≤20 th,Lunas,Tidak,Tidak,Ya,160.0,160.0,6,6,14.17,6,5,13.78,1.0,0.833,0.1406,Aman,Rendah
JJI-00128,Enrolled,0,Basic Education,Fase 1 - kuota umum,Lajang,Perempuan,Siang,18,≤20 th,Lunas,Tidak,Ya,Ya,145.3,146.0,6,5,12.8,6,5,13.4,0.833,0.833,0.1733,Aman,Rendah
JJI-00129,Graduate,0,Social Service,Fase 2 - kuota umum,Lajang,Perempuan,Siang,18,≤20 th,Lunas,Tidak,Tidak,Ya,122.6,131.0,6,6,13.0,6,6,13.67,1.0,1.0,0.099,Aman,Rendah
JJI-00130,Graduate,0,Nursing,Fase 2 - kuota umum,Lajang,Perempuan,Siang,19,≤20 th,Lunas,Tidak,Tidak,Ya,128.0,132.0,7,7,13.47,8,8,15.01,1.0,1.0,0.0921,Aman,Rendah
JJI-00131,Dropout,1,Nursing,Fase 1 - kuota umum,Lajang,Perempuan,Siang,18,≤20 th,Lunas,Tidak,Ya,Ya,124.9,138.0,7,7,13.24,8,7,13.74,1.0,0.875,0.0658,Aman,Rendah
JJI-00132,Graduate,0,Communication Design,Fase 2 - kuota umum,Lajang,Perempuan,Siang,18,≤20 th,Lunas,Tidak,Tidak,Ya,123.7,130.0,6,6,12.33,6,6,13.0,1.0,1.0,0.1342,Aman,Rendah
JJI-00133,Graduate,0,Management,Fase 1 - kuota umum,Lajang,Perempuan,Siang,19,≤20 th,Lunas,Tidak,Tidak,Ya,120.1,126.0,5,5,12.4,5,5,14.6,1.0,1.0,0.1052,Aman,Rendah
JJI-00134,Dropout,1,Nursing,Fase 2 - kuota umum,Lajang,Perempuan,Siang,19,≤20 th,Lunas,Tidak,Tidak,Ya,131.7,148.0,7,5,14.0,7,0,0.0,0.714,0.0,0.9382,Berisiko,Sangat Tinggi
JJI-00135,Graduate,0,Social Service,Pindah program studi,Lajang,Perempuan,Siang,20,≤20 th,Lunas,Tidak,Tidak,Tidak,133.2,130.0,9,9,11.67,7,7,11.71,1.0,1.0,0.0874,Aman,Rendah
JJI-00136,Dropout,1,Advertising & Marketing Management,Fase 1 - kuota umum,Lajang,Perempuan,Siang,19,≤20 th,Menunggak,Ya,Ya,Tidak,109.3,117.0,6,5,12.0,6,4,12.5,0.833,0.667,0.618,Berisiko,Tinggi
JJI-00137,Graduate,0,Advertising & Marketing Management,Fase 2 - kuota umum,Lajang,Perempuan,Siang,20,≤20 th,Lunas,Tidak,Tidak,Ya,113.0,120.0,5,4,12.2,5,4,11.5,0.8,0.8,0.3497,Aman,Sedang
JJI-00138,Graduate,0,Journalism & Communication,Fase 1 - kuota umum,Lajang,Perempuan,Siang,18,≤20 th,Lunas,Ya,Ya,Tidak,157.9,153.0,6,6,14.83,6,6,14.83,1.0,1.0,0.0942,Aman,Rendah
JJI-00139,Enrolled,0,Nursing,Fase 1 - kuota umum,Lajang,Perempuan,Siang,20,≤20 th,Lunas,Tidak,Ya,Tidak,112.1,117.0,7,5,13.19,8,7,12.89,0.714,0.875,0.0911,Aman,Rendah
JJI-00140,Graduate,0,Nursing,Fase 3 - kuota umum,Lajang,Perempuan,Siang,18,≤20 th,Lunas,Tidak,Tidak,Tidak,174.7,178.0,7,7,17.12,8,8,17.59,1.0,1.0,0.0437,Aman,Rendah
JJI-00141,Graduate,0,Nursing,Fase 1 - kuota umum,Lajang,Perempuan,Siang,19,≤20 th,Lunas,Tidak,Tidak,Ya,128.8,129.0,7,6,12.67,7,6,12.67,0.857,0.857,0.154,Aman,Rendah
JJI-00142,Graduate,0,Journalism & Communication,Fase 1 - kuota umum,Lajang,Perempuan,Siang,19,≤20 th,Lunas,Tidak,Ya,Ya,110.1,116.0,6,6,12.67,6,5,12.0,1.0,0.833,0.2243,Aman,Rendah
JJI-00143,Enrolled,0,Management,Pindah institusi/prodi,Lajang,Perempuan,Siang,22,21-23 th,Menunggak,Ya,Tidak,Ya,99.7,99.0,5,0,0.0,5,0,0.0,0.0,0.0,0.9921,Berisiko,Sangat Tinggi
JJI-00144,Graduate,0,Social Service,Fase 1 - kuota umum,Lajang,Perempuan,Siang,19,≤20 th,Lunas,Tidak,Ya,Ya,121.0,135.0,6,6,11.33,6,6,11.5,1.0,1.0,0.0646,Aman,Rendah
JJI-00145,Graduate,0,Nursing,Fase 1 - kuota umum,Lajang,Perempuan,Siang,19,≤20 th,Lunas,Tidak,Ya,Ya,131.7,141.0,7,7,13.6,8,8,12.33,1.0,1.0,0.0566,Aman,Rendah
JJI-00146,Graduate,0,Basic Education,Fase 2 - kuota umum,Lajang,Perempuan,Siang,19,≤20 th,Lunas,Tidak,Ya,Ya,119.1,132.0,6,5,12.0,6,5,10.8,0.833,0.833,0.3599,Aman,Sedang
JJI-00147,Dropout,1,Tourism,Fase 1 - kuota umum,Lajang,Perempuan,Siang,19,≤20 th,Lunas,Tidak,Tidak,Ya,124.7,132.0,5,0,0.0,5,0,0.0,0.0,0.0,0.9352,Berisiko,Sangat Tinggi
JJI-00148,Dropout,1,Tourism,Fase 2 - kuota umum,Lajang,Perempuan,Siang,20,≤20 th,Lunas,Tidak,Tidak,Ya,117.2,113.0,6,5,11.2,6,3,11.67,0.833,0.5,0.4555,Berisiko,Tinggi
JJI-00149,Graduate,0,Management,Fase 1 - kuota umum,Lajang,Perempuan,Siang,18,≤20 th,Lunas,Tidak,Tidak,Tidak,128.8,134.0,5,5,13.38,5,5,14.17,1.0,1.0,0.0854,Aman,Rendah
JJI-00150,Graduate,0,Nursing,Fase 1 - kuota umum,Lajang,Perempuan,Siang,20,≤20 th,Lunas,Tidak,Ya,Tidak,131.5,136.0,7,6,13.86,8,7,14.18,0.857,0.875,0.0635,Aman,Rendah
JJI-00151,Enrolled,0,Animation & Multimedia Design,Fase 1 - kuota umum,Lajang,Perempuan,Siang,18,≤20 th,Lunas,Tidak,Tidak,Ya,121.7,136.0,0,0,0.0,0,0,0.0,,,0.4901,Berisiko,Tinggi
JJI-00152,Graduate,0,Veterinary Nursing,Fase 1 - kuota umum,Lajang,Perempuan,Siang,19,≤20 th,Lunas,Tidak,Tidak,Tidak,123.4,129.0,5,5,12.4,5,5,13.4,1.0,1.0,0.0798,Aman,Rendah
JJI-00153,Enrolled,0,Basic Education,Fase 2 - kuota umum,Lajang,Perempuan,Siang,18,≤20 th,Lunas,Tidak,Tidak,Ya,124.7,138.0,6,3,12.33,6,5,10.83,0.5,0.833,0.4914,Berisiko,Tinggi
JJI-00154,Graduate,0,Basic Education,Fase 1 - kuota umum,Lajang,Perempuan,Siang,18,≤20 th,Lunas,Tidak,Tidak,Ya,132.8,137.0,6,6,13.33,6,5,11.8,1.0,0.833,0.2738,Aman,Sedang
JJI-00155,Dropout,1,Basic Education,Pindah program studi,Lajang,Perempuan,Siang,21,21-23 th,Lunas,Tidak,Tidak,Ya,108.7,115.0,6,3,12.67,6,3,10.0,0.5,0.5,0.7187,Berisiko,Tinggi
JJI-00156,Dropout,1,Basic Education,Fase 1 - kuota umum,Lajang,Perempuan,Siang,19,≤20 th,Lunas,Tidak,Tidak,Tidak,138.1,129.0,6,6,12.0,6,4,11.5,1.0,0.667,0.3353,Aman,Sedang
JJI-00157,Graduate,0,Management,Fase 1 - kuota umum,Lajang,Perempuan,Siang,18,≤20 th,Lunas,Tidak,Ya,Tidak,126.5,131.0,5,5,10.6,5,5,11.8,1.0,1.0,0.0667,Aman,Rendah
JJI-00158,Graduate,0,Social Service,Fase 2 - kuota umum,Lajang,Perempuan,Siang,18,≤20 th,Lunas,Tidak,Ya,Ya,127.4,133.0,6,6,12.25,6,6,11.86,1.0,1.0,0.0714,Aman,Rendah
JJI-00159,Graduate,0,Social Service,Fase 1 - kuota umum,Lajang,Perempuan,Siang,20,≤20 th,Lunas,Tidak,Tidak,Ya,123.6,125.0,6,4,11.0,6,6,11.83,0.667,1.0,0.145,Aman,Rendah
JJI-00160,Graduate,0,Social Service (kelas malam),Usia di atas 23 tahun,Lajang,Perempuan,Malam,24,24-27 th,Lunas,Tidak,Ya,Tidak,122.0,120.0,6,5,11.0,6,5,12.6,0.833,0.833,0.1507,Aman,Rendah
JJI-00161,Dropout,1,Advertising & Marketing Management,Fase 1 - kuota umum,Lajang,Perempuan,Siang,19,≤20 th,Lunas,Tidak,Tidak,Tidak,118.2,128.0,6,6,13.17,6,6,13.0,1.0,1.0,0.094,Aman,Rendah
JJI-00162,Graduate,0,Nursing,Fase 1 - kuota umum,Lajang,Perempuan,Siang,18,≤20 th,Lunas,Tidak,Ya,Ya,123.9,127.0,7,7,12.86,8,7,12.76,1.0,0.875,0.0607,Aman,Rendah
JJI-00163,Graduate,0,Nursing,Fase 1 - kuota umum,Lajang,Perempuan,Siang,18,≤20 th,Lunas,Tidak,Tidak,Ya,125.8,134.0,7,7,14.92,8,8,15.36,1.0,1.0,0.055,Aman,Rendah
JJI-00164,Dropout,1,Basic Education,Fase 2 - kuota umum,Lajang,Perempuan,Siang,21,21-23 th,Lunas,Tidak,Tidak,Ya,123.3,132.0,6,4,11.5,6,3,11.0,0.667,0.5,0.7292,Berisiko,Tinggi
JJI-00165,Graduate,0,Advertising & Marketing Management,Fase 2 - kuota umum,Lajang,Perempuan,Siang,19,≤20 th,Lunas,Tidak,Tidak,Tidak,124.4,124.0,5,5,14.2,5,5,14.2,1.0,1.0,0.1481,Aman,Rendah
JJI-00166,Graduate,0,Journalism & Communication,Fase 2 - kuota umum,Lajang,Perempuan,Siang,19,≤20 th,Lunas,Tidak,Ya,Tidak,126.0,133.1,6,6,12.5,6,6,13.0,1.0,1.0,0.0974,Aman,Rendah
JJI-00167,Enrolled,0,Agronomy,Usia di atas 23 tahun,Janda/Duda,Perempuan,Siang,47,>35 th,Lunas,Ya,Tidak,Tidak,170.0,170.0,1,0,0.0,6,0,0.0,0.0,0.0,0.9743,Berisiko,Sangat Tinggi
JJI-00168,Graduate,0,Social Service,Fase 2 - kuota umum,Lajang,Perempuan,Siang,19,≤20 th,Lunas,Tidak,Tidak,Tidak,121.5,125.0,6,5,11.67,6,4,11.0,0.833,0.667,0.2842,Aman,Sedang
JJI-00169,Graduate,0,Nursing,Usia di atas 23 tahun,Lajang,Perempuan,Siang,29,28-35 th,Lunas,Tidak,Tidak,Tidak,130.0,130.0,8,7,14.26,8,7,14.26,0.875,0.875,0.167,Aman,Rendah
JJI-00170,Dropout,1,Social Service,Pindah program studi,Lajang,Perempuan,Siang,21,21-23 th,Lunas,Tidak,Tidak,Ya,117.0,125.0,6,3,12.0,6,2,11.33,0.5,0.333,0.6102,Berisiko,Tinggi
JJI-00171,Enrolled,0,Veterinary Nursing,Usia di atas 23 tahun,Lajang,Perempuan,Siang,28,28-35 th,Lunas,Tidak,Tidak,Ya,130.0,130.0,5,4,11.25,5,4,10.5,0.8,0.8,0.3569,Aman,Sedang
JJI-00172,Graduate,0,Oral Hygiene,Fase 2 - kuota umum,Lajang,Perempuan,Siang,20,≤20 th,Lunas,Tidak,Tidak,Tidak,108.0,133.1,7,7,12.46,8,8,13.56,1.0,1.0,0.0934,Aman,Rendah
JJI-00173,Graduate,0,Nursing,Fase 2 - kuota umum,Lajang,Perempuan,Siang,19,≤20 th,Lunas,Tidak,Tidak,Ya,132.3,131.0,7,6,11.68,7,6,11.68,0.857,0.857,0.1965,Aman,Rendah
JJI-00174,Graduate,0,Social Service (kelas malam),Transfer,Lajang,Perempuan,Malam,26,24-27 th,Lunas,Tidak,Tidak,Tidak,148.0,150.0,6,3,11.67,6,5,12.0,0.5,0.833,0.3213,Aman,Sedang
JJI-00175,Dropout,1,Tourism,Fase 2 - kuota umum,Lajang,Perempuan,Siang,20,≤20 th,Menunggak,Ya,Tidak,Ya,122.6,125.0,6,4,11.75,6,6,13.17,0.667,1.0,0.6568,Berisiko,Tinggi
JJI-00176,Enrolled,0,Advertising & Marketing Management,Fase 1 - kuota umum,Lajang,Perempuan,Siang,18,≤20 th,Lunas,Tidak,Ya,Ya,123.0,131.0,5,3,11.67,5,4,13.5,0.6,0.8,0.1674,Aman,Rendah
JJI-00177,Graduate,0,Basic Education,Usia di atas 23 tahun,Lajang,Perempuan,Siang,27,24-27 th,Lunas,Tidak,Tidak,Tidak,102.5,130.0,6,5,13.2,6,5,12.0,0.833,0.833,0.4224,Berisiko,Tinggi
JJI-00178,Dropout,1,Nursing,Fase 1 - kuota umum,Lajang,Perempuan,Siang,20,≤20 th,Lunas,Tidak,Tidak,Ya,113.3,123.0,7,4,11.95,7,4,11.95,0.571,0.571,0.4045,Aman,Sedang
JJI-00179,Dropout,1,Basic Education,Fase 1 - kuota umum,Lajang,Perempuan,Siang,18,≤20 th,Lunas,Tidak,Tidak,Ya,133.0,141.0,6,5,12.4,6,5,10.4,0.833,0.833,0.368,Aman,Sedang
JJI-00180,Dropout,1,Nursing,Pemegang gelar pendidikan tinggi lain,Lajang,Perempuan,Siang,33,28-35 th,Lunas,Tidak,Tidak,Tidak,140.0,140.0,7,6,14.35,8,6,14.58,0.857,0.75,0.2801,Aman,Sedang
JJI-00181,Graduate,0,Basic Education,Pindah program studi,Lajang,Perempuan,Siang,35,28-35 th,Lunas,Tidak,Tidak,Ya,128.3,140.0,21,21,12.62,19,19,12.79,1.0,1.0,0.1013,Aman,Rendah
JJI-00182,Enrolled,0,Management (kelas malam),Pemegang diploma spesialisasi teknologi,Lajang,Perempuan,Malam,26,24-27 th,Lunas,Tidak,Ya,Tidak,140.0,140.0,6,6,12.67,6,6,13.17,1.0,1.0,0.0938,Aman,Rendah
JJI-00183,Dropout,1,Journalism & Communication,Usia di atas 23 tahun,Lajang,Perempuan,Siang,27,24-27 th,Menunggak,Ya,Tidak,Tidak,104.0,133.1,6,5,12.0,6,0,0.0,0.833,0.0,0.9899,Berisiko,Sangat Tinggi
JJI-00184,Dropout,1,Communication Design,Fase 3 - kuota umum,Lajang,Perempuan,Siang,19,≤20 th,Menunggak,Tidak,Tidak,Ya,122.3,131.0,6,6,12.17,6,0,0.0,1.0,0.0,0.9717,Berisiko,Sangat Tinggi
JJI-00185,Dropout,1,Tourism,Fase 2 - kuota umum,Lajang,Perempuan,Siang,20,≤20 th,Lunas,Tidak,Tidak,Tidak,135.0,143.0,6,0,0.0,6,0,0.0,0.0,0.0,0.9647,Berisiko,Sangat Tinggi
JJI-00186,Dropout,1,Management,Fase 3 - kuota umum,Lajang,Perempuan,Siang,20,≤20 th,Menunggak,Ya,Tidak,Ya,119.1,132.0,5,3,10.0,5,3,10.57,0.6,0.6,0.8549,Berisiko,Sangat Tinggi
JJI-00187,Enrolled,0,Social Service,Pindah program studi,Lajang,Perempuan,Siang,21,21-23 th,Menunggak,Ya,Tidak,Tidak,126.6,143.0,10,8,11.5,6,4,10.0,0.8,0.667,0.7705,Berisiko,Sangat Tinggi
JJI-00188,Graduate,0,Nursing,Fase 2 - kuota umum,Lajang,Perempuan,Siang,18,≤20 th,Lunas,Tidak,Ya,Ya,129.0,141.0,7,6,13.05,7,6,13.05,0.857,0.857,0.1212,Aman,Rendah
JJI-00189,Dropout,1,Veterinary Nursing,Usia di atas 23 tahun,Lajang,Perempuan,Siang,24,24-27 th,Lunas,Tidak,Tidak,Ya,162.3,133.1,6,2,11.0,6,0,0.0,0.333,0.0,0.9427,Berisiko,Sangat Tinggi
JJI-00190,Graduate,0,Communication Design,Fase 2 - kuota umum,Lajang,Perempuan,Siang,20,≤20 th,Lunas,Tidak,Tidak,Ya,163.4,148.0,6,6,11.5,6,6,12.0,1.0,1.0,0.1715,Aman,Rendah
JJI-00191,Graduate,0,Tourism,Fase 1 - kuota umum,Lajang,Perempuan,Siang,21,21-23 th,Lunas,Tidak,Ya,Tidak,121.5,125.0,6,6,12.0,6,6,12.5,1.0,1.0,0.0773,Aman,Rendah
JJI-00192,Enrolled,0,Social Service (kelas malam),Fase 1 - kuota umum,Lajang,Perempuan,Malam,23,21-23 th,Lunas,Tidak,Tidak,Tidak,122.8,120.0,6,2,10.0,5,1,10.0,0.333,0.2,0.6342,Berisiko,Tinggi
JJI-00193,Dropout,1,Management,Usia di atas 23 tahun,Lajang,Perempuan,Siang,24,24-27 th,Lunas,Tidak,Tidak,Ya,118.0,140.0,5,0,0.0,5,0,0.0,0.0,0.0,0.9507,Berisiko,Sangat Tinggi
JJI-00194,Dropout,1,Basic Education,Pindah institusi/prodi,Lajang,Perempuan,Siang,21,21-23 th,Lunas,Tidak,Tidak,Tidak,134.0,139.0,6,0,0.0,6,0,0.0,0.0,0.0,0.9773,Berisiko,Sangat Tinggi
JJI-00195,Graduate,0,Nursing,Fase 1 - kuota umum,Lajang,Perempuan,Siang,18,≤20 th,Lunas,Tidak,Tidak,Ya,129.8,142.0,8,7,12.24,8,7,12.24,0.875,0.875,0.1398,Aman,Rendah
JJI-00196,Dropout,1,Management (kelas malam),Usia di atas 23 tahun,Lajang,Perempuan,Malam,27,24-27 th,Lunas,Tidak,Tidak,Ya,152.0,130.0,5,0,0.0,5,0,0.0,0.0,0.0,0.9609,Berisiko,Sangat Tinggi
JJI-00197,Graduate,0,Nursing,Fase 3 - kuota umum,Lajang,Perempuan,Siang,18,≤20 th,Lunas,Tidak,Tidak,Ya,122.8,126.0,8,8,12.93,8,8,12.93,1.0,1.0,0.095,Aman,Rendah
JJI-00198,Dropout,1,Informatics Engineering,Pemegang gelar pendidikan tinggi lain,Lajang,Perempuan,Siang,35,28-35 th,Lunas,Tidak,Tidak,Tidak,150.0,150.0,5,0,0.0,5,0,0.0,0.0,0.0,0.9646,Berisiko,Sangat Tinggi
JJI-00199,Graduate,0,Basic Education,Fase 1 - kuota umum,Lajang,Perempuan,Siang,18,≤20 th,Lunas,Tidak,Tidak,Tidak,131.8,130.0,7,7,12.57,7,7,14.43,1.0,1.0,0.1058,Aman,Rendah
JJI-00200,Enrolled,0,Nursing,Usia di atas 23 tahun,Lajang,Perempuan,Siang,35,28-35 th,Lunas,Tidak,Tidak,Tidak,105.9,120.0,3,3,11.82,3,3,11.33,1.0,1.0,0.2423,Aman,Rendah
JJI-00201,Graduate,0,Veterinary Nursing,Fase 1 - kuota umum,Lajang,Perempuan,Siang,19,≤20 th,Lunas,Tidak,Tidak,Ya,132.1,138.0,5,4,13.75,5,4,14.33,0.8,0.8,0.1576,Aman,Rendah
JJI-00202,Graduate,0,Social Service,Fase 1 - kuota umum,Lajang,Perempuan,Siang,20,≤20 th,Lunas,Tidak,Tidak,Ya,127.4,127.0,6,6,11.17,6,6,11.33,1.0,1.0,0.1061,Aman,Rendah
JJI-00203,Graduate,0,Nursing,Fase 1 - kuota umum,Lajang,Perempuan,Siang,18,≤20 th,Lunas,Tidak,Tidak,Ya,129.5,140.0,8,7,12.32,8,7,12.32,0.875,0.875,0.1385,Aman,Rendah
JJI-00204,Graduate,0,Social Service,Pemegang diploma spesialisasi teknologi,Lajang,Perempuan,Siang,21,21-23 th,Lunas,Ya,Tidak,Tidak,126.7,130.0,6,6,12.17,6,6,11.71,1.0,1.0,0.1362,Aman,Rendah
JJI-00205,Graduate,0,Social Service,Fase 2 - kuota umum,Lajang,Perempuan,Siang,18,≤20 th,Lunas,Tidak,Ya,Tidak,116.5,128.0,6,5,11.14,6,4,11.25,0.833,0.667,0.1985,Aman,Rendah
JJI-00206,Graduate,0,Social Service,Fase 1 - kuota umum,Lajang,Perempuan,Siang,18,≤20 th,Lunas,Tidak,Tidak,Ya,119.1,132.0,6,4,11.0,6,4,10.75,0.667,0.667,0.2826,Aman,Sedang
JJI-00207,Graduate,0,Nursing,Fase 1 - kuota umum,Lajang,Perempuan,Siang,18,≤20 th,Lunas,Tidak,Tidak,Ya,126.5,149.0,8,7,12.91,8,7,12.91,0.875,0.875,0.1169,Aman,Rendah
JJI-00208,Graduate,0,Journalism & Communication,Fase 1 - kuota umum,Lajang,Perempuan,Siang,18,≤20 th,Lunas,Tidak,Ya,Ya,149.8,155.0,6,6,13.83,6,6,14.17,1.0,1.0,0.0971,Aman,Rendah
JJI-00209,Graduate,0,Veterinary Nursing,Fase 1 - kuota umum,Lajang,Perempuan,Siang,19,≤20 th,Lunas,Tidak,Tidak,Ya,115.1,120.0,6,6,13.86,6,5,13.4,1.0,0.833,0.1318,Aman,Rendah
JJI-00210,Dropout,1,Tourism,Usia di atas 23 tahun,Lajang,Perempuan,Siang,36,>35 th,Lunas,Tidak,Ya,Tidak,124.5,133.1,6,6,13.71,6,5,12.8,1.0,0.833,0.2078,Aman,Rendah
JJI-00211,Graduate,0,Nursing,Fase 1 - kuota umum,Lajang,Perempuan,Siang,18,≤20 th,Lunas,Tidak,Ya,Ya,128.3,131.0,8,7,12.64,8,7,12.64,0.875,0.875,0.0875,Aman,Rendah
JJI-00212,Graduate,0,Nursing,Fase 1 - kuota umum,Lajang,Perempuan,Siang,18,≤20 th,Lunas,Tidak,Ya,Tidak,136.0,149.0,7,6,12.92,7,6,12.92,0.857,0.857,0.0739,Aman,Rendah
JJI-00213,Graduate,0,Equinculture,Pindah program studi,Lajang,Perempuan,Siang,20,≤20 th,Lunas,Tidak,Ya,Ya,140.0,140.0,6,6,15.62,6,6,15.86,1.0,1.0,0.1002,Aman,Rendah
JJI-00214,Dropout,1,Management (kelas malam),Usia di atas 23 tahun,Lajang,Perempuan,Malam,26,24-27 th,Lunas,Tidak,Ya,Tidak,126.3,133.1,5,0,0.0,5,0,0.0,0.0,0.0,0.9397,Berisiko,Sangat Tinggi
JJI-00215,Graduate,0,Journalism & Communication,Pindah program studi,Lajang,Perempuan,Siang,21,21-23 th,Lunas,Tidak,Tidak,Tidak,126.9,122.0,6,6,11.71,6,6,12.0,1.0,1.0,0.1287,Aman,Rendah
JJI-00216,Enrolled,0,Oral Hygiene,Usia di atas 23 tahun,Lajang,Perempuan,Siang,25,24-27 th,Lunas,Tidak,Tidak,Tidak,145.0,130.0,7,6,12.12,8,8,13.31,0.857,1.0,0.1184,Aman,Rendah
JJI-00217,Graduate,0,Management,Fase 3 - kuota umum,Lajang,Perempuan,Siang,19,≤20 th,Lunas,Tidak,Ya,Ya,115.8,121.0,5,5,11.6,5,5,11.6,1.0,1.0,0.1008,Aman,Rendah
JJI-00218,Dropout,1,Social Service (kelas malam),Usia di atas 23 tahun,Lajang,Perempuan,Malam,24,24-27 th,Lunas,Tidak,Tidak,Ya,100.0,120.0,6,1,10.0,6,0,0.0,0.167,0.0,0.9605,Berisiko,Sangat Tinggi
JJI-00219,Dropout,1,Social Service (kelas malam),Usia di atas 23 tahun,Lajang,Perempuan,Malam,27,24-27 th,Lunas,Tidak,Ya,Tidak,102.5,133.1,6,1,10.0,6,0,0.0,0.167,0.0,0.9294,Berisiko,Sangat Tinggi
JJI-00220,Dropout,1,Veterinary Nursing,Fase 2 - kuota umum,Lajang,Perempuan,Siang,21,21-23 th,Lunas,Tidak,Tidak,Tidak,131.5,121.0,5,0,0.0,5,2,13.5,0.0,0.4,0.5999,Berisiko,Tinggi
JJI-00221,Graduate,0,Management,Fase 1 - kuota umum,Lajang,Perempuan,Siang,18,≤20 th,Lunas,Tidak,Ya,Tidak,147.0,133.0,5,4,13.0,5,3,12.33,0.8,0.6,0.1593,Aman,Rendah
JJI-00222,Graduate,0,Basic Education,Fase 1 - kuota umum,Menikah,Perempuan,Siang,19,≤20 th,Lunas,Tidak,Ya,Tidak,122.5,134.0,6,6,13.33,6,6,14.5,1.0,1.0,0.0941,Aman,Rendah
JJI-00223,Dropout,1,Tourism,Fase 1 - kuota umum,Lajang,Perempuan,Siang,18,≤20 th,Lunas,Tidak,Tidak,Ya,117.5,115.0,6,4,11.25,6,2,12.5,0.667,0.333,0.5696,Berisiko,Tinggi
JJI-00224,Graduate,0,Nursing,Pindah institusi/prodi,Lajang,Perempuan,Siang,19,≤20 th,Lunas,Tidak,Ya,Tidak,150.0,127.0,7,5,13.85,8,7,12.19,0.714,0.875,0.1123,Aman,Rendah
JJI-00225,Graduate,0,Nursing,Fase 3 - kuota umum,Lajang,Perempuan,Siang,19,≤20 th,Lunas,Tidak,Ya,Ya,127.5,135.0,7,6,13.74,8,7,14.91,0.857,0.875,0.0829,Aman,Rendah
JJI-00226,Graduate,0,Management (kelas malam),Pemegang gelar pendidikan tinggi lain,Menikah,Perempuan,Malam,33,28-35 th,Lunas,Tidak,Tidak,Tidak,140.0,140.0,6,6,15.33,5,5,15.8,1.0,1.0,0.2173,Aman,Rendah
JJI-00227,Graduate,0,Management,Pemegang gelar pendidikan tinggi lain,Menikah,Perempuan,Siang,45,>35 th,Lunas,Tidak,Tidak,Tidak,130.0,130.0,5,5,11.0,5,5,13.8,1.0,1.0,0.266,Aman,Sedang
JJI-00228,Graduate,0,Social Service,Fase 1 - kuota umum,Lajang,Perempuan,Siang,20,≤20 th,Lunas,Tidak,Ya,Tidak,133.3,135.0,6,6,12.0,6,6,12.86,1.0,1.0,0.0431,Aman,Rendah
JJI-00229,Dropout,1,Advertising & Marketing Management,Usia di atas 23 tahun,Lajang,Perempuan,Siang,28,28-35 th,Lunas,Tidak,Tidak,Ya,97.0,140.0,5,0,0.0,5,0,0.0,0.0,0.0,0.9677,Berisiko,Sangat Tinggi
JJI-00230,Graduate,0,Nursing,Pindah program studi,Lajang,Perempuan,Siang,19,≤20 th,Lunas,Tidak,Ya,Ya,112.0,120.0,8,7,11.57,8,7,11.57,0.875,0.875,0.1254,Aman,Rendah
JJI-00231,Graduate,0,Tourism,Fase 1 - kuota umum,Lajang,Perempuan,Siang,18,≤20 th,Lunas,Tidak,Tidak,Ya,123.6,140.0,6,6,12.86,6,3,12.67,1.0,0.5,0.35,Aman,Sedang
JJI-00232,Dropout,1,Tourism,Usia di atas 23 tahun,Lajang,Perempuan,Siang,38,>35 th,Lunas,Tidak,Tidak,Tidak,130.5,133.1,6,0,0.0,6,0,0.0,0.0,0.0,0.978,Berisiko,Sangat Tinggi
JJI-00233,Graduate,0,Advertising & Marketing Management,Fase 1 - kuota umum,Lajang,Perempuan,Siang,19,≤20 th,Lunas,Tidak,Tidak,Tidak,133.3,135.0,5,5,13.0,5,5,13.2,1.0,1.0,0.1256,Aman,Rendah
JJI-00234,Graduate,0,Tourism,Fase 1 - kuota umum,Lajang,Perempuan,Siang,21,21-23 th,Lunas,Tidak,Ya,Tidak,132.1,123.0,6,5,11.0,6,5,12.0,0.833,0.833,0.1346,Aman,Rendah
JJI-00235,Dropout,1,Management,Fase 1 - kuota umum,Lajang,Perempuan,Siang,21,21-23 th,Lunas,Tidak,Tidak,Tidak,100.0,133.1,5,3,12.0,5,1,15.0,0.6,0.2,0.4292,Berisiko,Tinggi
JJI-00236,Graduate,0,Social Service,Fase 1 - kuota umum,Lajang,Perempuan,Siang,22,21-23 th,Lunas,Tidak,Ya,Tidak,140.4,154.0,6,5,12.6,6,6,13.0,0.833,1.0,0.0655,Aman,Rendah
JJI-00237,Graduate,0,Basic Education,Fase 1 - kuota umum,Lajang,Perempuan,Siang,18,≤20 th,Lunas,Tidak,Ya,Tidak,141.7,148.0,6,5,13.4,6,6,13.17,0.833,1.0,0.1053,Aman,Rendah
JJI-00238,Graduate,0,Social Service,Fase 2 - kuota umum,Lajang,Perempuan,Siang,18,≤20 th,Lunas,Tidak,Ya,Tidak,119.7,133.0,6,6,11.33,6,6,11.57,1.0,1.0,0.0739,Aman,Rendah
JJI-00239,Dropout,1,Equinculture,Fase 1 - kuota umum,Lajang,Perempuan,Siang,25,24-27 th,Menunggak,Tidak,Tidak,Ya,122.5,126.0,5,4,13.5,5,4,14.25,0.8,0.8,0.6325,Berisiko,Tinggi
JJI-00240,Dropout,1,Veterinary Nursing,Usia di atas 23 tahun,Lajang,Perempuan,Siang,24,24-27 th,Menunggak,Ya,Tidak,Tidak,140.0,133.1,6,3,11.75,6,3,10.33,0.5,0.5,0.8796,Berisiko,Sangat Tinggi
JJI-00241,Enrolled,0,Nursing,Fase 1 - kuota umum,Lajang,Perempuan,Siang,19,≤20 th,Lunas,Tidak,Tidak,Ya,119.4,125.0,7,6,12.47,7,7,11.46,0.857,1.0,0.1138,Aman,Rendah
JJI-00242,Enrolled,0,Animation & Multimedia Design,Fase 1 - kuota khusus (Madeira),Lajang,Perempuan,Siang,24,24-27 th,Lunas,Tidak,Tidak,Ya,155.0,145.0,17,11,12.91,13,9,13.56,0.647,0.692,0.5834,Berisiko,Tinggi
JJI-00243,Graduate,0,Management,Fase 1 - kuota umum,Lajang,Perempuan,Siang,20,≤20 th,Lunas,Tidak,Ya,Ya,119.1,118.0,5,5,11.6,5,5,13.6,1.0,1.0,0.0737,Aman,Rendah
JJI-00244,Dropout,1,Management,Usia di atas 23 tahun,Lajang,Perempuan,Siang,25,24-27 th,Menunggak,Tidak,Tidak,Tidak,122.7,120.0,5,0,0.0,5,0,0.0,0.0,0.0,0.9825,Berisiko,Sangat Tinggi
JJI-00245,Graduate,0,Management,Fase 1 - kuota umum,Lajang,Perempuan,Siang,20,≤20 th,Lunas,Tidak,Ya,Tidak,117.9,127.0,10,9,12.9,10,10,12.36,0.9,1.0,0.0537,Aman,Rendah
JJI-00246,Graduate,0,Nursing,Pemegang gelar pendidikan tinggi lain,Lajang,Perempuan,Siang,23,21-23 th,Lunas,Tidak,Tidak,Tidak,130.0,130.0,8,8,13.22,8,8,13.22,1.0,1.0,0.099,Aman,Rendah
JJI-00247,Graduate,0,Nursing,Fase 2 - kuota umum,Lajang,Perempuan,Siang,19,≤20 th,Lunas,Tidak,Ya,Ya,120.0,129.0,8,7,13.15,8,7,13.15,0.875,0.875,0.1162,Aman,Rendah
JJI-00248,Dropout,1,Agronomy,Pemegang diploma spesialisasi teknologi,Lajang,Perempuan,Siang,29,28-35 th,Menunggak,Ya,Tidak,Tidak,130.0,130.0,6,3,12.75,6,3,11.33,0.5,0.5,0.8834,Berisiko,Sangat Tinggi
JJI-00249,Graduate,0,Tourism,Fase 1 - kuota umum,Lajang,Perempuan,Siang,21,21-23 th,Lunas,Tidak,Tidak,Ya,116.8,121.0,6,6,11.33,6,4,12.25,1.0,0.667,0.2856,Aman,Sedang
JJI-00250,Graduate,0,Advertising & Marketing Management,Fase 1 - kuota umum,Lajang,Perempuan,Siang,18,≤20 th,Lunas,Tidak,Ya,Ya,123.4,136.0,6,6,13.25,6,5,14.14,1.0,0.833,0.1062,Aman,Rendah
JJI-00251,Enrolled,0,Communication Design,Fase 1 - kuota umum,Lajang,Perempuan,Siang,19,≤20 th,Lunas,Tidak,Tidak,Ya,125.4,125.0,6,5,12.4,6,5,12.4,0.833,0.833,0.2118,Aman,Rendah
JJI-00252,Dropout,1,Journalism & Communication,Fase 1 - kuota umum,Lajang,Perempuan,Siang,18,≤20 th,Lunas,Tidak,Ya,Ya,127.2,131.0,6,6,15.0,6,6,12.83,1.0,1.0,0.0808,Aman,Rendah
JJI-00253,Graduate,0,Veterinary Nursing,Fase 1 - kuota umum,Lajang,Perempuan,Siang,19,≤20 th,Lunas,Tidak,Tidak,Tidak,103.4,122.0,5,5,14.4,5,5,13.0,1.0,1.0,0.0829,Aman,Rendah
JJI-00254,Enrolled,0,Journalism & Communication,Fase 1 - kuota umum,Lajang,Perempuan,Siang,18,≤20 th,Lunas,Tidak,Tidak,Ya,123.2,127.0,6,1,11.0,6,0,0.0,0.167,0.0,0.9487,Berisiko,Sangat Tinggi
JJI-00255,Graduate,0,Management,Fase 2 - kuota umum,Lajang,Perempuan,Siang,18,≤20 th,Lunas,Tidak,Tidak,Tidak,124.1,136.0,5,5,12.4,5,5,10.8,1.0,1.0,0.1264,Aman,Rendah
JJI-00256,Dropout,1,Oral Hygiene,Usia di atas 23 tahun,Menikah,Perempuan,Siang,37,>35 th,Menunggak,Ya,Ya,Ya,99.5,133.1,7,1,16.0,7,0,0.0,0.143,0.0,0.9968,Berisiko,Sangat Tinggi
JJI-00257,Graduate,0,Management (kelas malam),Fase 2 - kuota umum,Lajang,Perempuan,Malam,29,28-35 th,Lunas,Tidak,Tidak,Tidak,124.9,127.0,5,5,13.57,5,5,12.33,1.0,1.0,0.2313,Aman,Rendah
JJI-00258,Enrolled,0,Communication Design,Fase 2 - kuota umum,Lajang,Perempuan,Siang,18,≤20 th,Lunas,Tidak,Tidak,Tidak,110.8,116.0,6,6,11.83,6,6,12.5,1.0,1.0,0.1196,Aman,Rendah
JJI-00259,Graduate,0,Social Service,Fase 1 - kuota umum,Lajang,Perempuan,Siang,19,≤20 th,Lunas,Tidak,Ya,Ya,118.9,121.0,6,5,11.67,6,5,12.67,0.833,0.833,0.0951,Aman,Rendah
JJI-00260,Dropout,1,Social Service,Pindah program studi,Lajang,Perempuan,Siang,22,21-23 th,Menunggak,Ya,Tidak,Ya,118.8,124.0,10,6,11.83,7,2,13.0,0.6,0.286,0.9409,Berisiko,Sangat Tinggi
JJI-00261,Graduate,0,Tourism,Fase 1 - kuota umum,Lajang,Perempuan,Siang,20,≤20 th,Lunas,Tidak,Ya,Tidak,137.0,131.0,6,6,11.17,6,5,10.6,1.0,0.833,0.1159,Aman,Rendah
JJI-00262,Dropout,1,Social Service (kelas malam),Usia di atas 23 tahun,Lajang,Perempuan,Malam,34,28-35 th,Lunas,Tidak,Tidak,Tidak,100.0,100.0,6,0,0.0,6,0,0.0,0.0,0.0,0.9742,Berisiko,Sangat Tinggi
JJI-00263,Dropout,1,Informatics Engineering,Pindah program studi,Lajang,Perempuan,Siang,30,28-35 th,Menunggak,Ya,Tidak,Tidak,120.0,130.0,12,8,11.75,12,6,12.17,0.667,0.5,0.9573,Berisiko,Sangat Tinggi
JJI-00264,Graduate,0,Social Service,Fase 1 - kuota umum,Lajang,Perempuan,Siang,18,≤20 th,Lunas,Tidak,Tidak,Tidak,122.8,135.0,6,6,14.0,6,6,14.0,1.0,1.0,0.0592,Aman,Rendah
JJI-00265,Graduate,0,Social Service,Fase 1 - kuota umum,Lajang,Perempuan,Siang,18,≤20 th,Lunas,Tidak,Tidak,Tidak,121.6,130.0,6,6,12.83,6,6,12.0,1.0,1.0,0.0672,Aman,Rendah
JJI-00266,Graduate,0,Journalism & Communication,Fase 1 - kuota umum,Lajang,Perempuan,Siang,18,≤20 th,Lunas,Tidak,Tidak,Ya,149.2,146.0,6,4,12.25,6,3,11.67,0.667,0.5,0.5321,Berisiko,Tinggi
JJI-00267,Graduate,0,Nursing,Fase 2 - kuota umum,Lajang,Perempuan,Siang,18,≤20 th,Lunas,Tidak,Tidak,Ya,140.0,146.0,8,7,14.83,8,7,14.83,0.875,0.875,0.1472,Aman,Rendah
JJI-00268,Graduate,0,Journalism & Communication,Fase 1 - kuota umum,Lajang,Perempuan,Siang,19,≤20 th,Lunas,Tidak,Ya,Ya,133.4,154.0,6,5,11.4,6,5,12.8,0.833,0.833,0.168,Aman,Rendah
JJI-00269,Graduate,0,Communication Design,Fase 1 - kuota umum,Lajang,Perempuan,Siang,19,≤20 th,Lunas,Tidak,Ya,Ya,126.2,137.0,6,6,13.0,6,6,12.5,1.0,1.0,0.0677,Aman,Rendah
JJI-00270,Graduate,0,Nursing,Fase 1 - kuota umum,Lajang,Perempuan,Siang,18,≤20 th,Lunas,Tidak,Ya,Tidak,127.8,151.0,8,7,13.67,8,7,13.67,0.875,0.875,0.0812,Aman,Rendah
JJI-00271,Graduate,0,Agronomy,Pemegang diploma spesialisasi teknologi,Lajang,Perempuan,Siang,21,21-23 th,Lunas,Tidak,Ya,Tidak,150.0,150.0,6,6,12.67,6,5,12.8,1.0,0.833,0.0867,Aman,Rendah
JJI-00272,Dropout,1,Management,Fase 1 - kuota umum,Lajang,Perempuan,Siang,20,≤20 th,Menunggak,Tidak,Tidak,Ya,113.7,121.0,5,2,10.0,5,1,13.0,0.4,0.2,0.8458,Berisiko,Sangat Tinggi
JJI-00273,Graduate,0,Management,Fase 2 - kuota umum,Lajang,Perempuan,Siang,20,≤20 th,Lunas,Tidak,Tidak,Ya,117.8,122.0,5,5,13.5,5,5,12.33,1.0,1.0,0.141,Aman,Rendah
JJI-00274,Graduate,0,Nursing,Fase 1 - kuota umum,Lajang,Perempuan,Siang,19,≤20 th,Lunas,Tidak,Tidak,Tidak,136.7,143.0,7,7,12.67,8,8,13.55,1.0,1.0,0.0514,Aman,Rendah
JJI-00275,Graduate,0,Social Service,Fase 1 - kuota umum,Lajang,Perempuan,Siang,20,≤20 th,Lunas,Tidak,Tidak,Tidak,144.7,152.0,6,6,14.5,6,6,15.43,1.0,1.0,0.0566,Aman,Rendah
JJI-00276,Graduate,0,Nursing,Fase 2 - kuota umum,Lajang,Perempuan,Siang,18,≤20 th,Lunas,Tidak,Tidak,Ya,139.8,145.0,7,7,13.69,8,8,15.39,1.0,1.0,0.0768,Aman,Rendah
JJI-00277,Dropout,1,Basic Education,Transfer,Lajang,Perempuan,Siang,20,≤20 th,Lunas,Tidak,Tidak,Tidak,113.7,120.0,6,5,11.0,6,3,10.67,0.833,0.5,0.5832,Berisiko,Tinggi
JJI-00278,Dropout,1,Equinculture,Pemegang gelar pendidikan tinggi lain,Menikah,Perempuan,Siang,29,28-35 th,Menunggak,Ya,Tidak,Tidak,140.0,140.0,9,7,11.56,7,5,13.2,0.778,0.714,0.8735,Berisiko,Sangat Tinggi
JJI-00279,Enrolled,0,Nursing,Fase 1 - kuota umum,Lajang,Perempuan,Siang,18,≤20 th,Lunas,Tidak,Ya,Tidak,142.3,143.0,7,7,13.8,8,8,13.78,1.0,1.0,0.033,Aman,Rendah
JJI-00280,Graduate,0,Nursing,Fase 1 - kuota umum,Lajang,Perempuan,Siang,20,≤20 th,Lunas,Tidak,Ya,Ya,119.6,129.0,7,7,14.0,8,7,13.81,1.0,0.875,0.064,Aman,Rendah
JJI-00281,Graduate,0,Management,Fase 1 - kuota khusus (Madeira),Lajang,Perempuan,Siang,22,21-23 th,Lunas,Tidak,Ya,Ya,123.7,139.0,5,4,12.0,5,4,11.4,0.8,0.8,0.1946,Aman,Rendah
JJI-00282,Graduate,0,Social Service (kelas malam),Fase 1 - kuota umum,Bercerai,Perempuan,Malam,47,>35 th,Lunas,Tidak,Ya,Ya,143.0,133.1,6,5,14.17,6,6,14.17,0.833,1.0,0.1261,Aman,Rendah
JJI-00283,Graduate,0,Management (kelas malam),Pindah institusi/prodi,Menikah,Perempuan,Malam,31,28-35 th,Lunas,Tidak,Tidak,Tidak,100.1,127.0,5,5,14.0,5,5,13.8,1.0,1.0,0.2005,Aman,Rendah
JJI-00284,Graduate,0,Communication Design,Fase 1 - kuota umum,Lajang,Perempuan,Siang,21,21-23 th,Lunas,Tidak,Ya,Tidak,119.4,126.0,6,5,13.8,6,6,12.83,0.833,1.0,0.0791,Aman,Rendah
JJI-00285,Graduate,0,Social Service (kelas malam),Fase 1 - kuota umum,Lajang,Perempuan,Malam,21,21-23 th,Lunas,Tidak,Tidak,Tidak,122.1,128.0,6,5,12.8,6,6,11.86,0.833,1.0,0.1008,Aman,Rendah
JJI-00286,Graduate,0,Journalism & Communication,Usia di atas 23 tahun,Menikah,Perempuan,Siang,24,24-27 th,Lunas,Tidak,Tidak,Tidak,100.0,100.0,6,6,12.17,6,6,13.83,1.0,1.0,0.1522,Aman,Rendah
JJI-00287,Enrolled,0,Communication Design,Fase 2 - kuota umum,Lajang,Perempuan,Siang,18,≤20 th,Lunas,Tidak,Tidak,Tidak,113.9,123.0,6,6,12.5,6,6,12.33,1.0,1.0,0.1142,Aman,Rendah
JJI-00288,Graduate,0,Social Service (kelas malam),Usia di atas 23 tahun,Lajang,Perempuan,Malam,32,28-35 th,Lunas,Tidak,Tidak,Tidak,101.0,170.0,6,4,12.0,6,4,11.5,0.667,0.667,0.4958,Berisiko,Tinggi
JJI-00289,Graduate,0,Social Service (kelas malam),Fase 3 - kuota umum,Lajang,Perempuan,Malam,19,≤20 th,Lunas,Tidak,Ya,Ya,111.8,117.0,6,6,10.83,6,6,11.5,1.0,1.0,0.0885,Aman,Rendah
JJI-00290,Graduate,0,Nursing,Usia di atas 23 tahun,Lajang,Perempuan,Siang,24,24-27 th,Lunas,Tidak,Tidak,Ya,140.0,140.0,8,8,13.38,8,8,13.38,1.0,1.0,0.1,Aman,Rendah
JJI-00291,Graduate,0,Veterinary Nursing,Fase 2 - kuota umum,Lajang,Perempuan,Siang,19,≤20 th,Lunas,Tidak,Tidak,Ya,124.4,123.0,6,6,15.67,6,6,14.5,1.0,1.0,0.1183,Aman,Rendah
JJI-00292,Graduate,0,Agronomy,Pemegang diploma spesialisasi teknologi,Lajang,Perempuan,Siang,19,≤20 th,Lunas,Ya,Ya,Tidak,150.0,150.0,6,6,14.33,6,6,13.83,1.0,1.0,0.0853,Aman,Rendah
JJI-00293,Enrolled,0,Agronomy,Pemegang diploma spesialisasi teknologi,Lajang,Perempuan,Siang,24,24-27 th,Lunas,Tidak,Tidak,Tidak,140.0,140.0,6,6,11.43,6,5,13.0,1.0,0.833,0.1653,Aman,Rendah
JJI-00294,Graduate,0,Social Service,Fase 2 - kuota umum,Lajang,Perempuan,Siang,18,≤20 th,Lunas,Tidak,Ya,Ya,116.0,123.0,6,6,11.67,6,6,11.67,1.0,1.0,0.0914,Aman,Rendah
JJI-00295,Dropout,1,Communication Design,Fase 1 - kuota umum,Lajang,Perempuan,Siang,19,≤20 th,Lunas,Tidak,Ya,Ya,135.6,130.0,6,5,12.0,6,2,11.33,0.833,0.333,0.3603,Aman,Sedang
JJI-00296,Graduate,0,Nursing,Fase 1 - kuota umum,Menikah,Perempuan,Siang,19,≤20 th,Lunas,Tidak,Ya,Tidak,121.0,137.0,8,7,14.73,8,7,14.73,0.875,0.875,0.0495,Aman,Rendah
JJI-00297,Graduate,0,Journalism & Communication,Fase 2 - kuota umum,Lajang,Perempuan,Siang,18,≤20 th,Lunas,Tidak,Ya,Ya,118.7,126.0,6,6,14.17,6,6,13.67,1.0,1.0,0.1063,Aman,Rendah
JJI-00298,Graduate,0,Social Service,Fase 1 - kuota umum,Lajang,Perempuan,Siang,18,≤20 th,Lunas,Tidak,Tidak,Ya,125.7,125.0,6,6,11.57,6,6,12.33,1.0,1.0,0.0831,Aman,Rendah
JJI-00299,Graduate,0,Oral Hygiene,Fase 2 - kuota umum,Lajang,Perempuan,Siang,20,≤20 th,Lunas,Tidak,Tidak,Ya,107.1,112.0,7,7,12.5,8,8,13.14,1.0,1.0,0.132,Aman,Rendah
JJI-00300,Graduate,0,Nursing,Fase 1 - kuota umum,Lajang,Perempuan,Siang,18,≤20 th,Lunas,Tidak,Tidak,Tidak,125.5,141.0,8,8,12.86,8,8,12.86,1.0,1.0,0.0585,Aman,Rendah
JJI-00301,Graduate,0,Advertising & Marketing Management,Fase 2 - kuota umum,Lajang,Perempuan,Siang,18,≤20 th,Lunas,Tidak,Tidak,Ya,127.0,135.0,6,6,12.25,6,6,13.71,1.0,1.0,0.1767,Aman,Rendah
JJI-00302,Graduate,0,Veterinary Nursing,Fase 1 - kuota umum,Lajang,Perempuan,Siang,21,21-23 th,Lunas,Tidak,Ya,Ya,113.5,117.0,5,4,12.0,5,5,12.2,0.8,1.0,0.0897,Aman,Rendah
JJI-00303,Graduate,0,Nursing,Fase 1 - kuota umum,Lajang,Perempuan,Siang,18,≤20 th,Lunas,Tidak,Ya,Tidak,154.4,160.0,7,7,15.12,8,8,16.17,1.0,1.0,0.0274,Aman,Rendah
JJI-00304,Dropout,1,Advertising & Marketing Management,Pindah institusi/prodi,Lajang,Perempuan,Siang,18,≤20 th,Menunggak,Ya,Tidak,Tidak,122.0,136.0,5,2,12.5,5,4,10.25,0.4,0.8,0.8108,Berisiko,Sangat Tinggi
JJI-00305,Dropout,1,Social Service,Fase 2 - kuota umum,Lajang,Perempuan,Siang,19,≤20 th,Lunas,Tidak,Tidak,Ya,128.0,143.0,6,0,0.0,6,0,0.0,0.0,0.0,0.9672,Berisiko,Sangat Tinggi
JJI-00306,Enrolled,0,Advertising & Marketing Management,Fase 1 - kuota umum,Lajang,Perempuan,Siang,19,≤20 th,Lunas,Tidak,Tidak,Ya,115.5,119.0,6,4,11.0,6,4,11.0,0.667,0.667,0.4141,Aman,Sedang
JJI-00307,Graduate,0,Advertising & Marketing Management,Fase 2 - kuota umum,Lajang,Perempuan,Siang,18,≤20 th,Lunas,Tidak,Tidak,Ya,117.2,120.0,6,6,11.88,6,4,14.6,1.0,0.667,0.31,Aman,Sedang
JJI-00308,Dropout,1,Equinculture,Usia di atas 23 tahun,Lajang,Perempuan,Siang,34,28-35 th,Lunas,Tidak,Tidak,Ya,150.0,150.0,5,1,11.0,5,0,0.0,0.2,0.0,0.9677,Berisiko,Sangat Tinggi
JJI-00309,Graduate,0,Veterinary Nursing,Fase 1 - kuota umum,Lajang,Perempuan,Siang,19,≤20 th,Lunas,Tidak,Tidak,Tidak,155.3,142.0,5,5,15.2,5,5,13.2,1.0,1.0,0.0732,Aman,Rendah
JJI-00310,Dropout,1,Equinculture,Pemegang diploma spesialisasi teknologi,Lajang,Perempuan,Siang,19,≤20 th,Menunggak,Ya,Tidak,Ya,120.0,120.0,6,5,11.6,6,2,11.0,0.833,0.333,0.9103,Berisiko,Sangat Tinggi
JJI-00311,Graduate,0,Social Service,Pindah institusi/prodi,Lajang,Perempuan,Siang,26,24-27 th,Lunas,Ya,Tidak,Tidak,116.1,160.0,6,6,14.83,6,6,15.14,1.0,1.0,0.1602,Aman,Rendah
JJI-00312,Dropout,1,Basic Education,Fase 2 - kuota umum,Lajang,Perempuan,Siang,21,21-23 th,Lunas,Tidak,Tidak,Ya,118.9,133.1,6,3,11.33,6,3,11.33,0.5,0.5,0.7386,Berisiko,Tinggi
JJI-00313,Graduate,0,Management,Fase 2 - kuota umum,Lajang,Perempuan,Siang,18,≤20 th,Lunas,Tidak,Ya,Tidak,127.3,142.0,5,5,11.2,5,5,11.8,1.0,1.0,0.0981,Aman,Rendah
JJI-00314,Graduate,0,Basic Education,Fase 2 - kuota umum,Lajang,Perempuan,Siang,20,≤20 th,Lunas,Tidak,Ya,Ya,113.7,121.0,6,5,13.4,6,5,13.67,0.833,0.833,0.2966,Aman,Sedang
JJI-00315,Dropout,1,Management,Pindah institusi/prodi,Lajang,Perempuan,Siang,25,24-27 th,Lunas,Tidak,Tidak,Tidak,118.5,135.0,5,2,10.5,5,0,0.0,0.4,0.0,0.9157,Berisiko,Sangat Tinggi
JJI-00316,Graduate,0,Management,Fase 1 - kuota umum,Lajang,Perempuan,Siang,18,≤20 th,Lunas,Tidak,Tidak,Tidak,146.7,153.0,5,5,16.2,5,5,16.4,1.0,1.0,0.0646,Aman,Rendah
JJI-00317,Graduate,0,Nursing,Fase 1 - kuota umum,Lajang,Perempuan,Siang,18,≤20 th,Lunas,Tidak,Ya,Ya,124.3,140.0,7,7,14.54,8,8,14.88,1.0,1.0,0.0386,Aman,Rendah
JJI-00318,Graduate,0,Nursing,Fase 1 - kuota umum,Lajang,Perempuan,Siang,19,≤20 th,Lunas,Tidak,Tidak,Tidak,137.8,152.0,7,7,13.69,8,8,14.36,1.0,1.0,0.0497,Aman,Rendah
JJI-00319,Graduate,0,Social Service,Fase 1 - kuota umum,Lajang,Perempuan,Siang,18,≤20 th,Lunas,Tidak,Ya,Tidak,130.2,120.0,6,6,11.29,6,6,11.86,1.0,1.0,0.0476,Aman,Rendah
JJI-00320,Enrolled,0,Nursing,Fase 2 - kuota umum,Lajang,Perempuan,Siang,20,≤20 th,Lunas,Tidak,Tidak,Tidak,147.8,160.0,7,6,11.76,8,6,13.08,0.857,0.75,0.2129,Aman,Rendah
JJI-00321,Dropout,1,Veterinary Nursing,Pemegang gelar pendidikan tinggi lain,Lajang,Perempuan,Siang,26,24-27 th,Menunggak,Ya,Tidak,Tidak,150.0,150.0,3,0,0.0,6,0,0.0,0.0,0.0,0.9905,Berisiko,Sangat Tinggi
JJI-00322,Graduate,0,Nursing,Transfer,Lajang,Perempuan,Siang,19,≤20 th,Lunas,Tidak,Ya,Ya,100.0,100.0,8,7,13.06,8,7,13.06,0.875,0.875,0.1029,Aman,Rendah
JJI-00323,Graduate,0,Nursing,Fase 1 - kuota umum,Lajang,Perempuan,Siang,19,≤20 th,Lunas,Tidak,Tidak,Tidak,155.6,150.0,7,7,14.3,8,8,14.06,1.0,1.0,0.0518,Aman,Rendah
JJI-00324,Graduate,0,Management,Pindah program studi,Lajang,Perempuan,Siang,19,≤20 th,Lunas,Tidak,Tidak,Tidak,117.4,124.0,10,5,11.8,10,8,12.0,0.5,0.8,0.3583,Aman,Sedang
JJI-00325,Enrolled,0,Veterinary Nursing,Fase 1 - kuota khusus (Azores),Lajang,Perempuan,Siang,19,≤20 th,Lunas,Tidak,Tidak,Ya,128.8,141.0,5,3,10.33,5,3,13.0,0.6,0.6,0.38,Aman,Sedang
JJI-00326,Graduate,0,Tourism,Fase 1 - kuota umum,Lajang,Perempuan,Siang,18,≤20 th,Lunas,Tidak,Tidak,Ya,117.5,121.0,6,6,10.57,6,3,11.67,1.0,0.5,0.3662,Aman,Sedang
JJI-00327,Graduate,0,Nursing,Pindah program studi,Lajang,Perempuan,Siang,19,≤20 th,Lunas,Tidak,Tidak,Ya,120.4,134.0,7,6,13.33,7,6,13.33,0.857,0.857,0.1573,Aman,Rendah
JJI-00328,Graduate,0,Social Service,Fase 1 - kuota umum,Lajang,Perempuan,Siang,18,≤20 th,Lunas,Ya,Tidak,Tidak,130.9,134.0,6,6,11.86,6,5,11.0,1.0,0.833,0.1869,Aman,Rendah
JJI-00329,Enrolled,0,Basic Education,Fase 1 - kuota umum,Lajang,Perempuan,Siang,18,≤20 th,Lunas,Tidak,Tidak,Ya,125.0,132.0,6,5,12.6,6,5,11.4,0.833,0.833,0.3115,Aman,Sedang
JJI-00330,Enrolled,0,Veterinary Nursing,Fase 1 - kuota umum,Lajang,Perempuan,Siang,18,≤20 th,Lunas,Tidak,Tidak,Ya,136.8,135.0,5,5,14.0,5,5,11.6,1.0,1.0,0.1009,Aman,Rendah
JJI-00331,Enrolled,0,Basic Education,Fase 1 - kuota umum,Lajang,Perempuan,Siang,18,≤20 th,Lunas,Tidak,Tidak,Ya,121.6,123.0,7,5,12.0,7,6,12.67,0.714,0.857,0.2872,Aman,Sedang
JJI-00332,Dropout,1,Informatics Engineering,Pemegang diploma spesialisasi teknologi,Lajang,Perempuan,Siang,26,24-27 th,Lunas,Ya,Tidak,Tidak,151.0,151.0,5,0,0.0,5,0,0.0,0.0,0.0,0.9645,Berisiko,Sangat Tinggi
JJI-00333,Graduate,0,Social Service,Fase 1 - kuota umum,Lajang,Perempuan,Siang,20,≤20 th,Lunas,Tidak,Tidak,Ya,103.5,107.0,6,6,12.0,6,6,13.0,1.0,1.0,0.0871,Aman,Rendah
JJI-00334,Graduate,0,Social Service (kelas malam),Fase 1 - kuota umum,Lajang,Perempuan,Malam,19,≤20 th,Lunas,Tidak,Tidak,Tidak,119.4,126.0,6,6,12.67,6,6,11.67,1.0,1.0,0.0873,Aman,Rendah
JJI-00335,Graduate,0,Social Service,Fase 1 - kuota umum,Lajang,Perempuan,Siang,18,≤20 th,Lunas,Tidak,Ya,Ya,134.4,133.0,6,6,12.17,6,6,13.67,1.0,1.0,0.0456,Aman,Rendah
JJI-00336,Graduate,0,Social Service,Pemegang diploma spesialisasi teknologi,Lajang,Perempuan,Siang,19,≤20 th,Lunas,Tidak,Tidak,Tidak,143.0,140.0,6,6,13.33,6,6,14.67,1.0,1.0,0.0594,Aman,Rendah
JJI-00337,Graduate,0,Basic Education,Pemegang gelar pendidikan tinggi lain,Lajang,Perempuan,Siang,40,>35 th,Lunas,Ya,Tidak,Tidak,110.0,110.0,7,7,15.0,7,7,14.57,1.0,1.0,0.4696,Berisiko,Tinggi
JJI-00338,Graduate,0,Nursing,Fase 1 - kuota umum,Lajang,Perempuan,Siang,18,≤20 th,Lunas,Tidak,Ya,Ya,132.5,141.0,8,8,13.39,8,8,13.39,1.0,1.0,0.0433,Aman,Rendah
JJI-00339,Graduate,0,Social Service,Fase 2 - kuota umum,Lajang,Perempuan,Siang,19,≤20 th,Lunas,Tidak,Tidak,Tidak,114.7,122.0,6,5,12.17,6,6,12.43,0.833,1.0,0.1243,Aman,Rendah
JJI-00340,Graduate,0,Equinculture,Fase 2 - kuota umum,Lajang,Perempuan,Siang,18,≤20 th,Lunas,Tidak,Tidak,Tidak,166.9,156.0,5,4,11.25,5,4,12.5,0.8,0.8,0.3079,Aman,Sedang
JJI-00341,Enrolled,0,Veterinary Nursing,Fase 1 - kuota umum,Lajang,Perempuan,Siang,19,≤20 th,Lunas,Tidak,Tidak,Ya,125.9,129.0,5,4,12.0,5,3,12.0,0.8,0.6,0.282,Aman,Sedang
JJI-00342,Dropout,1,Animation & Multimedia Design,Fase 1 - kuota umum,Lajang,Perempuan,Siang,18,≤20 th,Lunas,Tidak,Tidak,Ya,178.3,188.0,0,0,0.0,0,0,0.0,,,0.4626,Berisiko,Tinggi
JJI-00343,Graduate,0,Social Service (kelas malam),Usia di atas 23 tahun,Menikah,Perempuan,Malam,33,28-35 th,Lunas,Tidak,Tidak,Ya,117.0,120.0,6,6,12.83,6,6,12.86,1.0,1.0,0.1638,Aman,Rendah
JJI-00344,Graduate,0,Agronomy,Usia di atas 23 tahun,Lajang,Perempuan,Siang,35,28-35 th,Lunas,Tidak,Tidak,Tidak,150.0,130.0,6,6,14.0,6,6,13.1,1.0,1.0,0.1735,Aman,Rendah
JJI-00345,Enrolled,0,Management,Transfer,Lajang,Perempuan,Siang,26,24-27 th,Lunas,Tidak,Tidak,Ya,130.0,130.0,5,4,13.0,5,2,12.0,0.8,0.4,0.5512,Berisiko,Tinggi
JJI-00346,Graduate,0,Journalism & Communication,Fase 1 - kuota umum,Lajang,Perempuan,Siang,18,≤20 th,Lunas,Tidak,Tidak,Ya,135.1,140.0,6,6,13.5,6,6,12.5,1.0,1.0,0.1226,Aman,Rendah
JJI-00347,Enrolled,0,Social Service,Pindah program studi,Lajang,Perempuan,Siang,36,>35 th,Lunas,Tidak,Tidak,Tidak,110.0,110.0,16,13,10.69,13,9,12.31,0.812,0.692,0.4586,Berisiko,Tinggi
JJI-00348,Graduate,0,Management (kelas malam),Usia di atas 23 tahun,Bercerai,Perempuan,Malam,39,>35 th,Lunas,Tidak,Tidak,Tidak,136.2,133.1,5,5,11.0,5,5,11.67,1.0,1.0,0.2935,Aman,Sedang
JJI-00349,Graduate,0,Social Service,Usia di atas 23 tahun,Menikah,Perempuan,Siang,44,>35 th,Lunas,Tidak,Tidak,Tidak,116.0,120.0,6,6,13.0,6,6,13.83,1.0,1.0,0.1785,Aman,Rendah
JJI-00350,Enrolled,0,Social Service (kelas malam),Fase 1 - kuota umum,Lajang,Perempuan,Malam,20,≤20 th,Lunas,Tidak,Tidak,Tidak,100.0,96.0,6,5,12.0,6,4,11.25,0.833,0.667,0.2415,Aman,Rendah
JJI-00351,Dropout,1,Tourism,Fase 1 - kuota umum,Lajang,Perempuan,Siang,24,24-27 th,Lunas,Tidak,Tidak,Ya,116.3,117.0,6,4,12.6,6,4,11.5,0.667,0.667,0.4014,Aman,Sedang
JJI-00352,Graduate,0,Journalism & Communication,Pindah program studi,Lajang,Perempuan,Siang,20,≤20 th,Lunas,Tidak,Ya,Tidak,134.0,123.0,6,6,13.67,6,6,13.33,1.0,1.0,0.0894,Aman,Rendah
JJI-00353,Dropout,1,Animation & Multimedia Design,Fase 1 - kuota umum,Lajang,Perempuan,Siang,19,≤20 th,Menunggak,Tidak,Tidak,Ya,124.2,127.0,0,0,0.0,0,0,0.0,,,0.8274,Berisiko,Sangat Tinggi
JJI-00354,Graduate,0,Nursing,Fase 1 - kuota umum,Menikah,Perempuan,Siang,18,≤20 th,Lunas,Ya,Ya,Tidak,134.5,151.0,7,6,14.2,7,6,14.2,0.857,0.857,0.1,Aman,Rendah
JJI-00355,Dropout,1,Tourism,Fase 1 - kuota umum,Lajang,Perempuan,Siang,22,21-23 th,Menunggak,Ya,Tidak,Tidak,120.7,127.0,6,5,11.0,6,0,0.0,0.833,0.0,0.983,Berisiko,Sangat Tinggi
JJI-00356,Graduate,0,Veterinary Nursing,Fase 2 - kuota umum,Lajang,Perempuan,Siang,18,≤20 th,Lunas,Tidak,Tidak,Ya,127.1,133.0,6,6,15.0,6,6,16.43,1.0,1.0,0.095,Aman,Rendah
JJI-00357,Graduate,0,Nursing,Usia di atas 23 tahun,Lajang,Perempuan,Siang,24,24-27 th,Lunas,Tidak,Tidak,Tidak,133.0,133.1,7,6,12.59,8,7,13.44,0.857,0.875,0.1563,Aman,Rendah
JJI-00358,Dropout,1,Management (kelas malam),Usia di atas 23 tahun,Lajang,Perempuan,Malam,33,28-35 th,Lunas,Tidak,Tidak,Tidak,128.2,133.1,5,0,0.0,5,0,0.0,0.0,0.0,0.9682,Berisiko,Sangat Tinggi
JJI-00359,Enrolled,0,Agronomy,Usia di atas 23 tahun,Lajang,Perempuan,Siang,30,28-35 th,Lunas,Ya,Ya,Tidak,130.0,133.1,6,0,0.0,6,0,0.0,0.0,0.0,0.9765,Berisiko,Sangat Tinggi
JJI-00360,Dropout,1,Veterinary Nursing,Usia di atas 23 tahun,Lajang,Perempuan,Siang,26,24-27 th,Lunas,Tidak,Tidak,Tidak,172.0,160.0,6,0,0.0,6,0,0.0,0.0,0.0,0.9578,Berisiko,Sangat Tinggi
JJI-00361,Graduate,0,Basic Education,Fase 2 - kuota umum,Lajang,Perempuan,Siang,18,≤20 th,Lunas,Tidak,Tidak,Ya,128.5,140.0,6,6,11.67,6,6,11.83,1.0,1.0,0.2783,Aman,Sedang
JJI-00362,Dropout,1,Journalism & Communication,Fase 1 - kuota umum,Lajang,Perempuan,Siang,19,≤20 th,Lunas,Ya,Tidak,Tidak,128.5,146.0,6,3,12.67,6,2,10.0,0.5,0.333,0.782,Berisiko,Sangat Tinggi
JJI-00363,Enrolled,0,Management,Fase 2 - kuota umum,Lajang,Perempuan,Siang,20,≤20 th,Lunas,Tidak,Tidak,Ya,112.0,112.0,5,3,10.33,5,4,11.0,0.6,0.8,0.3961,Aman,Sedang
JJI-00364,Graduate,0,Veterinary Nursing,Pemegang diploma short cycle,Lajang,Perempuan,Siang,22,21-23 th,Lunas,Tidak,Ya,Ya,142.5,140.0,11,8,13.5,9,7,13.71,0.727,0.778,0.2345,Aman,Rendah
JJI-00365,Enrolled,0,Nursing,Fase 1 - kuota umum,Lajang,Perempuan,Siang,19,≤20 th,Lunas,Tidak,Tidak,Ya,133.0,136.0,7,5,13.98,7,5,13.98,0.714,0.714,0.2194,Aman,Rendah
JJI-00366,Graduate,0,Veterinary Nursing,Fase 1 - kuota umum,Lajang,Perempuan,Siang,21,21-23 th,Lunas,Tidak,Ya,Ya,106.0,133.1,6,6,16.15,6,6,15.75,1.0,1.0,0.0556,Aman,Rendah
JJI-00367,Graduate,0,Nursing,Fase 1 - kuota umum,Lajang,Perempuan,Siang,21,21-23 th,Lunas,Tidak,Ya,Ya,125.5,136.0,7,6,14.03,7,6,14.03,0.857,0.857,0.1105,Aman,Rendah
JJI-00368,Enrolled,0,Veterinary Nursing,Fase 2 - kuota umum,Lajang,Perempuan,Siang,19,≤20 th,Lunas,Tidak,Tidak,Tidak,131.2,134.0,5,1,11.0,5,5,11.2,0.2,1.0,0.3004,Aman,Sedang
JJI-00369,Graduate,0,Basic Education,Fase 1 - kuota umum,Lajang,Perempuan,Siang,19,≤20 th,Lunas,Tidak,Ya,Ya,112.9,122.0,7,7,13.86,7,6,13.67,1.0,0.857,0.1473,Aman,Rendah
JJI-00370,Dropout,1,Nursing,Fase 1 - kuota umum,Lajang,Perempuan,Siang,18,≤20 th,Lunas,Tidak,Tidak,Ya,124.8,138.0,8,7,13.41,8,7,13.41,0.875,0.875,0.1343,Aman,Rendah
JJI-00371,Graduate,0,Social Service (kelas malam),Pindah program studi,Menikah,Perempuan,Malam,50,>35 th,Lunas,Tidak,Tidak,Tidak,140.9,160.0,11,11,13.55,7,7,13.57,1.0,1.0,0.1758,Aman,Rendah
JJI-00372,Enrolled,0,Management (kelas malam),Usia di atas 23 tahun,Bercerai,Perempuan,Malam,31,28-35 th,Lunas,Tidak,Ya,Tidak,148.0,130.0,5,4,11.25,5,4,10.83,0.8,0.8,0.2724,Aman,Sedang
JJI-00373,Graduate,0,Journalism & Communication,Fase 2 - kuota umum,Lajang,Perempuan,Siang,19,≤20 th,Lunas,Tidak,Ya,Tidak,148.4,161.0,6,6,13.83,6,6,14.43,1.0,1.0,0.0905,Aman,Rendah
JJI-00374,Graduate,0,Management (kelas malam),Usia di atas 23 tahun,Bercerai,Perempuan,Malam,35,28-35 th,Lunas,Tidak,Tidak,Tidak,129.7,140.0,5,5,12.0,5,5,12.86,1.0,1.0,0.2107,Aman,Rendah
JJI-00375,Dropout,1,Veterinary Nursing,Usia di atas 23 tahun,Menikah,Perempuan,Siang,31,28-35 th,Lunas,Tidak,Tidak,Tidak,128.2,133.1,6,0,0.0,6,0,0.0,0.0,0.0,0.9628,Berisiko,Sangat Tinggi
JJI-00376,Enrolled,0,Social Service (kelas malam),Pindah institusi/prodi,Menikah,Perempuan,Malam,42,>35 th,Lunas,Ya,Tidak,Tidak,104.0,133.1,11,10,11.9,11,10,12.8,0.909,0.909,0.2782,Aman,Sedang
JJI-00377,Dropout,1,Management,Fase 3 - kuota umum,Lajang,Perempuan,Siang,34,28-35 th,Menunggak,Tidak,Tidak,Ya,119.9,130.0,5,0,0.0,5,0,0.0,0.0,0.0,0.992,Berisiko,Sangat Tinggi
JJI-00378,Graduate,0,Nursing,Fase 1 - kuota umum,Lajang,Perempuan,Siang,18,≤20 th,Lunas,Tidak,Ya,Ya,141.0,152.0,7,7,15.14,8,8,15.29,1.0,1.0,0.0353,Aman,Rendah
JJI-00379,Enrolled,0,Basic Education,Fase 2 - kuota umum,Lajang,Perempuan,Siang,18,≤20 th,Menunggak,Tidak,Ya,Ya,116.6,125.0,7,7,12.29,7,6,13.33,1.0,0.857,0.4823,Berisiko,Tinggi
JJI-00380,Enrolled,0,Veterinary Nursing,Pemegang diploma spesialisasi teknologi,Lajang,Perempuan,Siang,21,21-23 th,Lunas,Tidak,Tidak,Ya,140.0,140.0,6,5,12.67,6,2,13.5,0.833,0.333,0.4589,Berisiko,Tinggi
JJI-00381,Dropout,1,Nursing,Usia di atas 23 tahun,Bercerai,Perempuan,Siang,26,24-27 th,Lunas,Tidak,Ya,Tidak,140.0,133.1,7,5,12.74,8,6,10.98,0.714,0.75,0.1793,Aman,Rendah
JJI-00382,Enrolled,0,Nursing,Pindah program studi,Lajang,Perempuan,Siang,20,≤20 th,Lunas,Tidak,Tidak,Tidak,100.0,170.0,7,6,13.25,8,8,13.75,0.857,1.0,0.0708,Aman,Rendah
JJI-00383,Enrolled,0,Social Service,Fase 1 - kuota umum,Lajang,Perempuan,Siang,19,≤20 th,Lunas,Tidak,Tidak,Tidak,121.0,135.0,6,3,10.33,6,3,10.33,0.5,0.5,0.4119,Aman,Sedang
JJI-00384,Graduate,0,Basic Education,Fase 1 - kuota umum,Lajang,Perempuan,Siang,19,≤20 th,Lunas,Tidak,Ya,Tidak,117.0,125.0,6,6,13.43,6,6,13.17,1.0,1.0,0.1005,Aman,Rendah
JJI-00385,Graduate,0,Management,Pemegang diploma short cycle,Lajang,Perempuan,Siang,20,≤20 th,Lunas,Tidak,Tidak,Tidak,140.2,140.0,11,9,12.56,9,8,11.11,0.818,0.889,0.1571,Aman,Rendah
JJI-00386,Graduate,0,Social Service,Fase 1 - kuota umum,Lajang,Perempuan,Siang,19,≤20 th,Lunas,Tidak,Tidak,Tidak,129.3,124.0,6,6,11.5,6,6,11.17,1.0,1.0,0.0804,Aman,Rendah
JJI-00387,Graduate,0,Basic Education,Fase 1 - kuota umum,Lajang,Perempuan,Siang,18,≤20 th,Lunas,Tidak,Tidak,Tidak,145.3,140.0,6,6,13.67,6,6,12.33,1.0,1.0,0.1423,Aman,Rendah
JJI-00388,Graduate,0,Management (kelas malam),Usia di atas 23 tahun,Lajang,Perempuan,Malam,28,28-35 th,Lunas,Tidak,Tidak,Tidak,146.2,130.0,14,11,11.27,11,10,12.0,0.786,0.909,0.2852,Aman,Sedang
JJI-00389,Enrolled,0,Basic Education,Fase 2 - kuota umum,Lajang,Perempuan,Siang,22,21-23 th,Lunas,Tidak,Tidak,Ya,122.5,134.0,6,5,13.17,6,5,12.4,0.833,0.833,0.4121,Aman,Sedang
JJI-00390,Graduate,0,Social Service (kelas malam),Pemegang diploma spesialisasi teknologi,Lajang,Perempuan,Malam,21,21-23 th,Lunas,Tidak,Ya,Tidak,156.1,160.0,6,6,14.67,6,6,14.17,1.0,1.0,0.0506,Aman,Rendah
JJI-00391,Enrolled,0,Veterinary Nursing,Pemegang diploma spesialisasi teknologi,Lajang,Perempuan,Siang,21,21-23 th,Lunas,Tidak,Tidak,Ya,140.0,140.0,6,4,12.75,6,1,11.0,0.667,0.167,0.6806,Berisiko,Tinggi
JJI-00392,Enrolled,0,Nursing,Usia di atas 23 tahun,Lajang,Perempuan,Siang,26,24-27 th,Lunas,Tidak,Tidak,Tidak,140.0,150.0,7,5,11.2,8,5,12.14,0.714,0.625,0.4096,Aman,Sedang
JJI-00393,Dropout,1,Journalism & Communication,Fase 1 - kuota umum,Lajang,Perempuan,Siang,18,≤20 th,Menunggak,Ya,Tidak,Ya,128.4,141.0,6,5,13.0,6,5,11.4,0.833,0.833,0.7366,Berisiko,Tinggi
JJI-00394,Dropout,1,Veterinary Nursing,Fase 2 - kuota umum,Lajang,Perempuan,Siang,20,≤20 th,Menunggak,Tidak,Tidak,Tidak,115.0,120.0,5,2,10.5,5,2,12.33,0.4,0.4,0.8113,Berisiko,Sangat Tinggi
JJI-00395,Graduate,0,Veterinary Nursing,Fase 2 - kuota umum,Lajang,Perempuan,Siang,18,≤20 th,Lunas,Tidak,Tidak,Tidak,158.7,166.0,6,6,14.86,6,6,14.0,1.0,1.0,0.0936,Aman,Rendah
JJI-00396,Graduate,0,Nursing,Fase 1 - kuota umum,Lajang,Perempuan,Siang,19,≤20 th,Lunas,Tidak,Ya,Ya,124.5,147.0,8,7,12.86,8,7,12.86,0.875,0.875,0.1063,Aman,Rendah
JJI-00397,Graduate,0,Social Service,Pindah institusi/prodi,Lajang,Perempuan,Siang,20,≤20 th,Lunas,Tidak,Tidak,Ya,111.9,121.0,11,11,11.73,11,11,12.0,1.0,1.0,0.076,Aman,Rendah
JJI-00398,Graduate,0,Veterinary Nursing,Pemegang diploma spesialisasi teknologi,Lajang,Perempuan,Siang,22,21-23 th,Lunas,Tidak,Ya,Ya,150.0,150.0,6,6,13.14,6,3,12.0,1.0,0.5,0.218,Aman,Rendah
JJI-00399,Dropout,1,Advertising & Marketing Management,Fase 2 - kuota umum,Lajang,Perempuan,Siang,18,≤20 th,Lunas,Ya,Tidak,Ya,114.2,124.0,6,5,11.8,6,4,13.71,0.833,0.667,0.462,Berisiko,Tinggi
JJI-00400,Dropout,1,Management,Fase 2 - kuota umum,Lajang,Perempuan,Siang,19,≤20 th,Lunas,Tidak,Tidak,Ya,96.0,96.0,5,3,10.67,5,0,0.0,0.6,0.0,0.9046,Berisiko,Sangat Tinggi
JJI-00401,Enrolled,0,Communication Design,Fase 2 - kuota umum,Lajang,Perempuan,Siang,18,≤20 th,Lunas,Tidak,Ya,Tidak,128.9,125.0,6,5,11.6,6,4,11.2,0.833,0.667,0.2446,Aman,Rendah
JJI-00402,Enrolled,0,Tourism,Fase 2 - kuota umum,Lajang,Perempuan,Siang,20,≤20 th,Lunas,Tidak,Tidak,Ya,121.7,136.0,6,3,10.33,6,3,10.33,0.5,0.5,0.657,Berisiko,Tinggi
JJI-00403,Enrolled,0,Journalism & Communication,Fase 1 - kuota umum,Lajang,Perempuan,Siang,19,≤20 th,Lunas,Tidak,Tidak,Ya,114.8,120.0,6,4,12.25,6,3,11.0,0.667,0.5,0.5086,Berisiko,Tinggi
JJI-00404,Enrolled,0,Tourism,Fase 1 - kuota umum,Lajang,Perempuan,Siang,19,≤20 th,Lunas,Tidak,Tidak,Tidak,127.0,128.0,6,6,12.0,6,4,12.75,1.0,0.667,0.2124,Aman,Rendah
JJI-00405,Graduate,0,Nursing,Fase 2 - kuota umum,Lajang,Perempuan,Siang,19,≤20 th,Lunas,Tidak,Tidak,Ya,131.3,142.0,8,7,14.73,8,7,14.73,0.875,0.875,0.1376,Aman,Rendah
JJI-00406,Graduate,0,Animation & Multimedia Design,Fase 1 - kuota umum,Lajang,Perempuan,Siang,18,≤20 th,Lunas,Tidak,Tidak,Ya,137.1,135.0,0,0,0.0,0,0,0.0,,,0.4953,Berisiko,Tinggi
JJI-00407,Graduate,0,Communication Design,Pemegang gelar pendidikan tinggi lain,Lajang,Perempuan,Siang,21,21-23 th,Lunas,Tidak,Tidak,Ya,120.0,120.0,13,13,13.62,12,12,14.25,1.0,1.0,0.0805,Aman,Rendah
JJI-00408,Graduate,0,Management (kelas malam),Usia di atas 23 tahun,Lajang,Perempuan,Malam,27,24-27 th,Lunas,Tidak,Tidak,Tidak,139.0,140.0,5,5,15.8,5,5,14.8,1.0,1.0,0.1736,Aman,Rendah
JJI-00409,Graduate,0,Social Service,Fase 2 - kuota umum,Lajang,Perempuan,Siang,19,≤20 th,Lunas,Tidak,Tidak,Tidak,129.1,135.0,6,6,14.67,6,6,14.57,1.0,1.0,0.0715,Aman,Rendah
JJI-00410,Dropout,1,Veterinary Nursing,Usia di atas 23 tahun,Bercerai,Perempuan,Siang,25,24-27 th,Lunas,Tidak,Tidak,Tidak,128.2,133.1,5,0,0.0,5,0,0.0,0.0,0.0,0.9115,Berisiko,Sangat Tinggi
JJI-00411,Graduate,0,Nursing,Fase 1 - kuota umum,Lajang,Perempuan,Siang,18,≤20 th,Lunas,Tidak,Ya,Ya,120.8,137.0,8,7,14.65,8,7,14.65,0.875,0.875,0.0717,Aman,Rendah
JJI-00412,Graduate,0,Nursing,Usia di atas 23 tahun,Lajang,Perempuan,Siang,24,24-27 th,Lunas,Tidak,Tidak,Tidak,135.8,122.0,8,7,12.4,8,7,12.4,0.875,0.875,0.1555,Aman,Rendah
JJI-00413,Graduate,0,Nursing,Fase 1 - kuota umum,Lajang,Perempuan,Siang,20,≤20 th,Lunas,Tidak,Tidak,Ya,118.9,128.0,7,7,11.59,8,7,14.07,1.0,0.875,0.1137,Aman,Rendah
JJI-00414,Graduate,0,Management (kelas malam),Pemegang gelar pendidikan tinggi lain,Lajang,Perempuan,Malam,26,24-27 th,Lunas,Tidak,Tidak,Tidak,140.0,140.0,5,5,14.0,5,5,15.6,1.0,1.0,0.1839,Aman,Rendah
JJI-00415,Graduate,0,Social Service,Fase 1 - kuota umum,Lajang,Perempuan,Siang,20,≤20 th,Lunas,Tidak,Ya,Ya,127.1,132.0,6,6,12.33,6,6,11.83,1.0,1.0,0.0651,Aman,Rendah
JJI-00416,Graduate,0,Veterinary Nursing,Fase 1 - kuota umum,Lajang,Perempuan,Siang,18,≤20 th,Lunas,Tidak,Tidak,Tidak,137.0,131.0,5,5,14.0,5,5,15.4,1.0,1.0,0.0684,Aman,Rendah
JJI-00417,Graduate,0,Veterinary Nursing,Fase 1 - kuota umum,Lajang,Perempuan,Siang,19,≤20 th,Lunas,Tidak,Tidak,Ya,127.4,126.0,6,6,15.23,6,6,12.38,1.0,1.0,0.1092,Aman,Rendah
JJI-00418,Dropout,1,Basic Education,Fase 1 - kuota umum,Lajang,Perempuan,Siang,23,21-23 th,Lunas,Tidak,Tidak,Ya,97.0,133.1,6,5,11.6,6,3,11.0,0.833,0.5,0.5627,Berisiko,Tinggi
JJI-00419,Graduate,0,Nursing,Fase 1 - kuota umum,Lajang,Perempuan,Siang,18,≤20 th,Lunas,Tidak,Ya,Ya,126.3,136.0,7,6,11.6,7,6,11.6,0.857,0.857,0.1138,Aman,Rendah
JJI-00420,Dropout,1,Nursing,Fase 1 - kuota umum,Lajang,Perempuan,Siang,18,≤20 th,Lunas,Tidak,Tidak,Tidak,127.5,140.0,7,0,0.0,8,0,0.0,0.0,0.0,0.9709,Berisiko,Sangat Tinggi
JJI-00421,Graduate,0,Nursing,Fase 1 - kuota umum,Lajang,Perempuan,Siang,19,≤20 th,Lunas,Tidak,Ya,Tidak,126.6,135.0,7,7,12.9,8,8,13.09,1.0,1.0,0.0357,Aman,Rendah
JJI-00422,Graduate,0,Management (kelas malam),Transfer,Lajang,Perempuan,Malam,30,28-35 th,Lunas,Tidak,Tidak,Tidak,120.0,160.0,7,7,14.14,5,5,14.8,1.0,1.0,0.2203,Aman,Rendah
JJI-00423,Dropout,1,Veterinary Nursing,Pemegang diploma spesialisasi teknologi,Lajang,Perempuan,Siang,29,28-35 th,Lunas,Tidak,Tidak,Ya,140.0,140.0,6,0,0.0,6,0,0.0,0.0,0.0,0.961,Berisiko,Sangat Tinggi
JJI-00424,Graduate,0,Nursing,Fase 1 - kuota umum,Lajang,Perempuan,Siang,19,≤20 th,Lunas,Tidak,Tidak,Ya,131.5,140.0,8,8,13.25,8,8,13.25,1.0,1.0,0.0931,Aman,Rendah
JJI-00425,Graduate,0,Oral Hygiene,Fase 2 - kuota umum,Lajang,Perempuan,Siang,20,≤20 th,Lunas,Tidak,Tidak,Ya,112.2,115.0,7,7,13.79,8,8,14.1,1.0,1.0,0.1462,Aman,Rendah
JJI-00426,Graduate,0,Nursing,Fase 1 - kuota umum,Lajang,Perempuan,Siang,20,≤20 th,Lunas,Tidak,Tidak,Tidak,150.5,144.0,7,6,13.92,7,6,13.92,0.857,0.857,0.097,Aman,Rendah
JJI-00427,Graduate,0,Advertising & Marketing Management,Fase 1 - kuota umum,Lajang,Perempuan,Siang,19,≤20 th,Lunas,Tidak,Tidak,Ya,121.0,128.0,6,6,13.5,6,6,13.57,1.0,1.0,0.1386,Aman,Rendah
JJI-00428,Enrolled,0,Management,Fase 2 - kuota umum,Lajang,Perempuan,Siang,20,≤20 th,Lunas,Tidak,Tidak,Ya,112.2,116.0,5,3,11.33,5,2,10.67,0.6,0.4,0.5932,Berisiko,Tinggi
JJI-00429,Dropout,1,Veterinary Nursing,Fase 1 - kuota umum,Janda/Duda,Perempuan,Siang,21,21-23 th,Lunas,Tidak,Tidak,Ya,129.4,135.0,5,0,0.0,5,0,0.0,0.0,0.0,0.9101,Berisiko,Sangat Tinggi
JJI-00430,Graduate,0,Advertising & Marketing Management,Fase 2 - kuota umum,Lajang,Perempuan,Siang,19,≤20 th,Lunas,Tidak,Tidak,Tidak,114.4,121.0,6,5,11.5,6,4,14.6,0.833,0.667,0.2773,Aman,Sedang
JJI-00431,Graduate,0,Nursing,Fase 1 - kuota umum,Lajang,Perempuan,Siang,18,≤20 th,Lunas,Tidak,Ya,Ya,120.3,134.0,8,7,12.08,8,7,12.08,0.875,0.875,0.0951,Aman,Rendah
JJI-00432,Graduate,0,Social Service (kelas malam),Usia di atas 23 tahun,Lajang,Perempuan,Malam,27,24-27 th,Lunas,Tidak,Ya,Tidak,120.0,120.0,6,6,11.83,6,5,12.8,1.0,0.833,0.1255,Aman,Rendah
JJI-00433,Graduate,0,Management,Fase 2 - kuota umum,Lajang,Perempuan,Siang,19,≤20 th,Lunas,Tidak,Ya,Ya,114.5,125.0,5,5,13.4,5,5,12.4,1.0,1.0,0.1038,Aman,Rendah
JJI-00434,Dropout,1,Nursing,Fase 1 - kuota umum,Lajang,Perempuan,Siang,19,≤20 th,Lunas,Tidak,Ya,Tidak,127.8,141.0,7,0,0.0,7,0,0.0,0.0,0.0,0.9359,Berisiko,Sangat Tinggi
JJI-00435,Graduate,0,Journalism & Communication,Fase 1 - kuota umum,Lajang,Perempuan,Siang,19,≤20 th,Lunas,Tidak,Tidak,Ya,124.6,140.0,6,5,14.2,6,6,14.57,0.833,1.0,0.1397,Aman,Rendah
JJI-00436,Graduate,0,Nursing,Fase 1 - kuota umum,Lajang,Perempuan,Siang,18,≤20 th,Lunas,Tidak,Ya,Ya,130.3,144.0,8,7,13.81,8,7,13.81,0.875,0.875,0.0991,Aman,Rendah
JJI-00437,Enrolled,0,Tourism,Fase 2 - kuota umum,Lajang,Perempuan,Siang,20,≤20 th,Lunas,Tidak,Ya,Tidak,118.2,122.0,6,4,11.25,6,6,10.5,0.667,1.0,0.1716,Aman,Rendah
JJI-00438,Graduate,0,Advertising & Marketing Management,Fase 1 - kuota umum,Lajang,Perempuan,Siang,18,≤20 th,Lunas,Tidak,Ya,Tidak,118.8,130.0,6,6,14.5,6,6,13.67,1.0,1.0,0.0615,Aman,Rendah
JJI-00439,Dropout,1,Advertising & Marketing Management,Fase 1 - kuota umum,Lajang,Perempuan,Siang,19,≤20 th,Lunas,Tidak,Tidak,Ya,133.0,133.1,6,0,0.0,6,0,0.0,0.0,0.0,0.9646,Berisiko,Sangat Tinggi
JJI-00440,Graduate,0,Nursing,Usia di atas 23 tahun,Menikah,Perempuan,Siang,36,>35 th,Lunas,Tidak,Tidak,Ya,129.0,133.1,7,6,11.3,7,6,11.3,0.857,0.857,0.2984,Aman,Sedang
JJI-00441,Enrolled,0,Oral Hygiene,Pindah program studi,Lajang,Perempuan,Siang,18,≤20 th,Lunas,Tidak,Tidak,Tidak,100.0,147.0,2,0,0.0,4,1,16.0,0.0,0.25,0.405,Aman,Sedang
JJI-00442,Enrolled,0,Equinculture,Pindah program studi,Lajang,Perempuan,Siang,18,≤20 th,Lunas,Ya,Tidak,Ya,120.7,127.0,5,1,12.0,5,3,12.0,0.2,0.6,0.7107,Berisiko,Tinggi
JJI-00443,Graduate,0,Nursing,Fase 2 - kuota umum,Lajang,Perempuan,Siang,19,≤20 th,Lunas,Tidak,Tidak,Ya,132.5,136.0,8,7,12.3,8,7,12.3,0.875,0.875,0.2045,Aman,Rendah
JJI-00444,Graduate,0,Nursing,Fase 1 - kuota umum,Lajang,Perempuan,Siang,18,≤20 th,Lunas,Tidak,Ya,Ya,120.3,127.0,8,7,12.69,8,7,12.69,0.875,0.875,0.1023,Aman,Rendah
JJI-00445,Graduate,0,Advertising & Marketing Management,Fase 2 - kuota umum,Lajang,Perempuan,Siang,18,≤20 th,Lunas,Tidak,Tidak,Tidak,114.6,123.0,5,4,11.0,5,4,11.0,0.8,0.8,0.3081,Aman,Sedang
JJI-00446,Graduate,0,Social Service,Fase 1 - kuota umum,Lajang,Perempuan,Siang,19,≤20 th,Lunas,Tidak,Ya,Ya,116.5,128.0,6,6,13.0,6,6,14.17,1.0,1.0,0.0443,Aman,Rendah
JJI-00447,Graduate,0,Nursing,Fase 1 - kuota umum,Lajang,Perempuan,Siang,19,≤20 th,Lunas,Tidak,Ya,Tidak,127.8,128.0,7,7,14.41,8,8,16.05,1.0,1.0,0.0264,Aman,Rendah
JJI-00448,Dropout,1,Nursing,Fase 1 - kuota umum,Lajang,Perempuan,Siang,18,≤20 th,Lunas,Tidak,Tidak,Ya,129.9,140.0,7,7,12.93,8,8,14.06,1.0,1.0,0.0573,Aman,Rendah
JJI-00449,Graduate,0,Journalism & Communication,Fase 1 - kuota umum,Lajang,Perempuan,Siang,20,≤20 th,Lunas,Tidak,Tidak,Ya,118.9,121.0,6,6,13.33,6,5,12.8,1.0,0.833,0.2292,Aman,Rendah
JJI-00450,Enrolled,0,Tourism,Fase 1 - kuota umum,Lajang,Perempuan,Siang,20,≤20 th,Lunas,Tidak,Ya,Ya,114.3,122.0,6,5,12.8,6,5,12.8,0.833,0.833,0.1533,Aman,Rendah
JJI-00451,Graduate,0,Nursing,Fase 3 - kuota umum,Lajang,Perempuan,Siang,20,≤20 th,Lunas,Tidak,Tidak,Ya,114.8,126.0,8,7,14.4,8,7,14.4,0.875,0.875,0.1405,Aman,Rendah
JJI-00452,Graduate,0,Nursing,Fase 1 - kuota umum,Lajang,Perempuan,Siang,18,≤20 th,Lunas,Tidak,Ya,Ya,123.0,135.0,8,7,13.38,8,7,13.38,0.875,0.875,0.0892,Aman,Rendah
JJI-00453,Graduate,0,Nursing,Fase 1 - kuota umum,Lajang,Perempuan,Siang,18,≤20 th,Lunas,Tidak,Tidak,Ya,122.1,131.0,7,7,14.13,8,8,13.98,1.0,1.0,0.0632,Aman,Rendah
JJI-00454,Graduate,0,Veterinary Nursing,Fase 2 - kuota umum,Lajang,Perempuan,Siang,19,≤20 th,Lunas,Tidak,Tidak,Tidak,123.7,140.0,5,5,11.71,5,5,12.6,1.0,1.0,0.1417,Aman,Rendah
JJI-00455,Enrolled,0,Management,Fase 1 - kuota umum,Lajang,Perempuan,Siang,19,≤20 th,Lunas,Tidak,Tidak,Ya,132.4,131.0,5,5,11.8,5,4,11.25,1.0,0.8,0.1858,Aman,Rendah
JJI-00456,Graduate,0,Social Service (kelas malam),Usia di atas 23 tahun,Menikah,Perempuan,Malam,44,>35 th,Lunas,Tidak,Tidak,Tidak,114.8,130.0,6,6,11.17,6,2,11.0,1.0,0.333,0.6745,Berisiko,Tinggi
JJI-00457,Dropout,1,Agronomy,Pemegang gelar pendidikan tinggi lain,Lajang,Perempuan,Siang,32,28-35 th,Lunas,Tidak,Tidak,Tidak,130.0,130.0,6,0,0.0,6,0,0.0,0.0,0.0,0.9719,Berisiko,Sangat Tinggi
JJI-00458,Dropout,1,Basic Education,Pindah program studi,Lajang,Perempuan,Siang,22,21-23 th,Lunas,Tidak,Tidak,Tidak,122.3,140.0,6,5,13.6,6,5,12.0,0.833,0.833,0.3152,Aman,Sedang
JJI-00459,Graduate,0,Agronomy,Usia di atas 23 tahun,Menikah,Perempuan,Siang,36,>35 th,Lunas,Tidak,Tidak,Ya,152.4,130.0,12,12,13.85,12,11,14.09,1.0,0.917,0.1324,Aman,Rendah
JJI-00460,Graduate,0,Journalism & Communication,Fase 2 - kuota umum,Lajang,Perempuan,Siang,18,≤20 th,Lunas,Tidak,Ya,Tidak,120.1,125.0,6,6,12.5,6,6,13.33,1.0,1.0,0.0937,Aman,Rendah
JJI-00461,Graduate,0,Equinculture,Fase 1 - kuota umum,Lajang,Perempuan,Siang,20,≤20 th,Lunas,Tidak,Tidak,Ya,155.1,160.0,5,5,16.4,5,5,14.6,1.0,1.0,0.1456,Aman,Rendah
JJI-00462,Graduate,0,Communication Design,Pindah institusi/prodi,Lajang,Perempuan,Siang,20,≤20 th,Lunas,Tidak,Ya,Tidak,124.5,130.0,11,11,13.82,11,11,13.45,1.0,1.0,0.0432,Aman,Rendah
JJI-00463,Graduate,0,Social Service,Fase 2 - kuota umum,Lajang,Perempuan,Siang,19,≤20 th,Lunas,Tidak,Tidak,Tidak,126.9,144.0,6,5,10.6,6,4,10.5,0.833,0.667,0.2819,Aman,Sedang
JJI-00464,Graduate,0,Management,Usia di atas 23 tahun,Lajang,Perempuan,Siang,24,24-27 th,Lunas,Ya,Tidak,Ya,153.2,133.1,5,5,10.2,5,5,12.2,1.0,1.0,0.2778,Aman,Sedang
JJI-00465,Enrolled,0,Social Service,Fase 2 - kuota umum,Lajang,Perempuan,Siang,20,≤20 th,Lunas,Tidak,Tidak,Tidak,129.8,148.0,6,5,10.6,6,4,10.4,0.833,0.667,0.2978,Aman,Sedang
JJI-00466,Dropout,1,Social Service (kelas malam),Pindah program studi,Lajang,Perempuan,Malam,27,24-27 th,Lunas,Tidak,Tidak,Tidak,135.0,133.1,10,9,11.44,11,5,10.8,0.9,0.455,0.601,Berisiko,Tinggi
JJI-00467,Enrolled,0,Basic Education,Fase 1 - kuota umum,Lajang,Perempuan,Siang,20,≤20 th,Lunas,Tidak,Tidak,Ya,131.3,133.0,6,5,14.33,8,8,12.62,0.833,1.0,0.1746,Aman,Rendah
JJI-00468,Graduate,0,Social Service,Pindah program studi,Lajang,Perempuan,Siang,23,21-23 th,Lunas,Tidak,Ya,Tidak,125.2,129.0,16,16,13.0,13,13,13.27,1.0,1.0,0.039,Aman,Rendah
JJI-00469,Graduate,0,Nursing,Fase 1 - kuota umum,Lajang,Perempuan,Siang,18,≤20 th,Lunas,Tidak,Ya,Ya,141.3,144.0,8,8,13.31,8,8,13.31,1.0,1.0,0.0499,Aman,Rendah
JJI-00470,Graduate,0,Social Service,Fase 2 - kuota umum,Lajang,Perempuan,Siang,18,≤20 th,Lunas,Tidak,Ya,Ya,117.1,120.0,6,5,10.57,6,5,12.2,0.833,0.833,0.1392,Aman,Rendah
JJI-00471,Graduate,0,Nursing,Fase 2 - kuota umum,Lajang,Perempuan,Siang,20,≤20 th,Lunas,Tidak,Ya,Ya,126.5,144.0,8,7,13.49,8,7,13.49,0.875,0.875,0.1198,Aman,Rendah
JJI-00472,Graduate,0,Tourism,Fase 1 - kuota umum,Lajang,Perempuan,Siang,20,≤20 th,Lunas,Tidak,Ya,Tidak,120.1,132.0,6,6,12.33,6,6,11.83,1.0,1.0,0.0718,Aman,Rendah
JJI-00473,Dropout,1,Advertising & Marketing Management,Fase 1 - kuota umum,Lajang,Perempuan,Siang,23,21-23 th,Lunas,Tidak,Tidak,Tidak,128.4,142.0,6,6,11.88,6,5,12.83,1.0,0.833,0.1741,Aman,Rendah
JJI-00474,Graduate,0,Nursing,Fase 1 - kuota umum,Lajang,Perempuan,Siang,20,≤20 th,Lunas,Tidak,Tidak,Ya,140.0,136.0,7,6,13.97,7,6,13.97,0.857,0.857,0.1247,Aman,Rendah
JJI-00475,Dropout,1,Tourism,Usia di atas 23 tahun,Lajang,Perempuan,Siang,28,28-35 th,Menunggak,Tidak,Tidak,Ya,110.0,133.1,5,0,0.0,5,0,0.0,0.0,0.0,0.9917,Berisiko,Sangat Tinggi
JJI-00476,Graduate,0,Advertising & Marketing Management,Fase 1 - kuota umum,Lajang,Perempuan,Siang,21,21-23 th,Lunas,Tidak,Tidak,Ya,116.8,122.0,5,4,11.5,5,5,12.8,0.8,1.0,0.1805,Aman,Rendah
JJI-00477,Dropout,1,Oral Hygiene,Fase 1 - kuota umum,Lajang,Perempuan,Siang,21,21-23 th,Lunas,Tidak,Tidak,Ya,104.5,133.1,2,2,12.5,7,0,0.0,1.0,0.0,0.9229,Berisiko,Sangat Tinggi
JJI-00478,Dropout,1,Nursing,Pemegang gelar pendidikan tinggi lain,Lajang,Perempuan,Siang,28,28-35 th,Lunas,Tidak,Tidak,Tidak,140.0,140.0,7,0,0.0,8,0,0.0,0.0,0.0,0.9854,Berisiko,Sangat Tinggi
JJI-00479,Graduate,0,Nursing,Fase 1 - kuota umum,Lajang,Perempuan,Siang,18,≤20 th,Lunas,Tidak,Tidak,Tidak,113.2,117.0,7,6,11.98,8,7,13.22,0.857,0.875,0.1052,Aman,Rendah
JJI-00480,Enrolled,0,Social Service,Fase 2 - kuota umum,Lajang,Perempuan,Siang,21,21-23 th,Lunas,Tidak,Ya,Ya,118.6,128.0,6,5,13.2,6,5,11.8,0.833,0.833,0.1618,Aman,Rendah
JJI-00481,Graduate,0,Nursing,Fase 1 - kuota umum,Lajang,Perempuan,Siang,19,≤20 th,Lunas,Tidak,Tidak,Tidak,123.8,136.0,7,6,11.61,8,8,14.04,0.857,1.0,0.0649,Aman,Rendah
JJI-00482,Graduate,0,Nursing,Fase 3 - kuota umum,Lajang,Perempuan,Siang,18,≤20 th,Lunas,Tidak,Ya,Ya,126.7,141.0,8,7,14.31,8,7,14.31,0.875,0.875,0.1095,Aman,Rendah
JJI-00483,Dropout,1,Nursing,Fase 1 - kuota umum,Lajang,Perempuan,Siang,19,≤20 th,Lunas,Tidak,Tidak,Tidak,133.8,130.0,7,0,0.0,8,0,0.0,0.0,0.0,0.9635,Berisiko,Sangat Tinggi
JJI-00484,Enrolled,0,Veterinary Nursing,Pemegang diploma spesialisasi teknologi,Lajang,Perempuan,Siang,20,≤20 th,Lunas,Tidak,Tidak,Tidak,140.0,140.0,6,6,12.67,6,2,13.0,1.0,0.333,0.3601,Aman,Sedang
JJI-00485,Graduate,0,Nursing,Fase 1 - kuota umum,Lajang,Perempuan,Siang,20,≤20 th,Lunas,Tidak,Ya,Ya,100.6,102.0,7,6,12.77,8,7,12.13,0.857,0.875,0.1044,Aman,Rendah
JJI-00486,Graduate,0,Basic Education,Fase 2 - kuota umum,Lajang,Perempuan,Siang,18,≤20 th,Lunas,Tidak,Ya,Tidak,132.7,126.0,6,6,12.67,6,5,12.2,1.0,0.833,0.1994,Aman,Rendah
JJI-00487,Dropout,1,Advertising & Marketing Management,Pindah program studi,Lajang,Perempuan,Siang,20,≤20 th,Lunas,Tidak,Tidak,Ya,106.6,125.0,6,6,11.5,6,4,10.57,1.0,0.667,0.3304,Aman,Sedang
JJI-00488,Dropout,1,Advertising & Marketing Management,Usia di atas 23 tahun,Lajang,Perempuan,Siang,31,28-35 th,Lunas,Tidak,Tidak,Tidak,140.4,120.0,6,5,11.4,6,4,11.75,0.833,0.667,0.4748,Berisiko,Tinggi
JJI-00489,Graduate,0,Nursing,Fase 2 - kuota umum,Lajang,Perempuan,Siang,19,≤20 th,Lunas,Tidak,Ya,Ya,128.3,132.0,7,7,14.71,8,8,14.48,1.0,1.0,0.057,Aman,Rendah
JJI-00490,Graduate,0,Nursing,Fase 1 - kuota umum,Lajang,Perempuan,Siang,19,≤20 th,Lunas,Tidak,Ya,Ya,118.6,128.0,7,6,11.81,8,7,13.54,0.857,0.875,0.0839,Aman,Rendah
JJI-00491,Graduate,0,Communication Design,Fase 1 - kuota umum,Lajang,Perempuan,Siang,23,21-23 th,Lunas,Tidak,Tidak,Tidak,123.4,115.0,6,6,13.0,6,6,11.88,1.0,1.0,0.1079,Aman,Rendah
JJI-00492,Graduate,0,Advertising & Marketing Management,Fase 1 - kuota umum,Lajang,Perempuan,Siang,19,≤20 th,Lunas,Tidak,Tidak,Tidak,124.0,125.0,6,6,14.86,6,6,13.33,1.0,1.0,0.1103,Aman,Rendah
JJI-00493,Graduate,0,Nursing,Fase 1 - kuota umum,Lajang,Perempuan,Siang,20,≤20 th,Lunas,Tidak,Tidak,Ya,121.3,137.0,7,6,12.6,7,6,12.6,0.857,0.857,0.1718,Aman,Rendah
JJI-00494,Enrolled,0,Veterinary Nursing,Fase 1 - kuota umum,Lajang,Perempuan,Siang,22,21-23 th,Lunas,Ya,Tidak,Ya,101.0,101.0,6,5,13.33,6,4,11.4,0.833,0.667,0.399,Aman,Sedang
JJI-00495,Enrolled,0,Basic Education,Fase 1 - kuota umum,Lajang,Perempuan,Siang,18,≤20 th,Lunas,Tidak,Tidak,Ya,116.9,126.0,7,6,10.67,7,6,12.83,0.857,0.857,0.2774,Aman,Sedang
JJI-00496,Dropout,1,Equinculture,Pemegang gelar pendidikan tinggi lain,Lajang,Perempuan,Siang,27,24-27 th,Menunggak,Ya,Tidak,Tidak,130.0,130.0,5,2,11.5,5,1,11.0,0.4,0.2,0.9744,Berisiko,Sangat Tinggi
JJI-00497,Dropout,1,Oral Hygiene,Usia di atas 23 tahun,Lajang,Perempuan,Siang,29,28-35 th,Lunas,Tidak,Tidak,Tidak,120.0,100.0,7,1,10.0,7,0,0.0,0.143,0.0,0.9775,Berisiko,Sangat Tinggi
JJI-00498,Graduate,0,Tourism,Fase 2 - kuota umum,Lajang,Perempuan,Siang,18,≤20 th,Lunas,Tidak,Tidak,Ya,130.4,122.0,6,5,11.8,6,5,12.2,0.833,0.833,0.2411,Aman,Rendah
JJI-00499,Graduate,0,Communication Design,Fase 2 - kuota umum,Lajang,Perempuan,Siang,18,≤20 th,Lunas,Tidak,Tidak,Tidak,118.7,126.0,6,5,11.8,6,6,12.67,0.833,1.0,0.1443,Aman,Rendah
JJI-00500,Graduate,0,Nursing,Fase 2 - kuota umum,Lajang,Perempuan,Siang,18,≤20 th,Lunas,Tidak,Tidak,Tidak,131.5,128.0,8,8,12.77,8,8,12.77,1.0,1.0,0.0715,Aman,Rendah
JJI-00501,Enrolled,0,Veterinary Nursing,Fase 2 - kuota umum,Lajang,Perempuan,Siang,20,≤20 th,Lunas,Tidak,Tidak,Ya,120.4,134.0,5,3,11.33,5,5,12.6,0.6,1.0,0.2284,Aman,Rendah
JJI-00502,Graduate,0,Tourism,Fase 2 - kuota umum,Lajang,Perempuan,Siang,18,≤20 th,Lunas,Tidak,Tidak,Ya,129.1,128.0,6,6,12.67,6,5,14.6,1.0,0.833,0.1903,Aman,Rendah
JJI-00503,Enrolled,0,Communication Design,Fase 1 - kuota umum,Lajang,Perempuan,Siang,18,≤20 th,Menunggak,Tidak,Tidak,Tidak,132.0,125.0,6,5,12.2,6,4,10.83,0.833,0.667,0.6062,Berisiko,Tinggi
JJI-00504,Dropout,1,Veterinary Nursing,Pemegang gelar pendidikan tinggi lain,Lajang,Perempuan,Siang,28,28-35 th,Menunggak,Tidak,Tidak,Tidak,130.0,130.0,5,1,12.0,4,0,0.0,0.2,0.0,0.9745,Berisiko,Sangat Tinggi
JJI-00505,Graduate,0,Nursing,Fase 1 - kuota umum,Lajang,Perempuan,Siang,18,≤20 th,Lunas,Tidak,Ya,Ya,132.8,135.0,8,7,11.72,8,7,11.72,0.875,0.875,0.0993,Aman,Rendah
JJI-00506,Enrolled,0,Nursing,Usia di atas 23 tahun,Lajang,Perempuan,Siang,27,24-27 th,Lunas,Tidak,Tidak,Tidak,143.7,133.1,7,4,14.0,7,3,12.52,0.571,0.429,0.5979,Berisiko,Tinggi
JJI-00507,Enrolled,0,Biofuel Production Technologies,Usia di atas 23 tahun,Lajang,Perempuan,Siang,26,24-27 th,Lunas,Tidak,Tidak,Tidak,152.8,140.0,7,7,14.75,7,5,13.8,1.0,0.714,0.2813,Aman,Sedang
JJI-00508,Graduate,0,Journalism & Communication,Fase 1 - kuota umum,Lajang,Perempuan,Siang,18,≤20 th,Lunas,Tidak,Tidak,Ya,133.5,138.0,6,6,12.67,6,6,13.67,1.0,1.0,0.1194,Aman,Rendah
JJI-00509,Dropout,1,Equinculture,Fase 1 - kuota umum,Lajang,Perempuan,Siang,18,≤20 th,Lunas,Tidak,Tidak,Tidak,146.2,150.0,5,4,13.0,5,5,14.0,0.8,1.0,0.1496,Aman,Rendah
JJI-00510,Dropout,1,Management,Fase 1 - kuota umum,Lajang,Perempuan,Siang,21,21-23 th,Lunas,Tidak,Tidak,Tidak,115.2,125.0,5,0,0.0,5,0,0.0,0.0,0.0,0.9111,Berisiko,Sangat Tinggi
JJI-00511,Enrolled,0,Communication Design,Fase 1 - kuota umum,Lajang,Perempuan,Siang,18,≤20 th,Lunas,Tidak,Tidak,Ya,120.7,121.0,6,4,10.75,6,0,0.0,0.667,0.0,0.9034,Berisiko,Sangat Tinggi
JJI-00512,Dropout,1,Social Service (kelas malam),Usia di atas 23 tahun,Menikah,Perempuan,Malam,32,28-35 th,Menunggak,Tidak,Tidak,Tidak,101.8,120.0,5,0,0.0,5,0,0.0,0.0,0.0,0.9846,Berisiko,Sangat Tinggi
JJI-00513,Graduate,0,Advertising & Marketing Management,Usia di atas 23 tahun,Lajang,Perempuan,Siang,28,28-35 th,Lunas,Tidak,Tidak,Tidak,100.0,140.0,5,4,12.5,5,4,11.75,0.8,0.8,0.4162,Aman,Sedang
JJI-00514,Dropout,1,Management (kelas malam),Usia di atas 23 tahun,Lajang,Perempuan,Malam,40,>35 th,Menunggak,Tidak,Tidak,Tidak,121.9,100.0,4,0,0.0,5,0,0.0,0.0,0.0,0.9923,Berisiko,Sangat Tinggi
JJI-00515,Dropout,1,Social Service (kelas malam),Fase 3 - kuota umum,Menikah,Perempuan,Malam,39,>35 th,Menunggak,Ya,Tidak,Tidak,120.4,140.0,5,0,0.0,4,0,0.0,0.0,0.0,0.9902,Berisiko,Sangat Tinggi
JJI-00516,Dropout,1,Social Service,Fase 3 - kuota umum,Menikah,Perempuan,Siang,39,>35 th,Menunggak,Ya,Tidak,Tidak,120.4,140.0,6,0,0.0,6,0,0.0,0.0,0.0,0.9949,Berisiko,Sangat Tinggi
JJI-00517,Graduate,0,Agronomy,Usia di atas 23 tahun,Menikah,Perempuan,Siang,50,>35 th,Lunas,Tidak,Tidak,Tidak,148.8,120.0,6,6,12.5,6,5,12.4,1.0,0.833,0.3753,Aman,Sedang
JJI-00518,Dropout,1,Basic Education,Fase 2 - kuota umum,Lajang,Perempuan,Siang,23,21-23 th,Lunas,Tidak,Tidak,Ya,123.0,138.0,6,5,12.8,6,3,11.67,0.833,0.5,0.6407,Berisiko,Tinggi
JJI-00519,Dropout,1,Social Service (kelas malam),Usia di atas 23 tahun,Bercerai,Perempuan,Malam,48,>35 th,Lunas,Tidak,Tidak,Tidak,100.0,133.1,6,1,10.0,6,1,11.0,0.167,0.167,0.8877,Berisiko,Sangat Tinggi
JJI-00520,Dropout,1,Basic Education,Fase 2 - kuota umum,Lajang,Perempuan,Siang,23,21-23 th,Lunas,Tidak,Tidak,Ya,112.1,118.0,6,4,11.25,6,5,10.2,0.667,0.833,0.5185,Berisiko,Tinggi
JJI-00521,Graduate,0,Nursing,Fase 1 - kuota umum,Lajang,Perempuan,Siang,18,≤20 th,Lunas,Tidak,Ya,Ya,126.8,135.0,8,7,12.61,8,7,12.61,0.875,0.875,0.0928,Aman,Rendah
JJI-00522,Graduate,0,Equinculture,Fase 2 - kuota umum,Lajang,Perempuan,Siang,18,≤20 th,Lunas,Tidak,Tidak,Tidak,115.9,130.0,5,2,12.0,5,5,12.6,0.4,1.0,0.3235,Aman,Sedang
JJI-00523,Graduate,0,Social Service,Mahasiswa internasional (S1),Lajang,Perempuan,Siang,20,≤20 th,Menunggak,Tidak,Tidak,Ya,132.5,150.0,6,5,13.0,6,6,13.5,0.833,1.0,0.2995,Aman,Sedang
JJI-00524,Graduate,0,Veterinary Nursing,Fase 3 - kuota umum,Lajang,Perempuan,Siang,18,≤20 th,Lunas,Tidak,Ya,Ya,132.2,149.0,5,4,12.0,5,5,13.0,0.8,1.0,0.1211,Aman,Rendah
JJI-00525,Dropout,1,Oral Hygiene,Fase 1 - kuota umum,Lajang,Perempuan,Siang,18,≤20 th,Lunas,Tidak,Tidak,Ya,183.5,180.0,7,4,12.0,8,0,0.0,0.571,0.0,0.9424,Berisiko,Sangat Tinggi
JJI-00526,Dropout,1,Informatics Engineering,Pindah program studi,Lajang,Laki-laki,Siang,31,28-35 th,Lunas,Tidak,Tidak,Tidak,136.0,133.1,5,1,12.0,5,1,11.0,0.2,0.2,0.8397,Berisiko,Sangat Tinggi
JJI-00527,Enrolled,0,Informatics Engineering,Usia di atas 23 tahun,Lajang,Laki-laki,Siang,24,24-27 th,Lunas,Tidak,Tidak,Ya,100.9,133.1,5,1,12.0,5,3,10.5,0.2,0.6,0.7303,Berisiko,Tinggi
JJI-00528,Graduate,0,Animation & Multimedia Design,Usia di atas 23 tahun,Lajang,Laki-laki,Siang,24,24-27 th,Lunas,Tidak,Tidak,Ya,114.5,145.0,0,0,0.0,0,0,0.0,,,0.6758,Berisiko,Tinggi
JJI-00529,Dropout,1,Management,Usia di atas 23 tahun,Lajang,Laki-laki,Siang,26,24-27 th,Menunggak,Ya,Tidak,Tidak,110.3,110.0,5,0,0.0,5,0,0.0,0.0,0.0,0.9944,Berisiko,Sangat Tinggi
JJI-00530,Dropout,1,Equinculture,Fase 1 - kuota umum,Lajang,Laki-laki,Siang,18,≤20 th,Lunas,Ya,Tidak,Ya,137.2,154.0,6,5,13.62,6,4,11.75,0.833,0.667,0.5705,Berisiko,Tinggi
JJI-00531,Enrolled,0,Management,Fase 2 - kuota umum,Lajang,Laki-laki,Siang,19,≤20 th,Lunas,Tidak,Ya,Tidak,116.9,126.0,5,3,11.67,5,3,11.67,0.6,0.6,0.3575,Aman,Sedang
JJI-00532,Dropout,1,Advertising & Marketing Management,Fase 2 - kuota umum,Lajang,Laki-laki,Siang,22,21-23 th,Lunas,Tidak,Tidak,Ya,121.8,133.0,6,0,0.0,6,0,0.0,0.0,0.0,0.9747,Berisiko,Sangat Tinggi
JJI-00533,Graduate,0,Nursing,Fase 1 - kuota umum,Lajang,Laki-laki,Siang,18,≤20 th,Lunas,Tidak,Tidak,Ya,127.3,145.0,8,7,11.69,8,7,11.69,0.875,0.875,0.1708,Aman,Rendah
JJI-00534,Dropout,1,Communication Design,Pemegang diploma spesialisasi teknologi,Lajang,Laki-laki,Siang,20,≤20 th,Menunggak,Ya,Tidak,Tidak,120.0,120.0,6,0,0.0,6,0,0.0,0.0,0.0,0.9944,Berisiko,Sangat Tinggi
JJI-00535,Graduate,0,Animation & Multimedia Design,Pemegang diploma spesialisasi teknologi,Lajang,Laki-laki,Siang,25,24-27 th,Lunas,Tidak,Tidak,Tidak,150.0,150.0,0,0,0.0,0,0,0.0,,,0.6071,Berisiko,Tinggi
JJI-00536,Graduate,0,Management (kelas malam),Pindah program studi,Lajang,Laki-laki,Malam,24,24-27 th,Lunas,Tidak,Tidak,Ya,100.0,150.0,5,4,11.5,5,5,11.29,0.8,1.0,0.3811,Aman,Sedang
JJI-00537,Dropout,1,Informatics Engineering,Usia di atas 23 tahun,Lajang,Laki-laki,Siang,27,24-27 th,Lunas,Tidak,Tidak,Ya,150.0,150.0,5,1,14.0,5,0,0.0,0.2,0.0,0.9566,Berisiko,Sangat Tinggi
JJI-00538,Graduate,0,Tourism,Fase 2 - kuota umum,Lajang,Laki-laki,Siang,21,21-23 th,Lunas,Tidak,Tidak,Tidak,116.9,127.0,6,5,11.0,6,5,12.4,0.833,0.833,0.3121,Aman,Sedang
JJI-00539,Graduate,0,Agronomy,Pemegang diploma spesialisasi teknologi,Lajang,Laki-laki,Siang,21,21-23 th,Lunas,Tidak,Tidak,Ya,140.0,140.0,6,6,12.86,6,6,13.17,1.0,1.0,0.1339,Aman,Rendah
JJI-00540,Dropout,1,Journalism & Communication,Fase 3 - kuota umum,Lajang,Laki-laki,Siang,19,≤20 th,Lunas,Tidak,Tidak,Ya,122.1,128.0,6,4,12.5,6,6,11.33,0.667,1.0,0.3445,Aman,Sedang
JJI-00541,Graduate,0,Nursing,Usia di atas 23 tahun,Lajang,Laki-laki,Siang,28,28-35 th,Lunas,Tidak,Tidak,Tidak,160.0,127.0,7,7,14.53,8,8,15.02,1.0,1.0,0.1008,Aman,Rendah
JJI-00542,Enrolled,0,Management,Fase 1 - kuota umum,Lajang,Laki-laki,Siang,20,≤20 th,Lunas,Tidak,Tidak,Tidak,118.4,117.0,5,5,10.0,5,2,12.0,1.0,0.4,0.357,Aman,Sedang
JJI-00543,Graduate,0,Agronomy,Pemegang diploma spesialisasi teknologi,Lajang,Laki-laki,Siang,21,21-23 th,Lunas,Tidak,Ya,Tidak,150.0,150.0,6,6,13.0,6,6,12.62,1.0,1.0,0.0874,Aman,Rendah
JJI-00544,Graduate,0,Nursing,Fase 1 - kuota umum,Lajang,Laki-laki,Siang,18,≤20 th,Lunas,Tidak,Ya,Tidak,144.9,154.0,7,7,15.96,8,8,15.19,1.0,1.0,0.0395,Aman,Rendah
JJI-00545,Enrolled,0,Informatics Engineering,Fase 2 - kuota umum,Lajang,Laki-laki,Siang,18,≤20 th,Lunas,Tidak,Ya,Ya,121.1,127.0,5,5,13.2,5,5,12.6,1.0,1.0,0.1489,Aman,Rendah
JJI-00546,Enrolled,0,Management,Fase 1 - kuota umum,Lajang,Laki-laki,Siang,20,≤20 th,Lunas,Tidak,Tidak,Tidak,121.8,133.0,5,4,10.2,5,3,11.0,0.8,0.6,0.3761,Aman,Sedang
JJI-00547,Enrolled,0,Informatics Engineering,Usia di atas 23 tahun,Lajang,Laki-laki,Siang,25,24-27 th,Lunas,Tidak,Tidak,Tidak,146.8,120.0,5,5,14.2,5,2,13.5,1.0,0.4,0.4544,Berisiko,Tinggi
JJI-00548,Enrolled,0,Advertising & Marketing Management,Fase 1 - kuota umum,Lajang,Laki-laki,Siang,22,21-23 th,Lunas,Ya,Tidak,Tidak,138.0,133.1,6,6,12.62,6,2,14.5,1.0,0.333,0.6002,Berisiko,Tinggi
JJI-00549,Enrolled,0,Nursing,Fase 1 - kuota umum,Lajang,Laki-laki,Siang,18,≤20 th,Lunas,Tidak,Tidak,Tidak,138.0,149.0,8,6,13.5,8,6,13.5,0.75,0.75,0.2274,Aman,Rendah
JJI-00550,Graduate,0,Management,Fase 2 - kuota umum,Lajang,Laki-laki,Siang,19,≤20 th,Lunas,Tidak,Tidak,Ya,116.3,125.0,5,5,13.25,5,5,11.0,1.0,1.0,0.2508,Aman,Sedang
JJI-00551,Dropout,1,Informatics Engineering,Fase 1 - kuota umum,Lajang,Laki-laki,Siang,19,≤20 th,Lunas,Tidak,Tidak,Ya,122.5,126.0,5,3,12.0,5,3,12.0,0.6,0.6,0.4835,Berisiko,Tinggi
JJI-00552,Dropout,1,Journalism & Communication,Usia di atas 23 tahun,Lajang,Laki-laki,Siang,25,24-27 th,Menunggak,Ya,Tidak,Ya,115.0,133.1,6,4,13.0,6,4,13.75,0.667,0.667,0.9006,Berisiko,Sangat Tinggi
JJI-00553,Dropout,1,Communication Design,Pindah program studi,Lajang,Laki-laki,Siang,21,21-23 th,Lunas,Ya,Tidak,Tidak,115.0,115.0,11,9,11.78,8,3,13.67,0.818,0.375,0.7559,Berisiko,Sangat Tinggi
JJI-00554,Dropout,1,Informatics Engineering,Fase 2 - kuota umum,Lajang,Laki-laki,Siang,19,≤20 th,Lunas,Tidak,Tidak,Ya,119.8,117.0,5,2,11.0,6,0,0.0,0.4,0.0,0.9603,Berisiko,Sangat Tinggi
JJI-00555,Dropout,1,Management,Fase 2 - kuota umum,Lajang,Laki-laki,Siang,20,≤20 th,Lunas,Tidak,Tidak,Tidak,95.0,133.1,5,0,0.0,5,0,0.0,0.0,0.0,0.9464,Berisiko,Sangat Tinggi
JJI-00556,Dropout,1,Agronomy,Pemegang diploma spesialisasi teknologi,Lajang,Laki-laki,Siang,25,24-27 th,Lunas,Tidak,Tidak,Tidak,150.0,150.0,14,14,12.43,9,6,10.86,1.0,0.667,0.3072,Aman,Sedang
JJI-00557,Enrolled,0,Management,Fase 2 - kuota umum,Lajang,Laki-laki,Siang,20,≤20 th,Lunas,Tidak,Tidak,Ya,117.8,130.0,5,3,11.0,5,3,12.0,0.6,0.6,0.4742,Berisiko,Tinggi
JJI-00558,Graduate,0,Animation & Multimedia Design,Fase 1 - kuota umum,Lajang,Laki-laki,Siang,18,≤20 th,Lunas,Tidak,Tidak,Ya,144.2,161.0,0,0,0.0,0,0,0.0,,,0.544,Berisiko,Tinggi
JJI-00559,Enrolled,0,Tourism,Pemegang diploma spesialisasi teknologi,Lajang,Laki-laki,Siang,23,21-23 th,Lunas,Ya,Tidak,Ya,130.0,130.0,6,3,11.5,6,3,10.67,0.5,0.5,0.7687,Berisiko,Sangat Tinggi
JJI-00560,Graduate,0,Nursing,Transfer,Lajang,Laki-laki,Siang,23,21-23 th,Lunas,Tidak,Tidak,Ya,128.2,111.0,8,8,12.51,8,8,12.51,1.0,1.0,0.1639,Aman,Rendah
JJI-00561,Graduate,0,Agronomy,Pemegang diploma short cycle,Lajang,Laki-laki,Siang,21,21-23 th,Lunas,Tidak,Tidak,Tidak,135.3,140.0,12,11,12.09,12,11,12.0,0.917,0.917,0.1367,Aman,Rendah
JJI-00562,Enrolled,0,Equinculture,Fase 1 - kuota umum,Lajang,Laki-laki,Siang,20,≤20 th,Lunas,Tidak,Tidak,Ya,143.9,132.0,5,2,11.0,5,3,12.67,0.4,0.6,0.5534,Berisiko,Tinggi
JJI-00563,Dropout,1,Management (kelas malam),Usia di atas 23 tahun,Lajang,Laki-laki,Malam,25,24-27 th,Lunas,Tidak,Tidak,Tidak,140.7,139.0,5,1,10.0,5,2,11.33,0.2,0.4,0.7666,Berisiko,Sangat Tinggi
JJI-00564,Graduate,0,Equinculture,Fase 1 - kuota umum,Lajang,Laki-laki,Siang,18,≤20 th,Lunas,Tidak,Tidak,Ya,130.4,132.0,6,6,13.5,6,5,13.2,1.0,0.833,0.232,Aman,Rendah
JJI-00565,Graduate,0,Communication Design,Fase 1 - kuota umum,Lajang,Laki-laki,Siang,22,21-23 th,Lunas,Tidak,Tidak,Ya,123.2,119.0,6,6,14.17,6,6,13.62,1.0,1.0,0.1711,Aman,Rendah
JJI-00566,Graduate,0,Advertising & Marketing Management,Usia di atas 23 tahun,Lajang,Laki-laki,Siang,27,24-27 th,Lunas,Tidak,Tidak,Tidak,118.0,133.1,6,6,14.0,6,6,14.71,1.0,1.0,0.2102,Aman,Rendah
JJI-00567,Dropout,1,Agronomy,Usia di atas 23 tahun,Lajang,Laki-laki,Siang,25,24-27 th,Lunas,Tidak,Tidak,Tidak,120.0,133.1,3,0,0.0,3,0,0.0,0.0,0.0,0.8778,Berisiko,Sangat Tinggi
JJI-00568,Dropout,1,Informatics Engineering,Fase 2 - kuota umum,Lajang,Laki-laki,Siang,18,≤20 th,Lunas,Tidak,Tidak,Ya,118.9,129.0,5,3,11.67,5,3,11.33,0.6,0.6,0.5741,Berisiko,Tinggi
JJI-00569,Graduate,0,Veterinary Nursing,Fase 2 - kuota umum,Lajang,Laki-laki,Siang,20,≤20 th,Lunas,Tidak,Tidak,Tidak,117.2,128.0,5,5,14.6,5,5,14.2,1.0,1.0,0.1337,Aman,Rendah
JJI-00570,Graduate,0,Agronomy,Usia di atas 23 tahun,Lajang,Laki-laki,Siang,27,24-27 th,Lunas,Tidak,Tidak,Tidak,120.0,120.0,6,5,13.0,6,5,11.5,0.833,0.833,0.3142,Aman,Sedang
JJI-00571,Graduate,0,Social Service (kelas malam),Fase 1 - kuota umum,Lajang,Laki-laki,Malam,20,≤20 th,Lunas,Tidak,Tidak,Tidak,118.1,130.0,6,6,12.17,6,6,12.0,1.0,1.0,0.1045,Aman,Rendah
JJI-00572,Dropout,1,Management,Fase 1 - kuota umum,Lajang,Laki-laki,Siang,22,21-23 th,Lunas,Tidak,Tidak,Ya,124.8,130.0,5,0,0.0,5,1,12.0,0.0,0.2,0.7777,Berisiko,Sangat Tinggi
JJI-00573,Dropout,1,Informatics Engineering,Fase 2 - kuota umum,Lajang,Laki-laki,Siang,19,≤20 th,Lunas,Tidak,Tidak,Ya,106.5,111.0,5,3,10.5,5,3,10.8,0.6,0.6,0.6093,Berisiko,Tinggi
JJI-00574,Enrolled,0,Management,Fase 1 - kuota umum,Lajang,Laki-laki,Siang,20,≤20 th,Lunas,Tidak,Tidak,Tidak,116.8,121.0,5,3,12.4,5,5,10.83,0.6,1.0,0.2826,Aman,Sedang
JJI-00575,Graduate,0,Animation & Multimedia Design,Pindah program studi,Lajang,Laki-laki,Siang,19,≤20 th,Lunas,Tidak,Tidak,Tidak,109.3,117.0,0,0,0.0,0,0,0.0,,,0.6035,Berisiko,Tinggi
JJI-00576,Dropout,1,Veterinary Nursing,Usia di atas 23 tahun,Menikah,Laki-laki,Siang,29,28-35 th,Menunggak,Tidak,Tidak,Ya,120.0,133.1,5,0,0.0,5,0,0.0,0.0,0.0,0.9909,Berisiko,Sangat Tinggi
JJI-00577,Graduate,0,Nursing,Fase 1 - kuota umum,Lajang,Laki-laki,Siang,19,≤20 th,Lunas,Tidak,Tidak,Tidak,137.5,149.0,8,7,13.83,8,7,13.83,0.875,0.875,0.1321,Aman,Rendah
JJI-00578,Enrolled,0,Management (kelas malam),Usia di atas 23 tahun,Lajang,Perempuan,Malam,28,28-35 th,Lunas,Tidak,Ya,Ya,150.0,172.0,5,5,10.6,5,5,10.2,1.0,1.0,0.2313,Aman,Rendah
JJI-00579,Graduate,0,Social Service,Fase 1 - kuota umum,Menikah,Perempuan,Siang,20,≤20 th,Lunas,Tidak,Tidak,Tidak,120.4,134.0,6,6,11.5,6,6,11.67,1.0,1.0,0.0737,Aman,Rendah
JJI-00580,Graduate,0,Communication Design,Fase 1 - kuota umum,Lajang,Perempuan,Siang,20,≤20 th,Lunas,Tidak,Tidak,Ya,136.7,136.0,6,4,13.5,6,6,13.62,0.667,1.0,0.1462,Aman,Rendah
JJI-00581,Dropout,1,Social Service (kelas malam),Usia di atas 23 tahun,Lajang,Perempuan,Malam,31,28-35 th,Lunas,Tidak,Tidak,Ya,118.5,133.1,6,0,0.0,6,0,0.0,0.0,0.0,0.9789,Berisiko,Sangat Tinggi
JJI-00582,Graduate,0,Nursing,Fase 2 - kuota umum,Lajang,Perempuan,Siang,18,≤20 th,Lunas,Tidak,Tidak,Ya,133.0,141.0,7,7,12.54,8,7,12.61,1.0,0.875,0.1521,Aman,Rendah
JJI-00583,Enrolled,0,Advertising & Marketing Management,Fase 2 - kuota umum,Lajang,Perempuan,Siang,19,≤20 th,Lunas,Tidak,Tidak,Ya,128.8,141.0,6,6,14.83,6,6,13.29,1.0,1.0,0.1637,Aman,Rendah
JJI-00584,Graduate,0,Management,Fase 1 - kuota umum,Lajang,Perempuan,Siang,18,≤20 th,Lunas,Tidak,Tidak,Ya,133.0,148.0,5,4,12.0,5,4,12.8,0.8,0.8,0.211,Aman,Rendah
JJI-00585,Graduate,0,Tourism,Fase 2 - kuota umum,Lajang,Perempuan,Siang,19,≤20 th,Lunas,Tidak,Tidak,Tidak,102.0,102.0,6,5,11.8,6,5,11.6,0.833,0.833,0.2532,Aman,Sedang
JJI-00586,Graduate,0,Management,Fase 1 - kuota umum,Lajang,Perempuan,Siang,18,≤20 th,Lunas,Tidak,Ya,Tidak,133.9,143.0,5,5,15.0,5,5,15.2,1.0,1.0,0.045,Aman,Rendah
JJI-00587,Graduate,0,Veterinary Nursing,Fase 2 - kuota umum,Lajang,Perempuan,Siang,19,≤20 th,Lunas,Tidak,Tidak,Tidak,127.0,120.0,5,3,12.0,5,5,13.2,0.6,1.0,0.1551,Aman,Rendah
JJI-00588,Graduate,0,Journalism & Communication,Fase 2 - kuota umum,Lajang,Perempuan,Siang,18,≤20 th,Lunas,Tidak,Ya,Ya,120.4,121.0,6,6,12.83,6,6,12.29,1.0,1.0,0.116,Aman,Rendah
JJI-00589,Graduate,0,Tourism,Fase 1 - kuota umum,Lajang,Perempuan,Siang,19,≤20 th,Lunas,Tidak,Tidak,Ya,124.5,122.0,6,6,11.67,6,3,12.0,1.0,0.5,0.3751,Aman,Sedang
JJI-00590,Graduate,0,Oral Hygiene,Fase 1 - kuota umum,Lajang,Perempuan,Siang,19,≤20 th,Lunas,Tidak,Tidak,Tidak,123.9,122.0,7,7,12.16,8,8,13.82,1.0,1.0,0.0749,Aman,Rendah
JJI-00591,Graduate,0,Advertising & Marketing Management,Fase 1 - kuota umum,Lajang,Perempuan,Siang,18,≤20 th,Lunas,Tidak,Tidak,Ya,117.8,123.0,6,6,13.83,6,6,14.56,1.0,1.0,0.1124,Aman,Rendah
JJI-00592,Enrolled,0,Nursing,Fase 1 - kuota umum,Lajang,Perempuan,Siang,19,≤20 th,Lunas,Tidak,Tidak,Tidak,126.7,133.0,7,4,12.45,7,5,11.7,0.571,0.714,0.2566,Aman,Sedang
JJI-00593,Graduate,0,Advertising & Marketing Management,Pemegang diploma spesialisasi teknologi,Lajang,Perempuan,Siang,20,≤20 th,Lunas,Tidak,Ya,Tidak,110.0,110.0,6,6,12.12,6,6,13.57,1.0,1.0,0.0779,Aman,Rendah
JJI-00594,Enrolled,0,Advertising & Marketing Management,Fase 2 - kuota umum,Lajang,Perempuan,Siang,20,≤20 th,Lunas,Tidak,Tidak,Ya,134.7,155.0,6,5,13.4,6,4,13.0,0.833,0.667,0.3891,Aman,Sedang
JJI-00595,Enrolled,0,Agronomy,Fase 2 - kuota umum,Lajang,Perempuan,Siang,20,≤20 th,Lunas,Ya,Tidak,Tidak,113.2,119.0,6,6,13.33,6,5,14.0,1.0,0.833,0.2113,Aman,Rendah
JJI-00596,Dropout,1,Management (kelas malam),Usia di atas 23 tahun,Lajang,Perempuan,Malam,29,28-35 th,Lunas,Tidak,Tidak,Tidak,141.0,120.0,15,11,11.45,13,11,11.55,0.733,0.846,0.3502,Aman,Sedang
JJI-00597,Dropout,1,Basic Education,Fase 2 - kuota umum,Lajang,Perempuan,Siang,20,≤20 th,Menunggak,Tidak,Ya,Tidak,111.5,133.1,6,4,12.0,6,3,10.0,0.667,0.5,0.8409,Berisiko,Sangat Tinggi
JJI-00598,Dropout,1,Basic Education,Usia di atas 23 tahun,Bercerai,Perempuan,Siang,31,28-35 th,Menunggak,Ya,Tidak,Tidak,140.0,143.0,7,6,12.67,7,5,12.6,0.857,0.714,0.828,Berisiko,Sangat Tinggi
JJI-00599,Graduate,0,Advertising & Marketing Management,Fase 2 - kuota umum,Lajang,Perempuan,Siang,20,≤20 th,Lunas,Tidak,Tidak,Tidak,134.3,149.0,6,6,12.67,6,6,13.78,1.0,1.0,0.1206,Aman,Rendah
JJI-00600,Graduate,0,Agronomy,Fase 2 - kuota umum,Lajang,Perempuan,Siang,21,21-23 th,Lunas,Tidak,Tidak,Ya,125.3,133.0,18,18,11.89,13,13,11.46,1.0,1.0,0.068,Aman,Rendah
JJI-00601,Dropout,1,Equinculture,Pemegang gelar pendidikan tinggi lain,Lajang,Perempuan,Siang,23,21-23 th,Lunas,Tidak,Tidak,Ya,140.0,140.0,6,0,0.0,6,0,0.0,0.0,0.0,0.9805,Berisiko,Sangat Tinggi
JJI-00602,Dropout,1,Communication Design,Fase 2 - kuota umum,Lajang,Perempuan,Siang,21,21-23 th,Menunggak,Ya,Tidak,Tidak,119.6,122.0,6,4,13.0,6,4,11.6,0.667,0.667,0.8287,Berisiko,Sangat Tinggi
JJI-00603,Graduate,0,Nursing,Pemegang gelar pendidikan tinggi lain,Lajang,Perempuan,Siang,24,24-27 th,Lunas,Tidak,Tidak,Tidak,170.0,170.0,7,7,16.89,8,8,15.74,1.0,1.0,0.083,Aman,Rendah
JJI-00604,Graduate,0,Social Service (kelas malam),Usia di atas 23 tahun,Lajang,Perempuan,Malam,27,24-27 th,Lunas,Tidak,Tidak,Tidak,150.5,120.0,6,6,12.5,6,6,12.33,1.0,1.0,0.1261,Aman,Rendah
JJI-00605,Graduate,0,Nursing,Fase 1 - kuota umum,Lajang,Perempuan,Siang,18,≤20 th,Lunas,Tidak,Ya,Tidak,128.0,143.0,7,7,13.06,8,8,15.81,1.0,1.0,0.0276,Aman,Rendah
JJI-00606,Dropout,1,Animation & Multimedia Design,Fase 1 - kuota umum,Lajang,Perempuan,Siang,21,21-23 th,Menunggak,Tidak,Tidak,Ya,108.7,115.0,0,0,0.0,0,0,0.0,,,0.8368,Berisiko,Sangat Tinggi
JJI-00607,Dropout,1,Equinculture,Fase 2 - kuota umum,Lajang,Perempuan,Siang,19,≤20 th,Lunas,Ya,Ya,Ya,121.6,123.0,5,0,0.0,5,0,0.0,0.0,0.0,0.9554,Berisiko,Sangat Tinggi
JJI-00608,Graduate,0,Nursing,Fase 1 - kuota umum,Lajang,Perempuan,Siang,19,≤20 th,Lunas,Tidak,Ya,Ya,125.3,131.0,8,7,12.36,8,7,12.36,0.875,0.875,0.1234,Aman,Rendah
JJI-00609,Dropout,1,Veterinary Nursing,Fase 2 - kuota umum,Lajang,Perempuan,Siang,18,≤20 th,Lunas,Tidak,Tidak,Tidak,117.6,127.0,6,0,0.0,6,0,0.0,0.0,0.0,0.9402,Berisiko,Sangat Tinggi
JJI-00610,Enrolled,0,Nursing,Pindah program studi,Lajang,Perempuan,Siang,18,≤20 th,Lunas,Tidak,Ya,Ya,124.3,126.0,7,5,11.98,7,5,11.98,0.714,0.714,0.185,Aman,Rendah
JJI-00611,Graduate,0,Basic Education,Fase 1 - kuota umum,Lajang,Perempuan,Siang,20,≤20 th,Lunas,Ya,Ya,Ya,106.1,112.0,7,7,13.86,7,7,12.57,1.0,1.0,0.1889,Aman,Rendah
JJI-00612,Graduate,0,Social Service (kelas malam),Fase 1 - kuota umum,Menikah,Perempuan,Malam,24,24-27 th,Lunas,Tidak,Tidak,Ya,139.9,150.0,6,5,13.0,6,6,14.17,0.833,1.0,0.0947,Aman,Rendah
JJI-00613,Graduate,0,Communication Design,Fase 1 - kuota umum,Lajang,Perempuan,Siang,20,≤20 th,Lunas,Tidak,Tidak,Ya,110.8,116.0,6,6,12.83,6,6,11.17,1.0,1.0,0.13,Aman,Rendah
JJI-00614,Enrolled,0,Management,Fase 2 - kuota umum,Lajang,Perempuan,Siang,20,≤20 th,Lunas,Tidak,Tidak,Tidak,118.0,118.0,5,4,11.0,5,5,13.2,0.8,1.0,0.1782,Aman,Rendah
JJI-00615,Graduate,0,Nursing,Fase 1 - kuota umum,Lajang,Perempuan,Siang,19,≤20 th,Lunas,Tidak,Ya,Ya,117.8,130.0,8,7,12.36,8,7,12.36,0.875,0.875,0.0862,Aman,Rendah
JJI-00616,Graduate,0,Nursing,Fase 1 - kuota umum,Lajang,Perempuan,Siang,18,≤20 th,Lunas,Tidak,Ya,Ya,127.5,144.0,8,7,13.86,8,7,13.86,0.875,0.875,0.096,Aman,Rendah
JJI-00617,Graduate,0,Social Service,Fase 2 - kuota umum,Lajang,Perempuan,Siang,20,≤20 th,Lunas,Tidak,Ya,Ya,129.7,105.0,6,6,12.33,6,6,10.67,1.0,1.0,0.0921,Aman,Rendah
JJI-00618,Graduate,0,Nursing,Fase 2 - kuota umum,Lajang,Perempuan,Siang,20,≤20 th,Lunas,Tidak,Tidak,Ya,130.6,143.0,7,7,12.85,8,8,13.79,1.0,1.0,0.0934,Aman,Rendah
JJI-00619,Graduate,0,Nursing,Fase 2 - kuota umum,Lajang,Perempuan,Siang,19,≤20 th,Lunas,Tidak,Ya,Ya,126.3,137.0,7,6,12.34,8,8,13.02,0.857,1.0,0.0715,Aman,Rendah
JJI-00620,Enrolled,0,Veterinary Nursing,Pemegang diploma spesialisasi teknologi,Lajang,Perempuan,Siang,19,≤20 th,Lunas,Tidak,Tidak,Ya,140.0,140.0,6,5,12.67,6,4,11.75,0.833,0.667,0.2591,Aman,Sedang
JJI-00621,Graduate,0,Journalism & Communication,Fase 1 - kuota umum,Lajang,Perempuan,Siang,20,≤20 th,Lunas,Tidak,Tidak,Ya,105.0,133.1,6,6,13.83,6,6,12.5,1.0,1.0,0.1681,Aman,Rendah
JJI-00622,Dropout,1,Management,Fase 2 - kuota umum,Lajang,Perempuan,Siang,19,≤20 th,Lunas,Tidak,Tidak,Ya,114.6,116.0,5,2,10.75,5,2,10.0,0.4,0.4,0.632,Berisiko,Tinggi
JJI-00623,Dropout,1,Basic Education,Fase 2 - kuota umum,Lajang,Perempuan,Siang,19,≤20 th,Lunas,Tidak,Tidak,Ya,114.6,117.0,6,4,13.25,6,4,10.25,0.667,0.667,0.625,Berisiko,Tinggi
JJI-00624,Graduate,0,Nursing,Fase 2 - kuota umum,Lajang,Perempuan,Siang,18,≤20 th,Lunas,Tidak,Ya,Ya,131.0,137.0,8,8,13.73,8,8,13.73,1.0,1.0,0.0557,Aman,Rendah
JJI-00625,Dropout,1,Communication Design,Fase 2 - kuota umum,Lajang,Perempuan,Siang,23,21-23 th,Lunas,Tidak,Ya,Tidak,109.0,116.0,6,6,13.33,6,3,12.67,1.0,0.5,0.2867,Aman,Sedang
JJI-00626,Dropout,1,Basic Education,Fase 1 - kuota umum,Lajang,Perempuan,Siang,21,21-23 th,Lunas,Tidak,Tidak,Ya,132.0,133.1,6,5,12.0,6,5,10.8,0.833,0.833,0.3313,Aman,Sedang
JJI-00627,Graduate,0,Social Service (kelas malam),Pemegang diploma spesialisasi teknologi,Lajang,Perempuan,Malam,23,21-23 th,Lunas,Tidak,Tidak,Ya,130.0,130.0,9,9,10.89,8,6,11.33,1.0,0.75,0.2118,Aman,Rendah
JJI-00628,Graduate,0,Nursing,Fase 1 - kuota umum,Lajang,Perempuan,Siang,19,≤20 th,Lunas,Tidak,Tidak,Ya,109.5,106.0,7,7,13.02,8,8,13.81,1.0,1.0,0.0741,Aman,Rendah
JJI-00629,Graduate,0,Journalism & Communication,Fase 2 - kuota umum,Lajang,Perempuan,Siang,18,≤20 th,Lunas,Tidak,Tidak,Ya,115.9,125.0,6,6,13.0,6,6,14.17,1.0,1.0,0.1519,Aman,Rendah
JJI-00630,Graduate,0,Journalism & Communication,Fase 1 - kuota umum,Lajang,Perempuan,Siang,19,≤20 th,Lunas,Tidak,Tidak,Ya,131.6,134.0,6,5,11.8,6,5,12.0,0.833,0.833,0.2338,Aman,Rendah
JJI-00631,Graduate,0,Nursing,Usia di atas 23 tahun,Lajang,Perempuan,Siang,25,24-27 th,Lunas,Tidak,Ya,Tidak,120.0,133.1,8,7,12.04,8,7,12.04,0.875,0.875,0.1178,Aman,Rendah
JJI-00632,Enrolled,0,Basic Education,Fase 1 - kuota umum,Lajang,Perempuan,Siang,19,≤20 th,Lunas,Tidak,Tidak,Ya,109.7,117.0,6,5,12.2,6,4,13.0,0.833,0.667,0.4181,Berisiko,Tinggi
JJI-00633,Graduate,0,Nursing,Fase 1 - kuota umum,Lajang,Perempuan,Siang,19,≤20 th,Lunas,Tidak,Ya,Tidak,136.4,136.0,7,7,12.84,8,8,15.5,1.0,1.0,0.0278,Aman,Rendah
JJI-00634,Graduate,0,Oral Hygiene,Usia di atas 23 tahun,Lajang,Perempuan,Siang,24,24-27 th,Lunas,Ya,Ya,Tidak,120.0,120.0,7,7,11.0,8,7,11.7,1.0,0.875,0.2074,Aman,Rendah
JJI-00635,Graduate,0,Advertising & Marketing Management,Fase 1 - kuota umum,Lajang,Perempuan,Siang,18,≤20 th,Lunas,Tidak,Ya,Ya,132.6,135.0,6,6,13.5,6,5,14.0,1.0,0.833,0.1191,Aman,Rendah
JJI-00636,Graduate,0,Social Service,Fase 2 - kuota umum,Lajang,Perempuan,Siang,19,≤20 th,Lunas,Tidak,Ya,Ya,112.9,122.0,6,6,12.12,6,6,12.71,1.0,1.0,0.085,Aman,Rendah
JJI-00637,Graduate,0,Nursing,Fase 1 - kuota umum,Lajang,Perempuan,Siang,18,≤20 th,Lunas,Tidak,Ya,Tidak,134.3,147.0,8,7,12.63,8,7,12.63,0.875,0.875,0.0859,Aman,Rendah
JJI-00638,Enrolled,0,Management (kelas malam),Usia di atas 23 tahun,Lajang,Perempuan,Malam,27,24-27 th,Lunas,Tidak,Tidak,Tidak,123.2,120.0,5,3,10.67,5,4,11.4,0.6,0.8,0.4059,Aman,Sedang
JJI-00639,Graduate,0,Social Service,Fase 2 - kuota umum,Lajang,Perempuan,Siang,19,≤20 th,Lunas,Tidak,Tidak,Tidak,117.2,121.0,6,5,11.2,6,5,11.6,0.833,0.833,0.2128,Aman,Rendah
JJI-00640,Dropout,1,Journalism & Communication,Fase 3 - kuota umum,Lajang,Perempuan,Siang,18,≤20 th,Lunas,Tidak,Ya,Tidak,129.8,135.0,6,6,12.67,6,6,11.83,1.0,1.0,0.0988,Aman,Rendah
JJI-00641,Dropout,1,Advertising & Marketing Management,Usia di atas 23 tahun,Menikah,Perempuan,Siang,34,28-35 th,Menunggak,Ya,Tidak,Tidak,158.0,130.0,6,4,13.5,6,0,0.0,0.667,0.0,0.9947,Berisiko,Sangat Tinggi
JJI-00642,Enrolled,0,Management,Fase 1 - kuota umum,Lajang,Perempuan,Siang,18,≤20 th,Lunas,Tidak,Tidak,Tidak,116.5,128.0,5,3,11.67,5,2,11.0,0.6,0.4,0.4949,Berisiko,Tinggi
JJI-00643,Enrolled,0,Management,Fase 1 - kuota umum,Lajang,Perempuan,Siang,18,≤20 th,Lunas,Tidak,Tidak,Ya,121.0,129.0,5,2,10.5,5,3,12.33,0.4,0.6,0.358,Aman,Sedang
JJI-00644,Enrolled,0,Nursing,Fase 1 - kuota umum,Lajang,Perempuan,Siang,18,≤20 th,Lunas,Tidak,Tidak,Ya,133.8,143.0,8,8,14.27,8,8,14.27,1.0,1.0,0.0632,Aman,Rendah
JJI-00645,Dropout,1,Journalism & Communication,Fase 1 - kuota umum,Lajang,Perempuan,Siang,20,≤20 th,Menunggak,Ya,Tidak,Ya,115.0,108.0,6,0,0.0,6,0,0.0,0.0,0.0,0.9939,Berisiko,Sangat Tinggi
JJI-00646,Enrolled,0,Management,Fase 1 - kuota umum,Lajang,Perempuan,Siang,19,≤20 th,Lunas,Tidak,Ya,Ya,131.8,130.0,5,2,10.5,5,3,13.33,0.4,0.6,0.2476,Aman,Rendah
JJI-00647,Enrolled,0,Social Service,Fase 1 - kuota umum,Lajang,Perempuan,Siang,21,21-23 th,Lunas,Tidak,Tidak,Tidak,121.0,135.0,6,5,11.2,6,1,10.0,0.833,0.167,0.5562,Berisiko,Tinggi
JJI-00648,Graduate,0,Management (kelas malam),Usia di atas 23 tahun,Menikah,Perempuan,Malam,26,24-27 th,Lunas,Tidak,Tidak,Tidak,152.4,140.0,5,5,12.0,5,5,14.83,1.0,1.0,0.156,Aman,Rendah
JJI-00649,Graduate,0,Oral Hygiene,Pindah program studi,Lajang,Perempuan,Siang,27,24-27 th,Lunas,Tidak,Tidak,Tidak,110.2,120.0,7,7,12.23,8,8,13.21,1.0,1.0,0.1115,Aman,Rendah
JJI-00650,Graduate,0,Advertising & Marketing Management,Fase 1 - kuota umum,Lajang,Perempuan,Siang,20,≤20 th,Lunas,Tidak,Tidak,Ya,113.5,117.0,5,4,11.5,5,4,10.75,0.8,0.8,0.2928,Aman,Sedang
JJI-00651,Graduate,0,Social Service,Fase 2 - kuota umum,Lajang,Perempuan,Siang,18,≤20 th,Lunas,Tidak,Tidak,Ya,144.4,151.0,6,6,15.38,6,6,16.43,1.0,1.0,0.0729,Aman,Rendah
JJI-00652,Enrolled,0,Veterinary Nursing,Pemegang diploma short cycle,Lajang,Perempuan,Siang,23,21-23 th,Menunggak,Tidak,Tidak,Ya,143.3,140.0,12,9,13.67,9,6,13.5,0.75,0.667,0.7565,Berisiko,Sangat Tinggi
JJI-00653,Graduate,0,Nursing,Usia di atas 23 tahun,Lajang,Perempuan,Siang,24,24-27 th,Lunas,Tidak,Tidak,Tidak,100.0,133.1,8,7,12.61,8,7,12.61,0.875,0.875,0.163,Aman,Rendah
JJI-00654,Graduate,0,Social Service,Pemegang diploma spesialisasi teknologi,Lajang,Perempuan,Siang,19,≤20 th,Lunas,Tidak,Ya,Ya,126.3,130.0,6,5,12.2,6,6,11.5,0.833,1.0,0.0802,Aman,Rendah
JJI-00655,Graduate,0,Journalism & Communication,Fase 1 - kuota umum,Lajang,Perempuan,Siang,19,≤20 th,Lunas,Tidak,Tidak,Tidak,115.9,125.0,6,4,11.75,6,4,11.0,0.667,0.667,0.3887,Aman,Sedang
JJI-00656,Enrolled,0,Social Service,Fase 1 - kuota umum,Lajang,Perempuan,Siang,19,≤20 th,Lunas,Ya,Ya,Ya,114.9,125.0,6,5,11.4,6,3,10.0,0.833,0.5,0.4304,Berisiko,Tinggi
JJI-00657,Enrolled,0,Social Service,Fase 1 - kuota umum,Lajang,Perempuan,Siang,18,≤20 th,Lunas,Ya,Tidak,Tidak,121.0,135.0,6,5,10.6,6,2,10.0,0.833,0.333,0.5605,Berisiko,Tinggi
JJI-00658,Graduate,0,Social Service (kelas malam),Pindah institusi/prodi,Lajang,Perempuan,Malam,22,21-23 th,Lunas,Tidak,Tidak,Tidak,112.3,121.0,16,13,10.92,13,11,11.45,0.812,0.846,0.2097,Aman,Rendah
JJI-00659,Graduate,0,Communication Design,Pindah program studi,Lajang,Perempuan,Siang,20,≤20 th,Lunas,Tidak,Tidak,Tidak,127.0,141.0,6,5,12.4,6,5,12.4,0.833,0.833,0.1914,Aman,Rendah
JJI-00660,Dropout,1,Agronomy,Usia di atas 23 tahun,Lajang,Perempuan,Siang,25,24-27 th,Lunas,Tidak,Tidak,Tidak,120.0,130.0,6,0,0.0,6,0,0.0,0.0,0.0,0.9576,Berisiko,Sangat Tinggi
JJI-00661,Graduate,0,Agronomy,Pemegang diploma spesialisasi teknologi,Lajang,Perempuan,Siang,21,21-23 th,Lunas,Tidak,Tidak,Tidak,180.0,180.0,6,6,15.83,6,6,15.5,1.0,1.0,0.0631,Aman,Rendah
JJI-00662,Enrolled,0,Nursing,Fase 1 - kuota umum,Lajang,Perempuan,Siang,19,≤20 th,Lunas,Tidak,Tidak,Ya,117.4,117.0,7,5,11.8,7,6,11.71,0.714,0.857,0.1767,Aman,Rendah
JJI-00663,Graduate,0,Journalism & Communication,Fase 2 - kuota umum,Lajang,Perempuan,Siang,18,≤20 th,Lunas,Tidak,Tidak,Ya,115.8,127.0,6,6,12.57,6,6,13.67,1.0,1.0,0.1861,Aman,Rendah
JJI-00664,Graduate,0,Advertising & Marketing Management,Fase 1 - kuota umum,Lajang,Perempuan,Siang,18,≤20 th,Lunas,Tidak,Tidak,Ya,136.5,126.0,5,3,12.0,5,4,13.25,0.6,0.8,0.3031,Aman,Sedang
JJI-00665,Graduate,0,Nursing,Fase 2 - kuota umum,Lajang,Laki-laki,Siang,19,≤20 th,Lunas,Tidak,Tidak,Ya,129.0,143.0,7,7,13.36,8,8,14.44,1.0,1.0,0.1179,Aman,Rendah
JJI-00666,Graduate,0,Veterinary Nursing,Fase 1 - kuota umum,Lajang,Perempuan,Siang,19,≤20 th,Lunas,Tidak,Ya,Ya,137.6,144.0,5,5,15.4,5,5,16.0,1.0,1.0,0.0494,Aman,Rendah
JJI-00667,Dropout,1,Journalism & Communication,Fase 2 - kuota umum,Lajang,Perempuan,Siang,18,≤20 th,Menunggak,Ya,Tidak,Ya,129.5,126.0,6,5,12.2,6,4,11.75,0.833,0.667,0.8182,Berisiko,Sangat Tinggi
JJI-00668,Graduate,0,Social Service,Pindah institusi/prodi,Lajang,Perempuan,Siang,20,≤20 th,Lunas,Tidak,Ya,Ya,129.1,140.0,11,11,12.82,11,11,13.55,1.0,1.0,0.0319,Aman,Rendah
JJI-00669,Dropout,1,Nursing,Fase 2 - kuota umum,Lajang,Perempuan,Siang,19,≤20 th,Lunas,Tidak,Tidak,Ya,130.2,148.0,7,0,0.0,8,0,0.0,0.0,0.0,0.9804,Berisiko,Sangat Tinggi
JJI-00670,Graduate,0,Nursing,Transfer,Lajang,Perempuan,Siang,28,28-35 th,Lunas,Tidak,Tidak,Ya,134.3,100.0,17,17,13.39,17,17,13.55,1.0,1.0,0.0536,Aman,Rendah
JJI-00671,Graduate,0,Social Service,Fase 1 - kuota umum,Lajang,Perempuan,Siang,20,≤20 th,Lunas,Tidak,Ya,Ya,138.4,151.0,6,6,14.25,6,6,11.0,1.0,1.0,0.0614,Aman,Rendah
JJI-00672,Dropout,1,Social Service (kelas malam),Transfer,Lajang,Perempuan,Malam,30,28-35 th,Lunas,Tidak,Tidak,Ya,120.0,120.0,11,9,13.44,7,7,14.71,0.818,1.0,0.17,Aman,Rendah
JJI-00673,Graduate,0,Nursing,Fase 1 - kuota umum,Lajang,Perempuan,Siang,19,≤20 th,Lunas,Tidak,Ya,Ya,123.5,135.0,7,7,12.29,8,8,11.74,1.0,1.0,0.0615,Aman,Rendah
JJI-00674,Graduate,0,Communication Design,Fase 1 - kuota umum,Lajang,Perempuan,Siang,22,21-23 th,Lunas,Tidak,Tidak,Ya,116.1,121.0,6,6,11.67,6,5,13.2,1.0,0.833,0.1646,Aman,Rendah
JJI-00675,Graduate,0,Tourism,Fase 1 - kuota umum,Lajang,Perempuan,Siang,18,≤20 th,Lunas,Tidak,Tidak,Ya,110.8,116.0,6,6,12.17,6,6,13.5,1.0,1.0,0.1079,Aman,Rendah
JJI-00676,Dropout,1,Basic Education,Fase 2 - kuota umum,Lajang,Perempuan,Siang,23,21-23 th,Lunas,Tidak,Tidak,Ya,142.8,147.0,6,2,10.0,6,2,11.0,0.333,0.333,0.8334,Berisiko,Sangat Tinggi
JJI-00677,Graduate,0,Communication Design,Fase 2 - kuota umum,Lajang,Perempuan,Siang,18,≤20 th,Lunas,Tidak,Tidak,Ya,155.5,160.0,6,6,14.0,6,6,15.0,1.0,1.0,0.1207,Aman,Rendah
JJI-00678,Enrolled,0,Basic Education,Fase 1 - kuota umum,Lajang,Perempuan,Siang,18,≤20 th,Lunas,Tidak,Tidak,Ya,126.7,133.0,6,5,11.83,6,4,12.0,0.833,0.667,0.4185,Berisiko,Tinggi
JJI-00679,Dropout,1,Journalism & Communication,Usia di atas 23 tahun,Menikah,Laki-laki,Siang,50,>35 th,Menunggak,Ya,Tidak,Tidak,163.5,100.0,6,1,15.0,5,0,0.0,0.167,0.0,0.9982,Berisiko,Sangat Tinggi
JJI-00680,Graduate,0,Animation & Multimedia Design,Fase 1 - kuota umum,Lajang,Perempuan,Siang,19,≤20 th,Lunas,Tidak,Ya,Ya,161.9,151.0,0,0,0.0,0,0,0.0,,,0.3839,Aman,Sedang
JJI-00681,Graduate,0,Tourism,Fase 2 - kuota umum,Lajang,Perempuan,Siang,22,21-23 th,Lunas,Tidak,Tidak,Ya,123.3,124.0,6,6,10.83,6,6,10.67,1.0,1.0,0.2081,Aman,Rendah
JJI-00682,Graduate,0,Social Service,Pemegang diploma spesialisasi teknologi,Lajang,Perempuan,Siang,23,21-23 th,Lunas,Ya,Ya,Tidak,137.5,140.0,6,6,13.14,6,6,14.0,1.0,1.0,0.0812,Aman,Rendah
JJI-00683,Dropout,1,Veterinary Nursing,Fase 3 - kuota umum,Lajang,Perempuan,Siang,20,≤20 th,Menunggak,Ya,Ya,Tidak,166.6,170.0,5,5,14.4,5,5,14.0,1.0,1.0,0.4101,Aman,Sedang
JJI-00684,Dropout,1,Social Service,Usia di atas 23 tahun,Bercerai,Perempuan,Siang,44,>35 th,Menunggak,Tidak,Tidak,Tidak,103.5,133.1,6,0,0.0,6,0,0.0,0.0,0.0,0.9909,Berisiko,Sangat Tinggi
JJI-00685,Graduate,0,Agronomy,Usia di atas 23 tahun,Bercerai,Laki-laki,Siang,49,>35 th,Lunas,Tidak,Tidak,Tidak,110.0,133.1,12,7,12.0,12,9,11.22,0.583,0.75,0.7571,Berisiko,Sangat Tinggi
JJI-00686,Graduate,0,Management (kelas malam),Pindah program studi,Menikah,Laki-laki,Malam,46,>35 th,Lunas,Tidak,Tidak,Tidak,128.2,100.0,10,9,12.2,10,10,12.8,0.9,1.0,0.238,Aman,Rendah
JJI-00687,Dropout,1,Veterinary Nursing,Usia di atas 23 tahun,Lajang,Laki-laki,Siang,41,>35 th,Menunggak,Tidak,Tidak,Ya,137.7,120.0,3,3,12.33,2,2,11.0,1.0,1.0,0.7677,Berisiko,Sangat Tinggi
JJI-00688,Graduate,0,Nursing,Fase 2 - kuota umum,Lajang,Laki-laki,Siang,18,≤20 th,Lunas,Tidak,Tidak,Ya,128.8,133.0,7,7,11.84,8,8,12.48,1.0,1.0,0.1285,Aman,Rendah
JJI-00689,Graduate,0,Management (kelas malam),Usia di atas 23 tahun,Janda/Duda,Laki-laki,Malam,43,>35 th,Lunas,Tidak,Tidak,Tidak,170.0,120.0,5,5,11.8,5,5,14.0,1.0,1.0,0.3116,Aman,Sedang
JJI-00690,Dropout,1,Management,Usia di atas 23 tahun,Bercerai,Laki-laki,Siang,70,>35 th,Menunggak,Ya,Tidak,Tidak,116.4,133.1,5,0,0.0,5,0,0.0,0.0,0.0,0.9988,Berisiko,Sangat Tinggi
JJI-00691,Dropout,1,Equinculture,Usia di atas 23 tahun,Bercerai,Laki-laki,Siang,48,>35 th,Lunas,Tidak,Tidak,Tidak,100.9,133.1,6,0,0.0,6,0,0.0,0.0,0.0,0.9895,Berisiko,Sangat Tinggi
JJI-00692,Graduate,0,Agronomy,Pindah program studi,Menikah,Laki-laki,Siang,41,>35 th,Lunas,Tidak,Tidak,Tidak,136.0,133.1,19,19,12.68,13,13,12.38,1.0,1.0,0.1201,Aman,Rendah
JJI-00693,Enrolled,0,Tourism,Fase 1 - kuota umum,Lajang,Laki-laki,Siang,21,21-23 th,Lunas,Tidak,Tidak,Tidak,130.0,140.0,6,6,12.57,6,4,13.0,1.0,0.667,0.2888,Aman,Sedang
JJI-00694,Dropout,1,Biofuel Production Technologies,Usia di atas 23 tahun,Lajang,Laki-laki,Siang,35,28-35 th,Menunggak,Ya,Tidak,Tidak,100.0,100.0,7,3,11.25,7,0,0.0,0.429,0.0,0.9972,Berisiko,Sangat Tinggi
JJI-00695,Graduate,0,Equinculture,Usia di atas 23 tahun,Menikah,Laki-laki,Siang,44,>35 th,Lunas,Tidak,Tidak,Ya,157.0,133.1,5,4,14.0,5,4,15.5,0.8,0.8,0.5863,Berisiko,Tinggi
JJI-00696,Dropout,1,Management,Fase 1 - kuota umum,Lajang,Laki-laki,Siang,18,≤20 th,Lunas,Ya,Tidak,Ya,152.1,143.0,5,4,13.33,5,2,13.5,0.8,0.4,0.5519,Berisiko,Tinggi
JJI-00697,Graduate,0,Social Service (kelas malam),Fase 1 - kuota umum,Menikah,Laki-laki,Malam,45,>35 th,Lunas,Tidak,Tidak,Ya,162.9,165.0,6,6,13.67,6,6,13.67,1.0,1.0,0.214,Aman,Rendah
JJI-00698,Enrolled,0,Tourism,Fase 1 - kuota umum,Lajang,Laki-laki,Siang,20,≤20 th,Lunas,Tidak,Tidak,Tidak,137.2,154.0,6,3,10.0,6,5,10.8,0.5,0.833,0.3525,Aman,Sedang
JJI-00699,Graduate,0,Agronomy,Pemegang diploma spesialisasi teknologi,Lajang,Laki-laki,Siang,22,21-23 th,Lunas,Tidak,Tidak,Ya,140.0,140.0,6,5,12.6,6,6,11.71,0.833,1.0,0.2106,Aman,Rendah
JJI-00700,Dropout,1,Informatics Engineering,Pindah program studi,Lajang,Laki-laki,Siang,39,>35 th,Lunas,Tidak,Tidak,Tidak,146.5,140.0,5,3,17.33,5,1,17.0,0.6,0.2,0.6857,Berisiko,Tinggi
JJI-00701,Enrolled,0,Veterinary Nursing,Pemegang diploma spesialisasi teknologi,Lajang,Laki-laki,Siang,20,≤20 th,Menunggak,Tidak,Tidak,Tidak,130.0,130.0,6,5,13.2,6,3,12.0,0.833,0.5,0.7159,Berisiko,Tinggi
JJI-00702,Dropout,1,Management,Usia di atas 23 tahun,Menikah,Laki-laki,Siang,49,>35 th,Lunas,Tidak,Tidak,Tidak,128.0,133.1,5,3,14.0,5,3,13.67,0.6,0.6,0.6302,Berisiko,Tinggi
JJI-00703,Dropout,1,Oral Hygiene,Pemegang gelar pendidikan tinggi lain,Lajang,Laki-laki,Siang,43,>35 th,Lunas,Tidak,Tidak,Ya,190.0,190.0,4,4,13.88,1,1,12.5,1.0,1.0,0.5285,Berisiko,Tinggi
JJI-00704,Dropout,1,Management (kelas malam),Usia di atas 23 tahun,Menikah,Laki-laki,Malam,32,28-35 th,Lunas,Tidak,Tidak,Ya,133.2,120.0,5,0,0.0,5,0,0.0,0.0,0.0,0.9703,Berisiko,Sangat Tinggi
JJI-00705,Graduate,0,Social Service,Usia di atas 23 tahun,Lajang,Laki-laki,Siang,47,>35 th,Lunas,Tidak,Tidak,Tidak,124.3,100.0,9,9,13.11,7,7,14.86,1.0,1.0,0.2041,Aman,Rendah
JJI-00706,Dropout,1,Management (kelas malam),Usia di atas 23 tahun,Kumpul kebo,Laki-laki,Malam,37,>35 th,Lunas,Tidak,Ya,Tidak,138.1,120.0,5,5,13.0,5,4,13.33,1.0,0.8,0.2993,Aman,Sedang
JJI-00707,Graduate,0,Social Service (kelas malam),Usia di atas 23 tahun,Menikah,Laki-laki,Malam,41,>35 th,Lunas,Tidak,Tidak,Tidak,144.3,133.1,10,10,12.5,7,7,12.14,1.0,1.0,0.243,Aman,Rendah
JJI-00708,Graduate,0,Agronomy,Usia di atas 23 tahun,Menikah,Laki-laki,Siang,60,>35 th,Lunas,Tidak,Tidak,Tidak,140.0,150.0,18,18,14.11,13,13,14.23,1.0,1.0,0.1917,Aman,Rendah
JJI-00709,Graduate,0,Tourism,Usia di atas 23 tahun,Menikah,Laki-laki,Siang,47,>35 th,Lunas,Tidak,Tidak,Tidak,148.3,120.0,11,11,14.73,9,9,15.78,1.0,1.0,0.2056,Aman,Rendah
JJI-00710,Dropout,1,Social Service (kelas malam),Usia di atas 23 tahun,Lajang,Laki-laki,Malam,50,>35 th,Menunggak,Ya,Tidak,Tidak,96.0,133.1,6,0,0.0,5,0,0.0,0.0,0.0,0.9974,Berisiko,Sangat Tinggi
JJI-00711,Dropout,1,Management (kelas malam),Usia di atas 23 tahun,Menikah,Laki-laki,Malam,45,>35 th,Lunas,Tidak,Tidak,Ya,121.7,133.1,5,0,0.0,5,0,0.0,0.0,0.0,0.9863,Berisiko,Sangat Tinggi
JJI-00712,Dropout,1,Informatics Engineering,Usia di atas 23 tahun,Lajang,Laki-laki,Siang,45,>35 th,Menunggak,Ya,Tidak,Tidak,160.0,100.0,5,0,0.0,5,0,0.0,0.0,0.0,0.9967,Berisiko,Sangat Tinggi
JJI-00713,Graduate,0,Veterinary Nursing,Usia di atas 23 tahun,Menikah,Laki-laki,Siang,33,28-35 th,Lunas,Tidak,Tidak,Tidak,110.3,133.1,5,4,13.5,5,5,11.6,0.8,1.0,0.3398,Aman,Sedang
JJI-00714,Graduate,0,Nursing,Fase 1 - kuota umum,Lajang,Laki-laki,Siang,18,≤20 th,Lunas,Tidak,Tidak,Tidak,129.0,143.0,8,7,13.11,8,7,13.11,0.875,0.875,0.126,Aman,Rendah
JJI-00715,Graduate,0,Veterinary Nursing,Usia di atas 23 tahun,Menikah,Laki-laki,Siang,43,>35 th,Lunas,Tidak,Tidak,Tidak,150.0,120.0,5,5,13.5,5,5,14.4,1.0,1.0,0.2453,Aman,Rendah
JJI-00716,Graduate,0,Social Service (kelas malam),Pindah program studi,Lajang,Laki-laki,Malam,44,>35 th,Lunas,Tidak,Tidak,Tidak,100.0,161.0,13,13,11.85,11,11,12.0,1.0,1.0,0.1768,Aman,Rendah
JJI-00717,Dropout,1,Equinculture,Usia di atas 23 tahun,Lajang,Laki-laki,Siang,29,28-35 th,Lunas,Tidak,Tidak,Tidak,107.5,133.1,5,0,0.0,5,0,0.0,0.0,0.0,0.9753,Berisiko,Sangat Tinggi
JJI-00718,Dropout,1,Advertising & Marketing Management,Usia di atas 23 tahun,Bercerai,Laki-laki,Siang,53,>35 th,Menunggak,Ya,Tidak,Tidak,170.0,140.0,6,3,14.33,6,0,0.0,0.5,0.0,0.9986,Berisiko,Sangat Tinggi
JJI-00719,Enrolled,0,Management (kelas malam),Transfer,Menikah,Laki-laki,Malam,37,>35 th,Lunas,Tidak,Tidak,Tidak,123.0,123.0,5,5,15.8,5,5,17.6,1.0,1.0,0.2315,Aman,Rendah
JJI-00720,Enrolled,0,Advertising & Marketing Management,Pindah program studi,Lajang,Laki-laki,Siang,18,≤20 th,Lunas,Tidak,Tidak,Ya,138.5,142.0,6,5,13.8,6,5,12.4,0.833,0.833,0.3146,Aman,Sedang
JJI-00721,Dropout,1,Biofuel Production Technologies,Pindah program studi,Lajang,Laki-laki,Siang,35,28-35 th,Lunas,Ya,Tidak,Tidak,140.0,133.1,10,6,12.67,9,3,12.0,0.6,0.333,0.934,Berisiko,Sangat Tinggi
JJI-00722,Enrolled,0,Tourism,Fase 1 - kuota umum,Lajang,Laki-laki,Siang,23,21-23 th,Lunas,Tidak,Tidak,Tidak,113.6,115.0,6,6,13.0,6,6,12.0,1.0,1.0,0.1648,Aman,Rendah
JJI-00723,Graduate,0,Animation & Multimedia Design,Fase 1 - kuota umum,Lajang,Laki-laki,Siang,22,21-23 th,Lunas,Tidak,Tidak,Ya,170.0,156.0,0,0,0.0,0,0,0.0,,,0.5509,Berisiko,Tinggi
JJI-00724,Dropout,1,Social Service (kelas malam),Usia di atas 23 tahun,Lajang,Laki-laki,Malam,33,28-35 th,Menunggak,Tidak,Tidak,Tidak,115.5,140.0,6,1,11.0,6,0,0.0,0.167,0.0,0.9949,Berisiko,Sangat Tinggi
JJI-00725,Dropout,1,Equinculture,Pemegang gelar pendidikan tinggi lain,Lajang,Laki-laki,Siang,41,>35 th,Menunggak,Tidak,Tidak,Tidak,130.0,130.0,5,0,0.0,5,0,0.0,0.0,0.0,0.9976,Berisiko,Sangat Tinggi
JJI-00726,Graduate,0,Nursing,Pemegang gelar pendidikan tinggi lain,Bercerai,Laki-laki,Siang,51,>35 th,Lunas,Tidak,Tidak,Tidak,140.0,140.0,7,7,15.2,8,8,16.58,1.0,1.0,0.219,Aman,Rendah
JJI-00727,Graduate,0,Advertising & Marketing Management,Pindah institusi/prodi,Lajang,Laki-laki,Siang,19,≤20 th,Lunas,Tidak,Tidak,Tidak,126.6,140.0,6,6,14.43,7,7,14.38,1.0,1.0,0.1353,Aman,Rendah
JJI-00728,Dropout,1,Management (kelas malam),Usia di atas 23 tahun,Lajang,Laki-laki,Malam,35,28-35 th,Lunas,Tidak,Tidak,Tidak,143.2,133.1,5,0,0.0,5,0,0.0,0.0,0.0,0.9716,Berisiko,Sangat Tinggi
JJI-00729,Graduate,0,Animation & Multimedia Design,Fase 1 - kuota umum,Lajang,Laki-laki,Siang,20,≤20 th,Lunas,Tidak,Tidak,Ya,131.4,131.0,0,0,0.0,0,0,0.0,,,0.5977,Berisiko,Tinggi
JJI-00730,Enrolled,0,Advertising & Marketing Management,Pindah program studi,Lajang,Laki-laki,Siang,18,≤20 th,Lunas,Tidak,Tidak,Ya,133.3,141.0,6,4,13.75,6,5,11.2,0.667,0.833,0.4146,Aman,Sedang
JJI-00731,Dropout,1,Journalism & Communication,Fase 1 - kuota umum,Lajang,Laki-laki,Siang,18,≤20 th,Menunggak,Ya,Ya,Tidak,118.3,120.0,6,5,12.17,6,3,12.0,0.833,0.5,0.7863,Berisiko,Sangat Tinggi
JJI-00732,Graduate,0,Agronomy,Pemegang diploma spesialisasi teknologi,Lajang,Laki-laki,Siang,21,21-23 th,Lunas,Tidak,Tidak,Tidak,140.0,140.0,6,5,12.14,6,5,11.67,0.833,0.833,0.2096,Aman,Rendah
JJI-00733,Graduate,0,Tourism,Fase 1 - kuota umum,Lajang,Laki-laki,Siang,21,21-23 th,Lunas,Tidak,Tidak,Ya,124.7,132.0,6,6,12.0,6,5,11.6,1.0,0.833,0.2559,Aman,Sedang
JJI-00734,Graduate,0,Management,Usia di atas 23 tahun,Menikah,Laki-laki,Siang,34,28-35 th,Lunas,Tidak,Tidak,Tidak,140.0,130.0,5,3,11.67,5,4,12.75,0.6,0.8,0.429,Berisiko,Tinggi
JJI-00735,Dropout,1,Equinculture,Usia di atas 23 tahun,Bercerai,Laki-laki,Siang,34,28-35 th,Lunas,Tidak,Tidak,Ya,150.0,140.0,6,0,0.0,6,0,0.0,0.0,0.0,0.991,Berisiko,Sangat Tinggi
JJI-00736,Graduate,0,Advertising & Marketing Management,Fase 2 - kuota umum,Lajang,Laki-laki,Siang,21,21-23 th,Lunas,Tidak,Tidak,Ya,115.6,110.0,6,6,11.88,6,5,12.0,1.0,0.833,0.3418,Aman,Sedang
JJI-00737,Enrolled,0,Journalism & Communication,Pindah program studi,Lajang,Laki-laki,Siang,32,28-35 th,Lunas,Tidak,Tidak,Tidak,116.9,140.0,11,7,11.29,7,6,12.33,0.636,0.857,0.6049,Berisiko,Tinggi
JJI-00738,Dropout,1,Tourism,Fase 2 - kuota umum,Lajang,Laki-laki,Siang,30,28-35 th,Lunas,Tidak,Tidak,Ya,123.4,130.0,6,2,10.0,6,3,11.33,0.333,0.5,0.7959,Berisiko,Sangat Tinggi
JJI-00739,Enrolled,0,Animation & Multimedia Design,Fase 1 - kuota umum,Lajang,Laki-laki,Siang,19,≤20 th,Lunas,Ya,Tidak,Ya,146.5,137.0,12,11,12.0,11,10,11.18,0.917,0.909,0.2439,Aman,Rendah
JJI-00740,Dropout,1,Journalism & Communication,Pindah institusi/prodi,Lajang,Laki-laki,Siang,20,≤20 th,Lunas,Tidak,Tidak,Ya,117.1,158.0,7,6,13.83,6,5,13.0,0.857,0.833,0.3486,Aman,Sedang
JJI-00741,Dropout,1,Communication Design,Fase 1 - kuota umum,Lajang,Laki-laki,Siang,18,≤20 th,Lunas,Tidak,Tidak,Ya,113.9,124.0,6,0,0.0,6,0,0.0,0.0,0.0,0.9675,Berisiko,Sangat Tinggi
JJI-00742,Graduate,0,Tourism,Fase 1 - kuota umum,Lajang,Laki-laki,Siang,19,≤20 th,Lunas,Tidak,Tidak,Tidak,128.7,136.0,6,6,14.43,6,6,12.5,1.0,1.0,0.1331,Aman,Rendah
JJI-00743,Dropout,1,Nursing,Fase 2 - kuota umum,Lajang,Laki-laki,Siang,18,≤20 th,Lunas,Tidak,Tidak,Ya,132.9,142.0,7,5,14.2,7,6,12.4,0.714,0.857,0.2741,Aman,Sedang
JJI-00744,Dropout,1,Management (kelas malam),Usia di atas 23 tahun,Lajang,Laki-laki,Malam,27,24-27 th,Lunas,Tidak,Tidak,Tidak,123.0,150.0,5,4,11.5,5,3,10.33,0.8,0.6,0.5705,Berisiko,Tinggi
JJI-00745,Graduate,0,Journalism & Communication,Usia di atas 23 tahun,Lajang,Laki-laki,Siang,52,>35 th,Lunas,Tidak,Tidak,Ya,129.8,120.0,6,5,13.0,6,6,15.0,0.833,1.0,0.5168,Berisiko,Tinggi
JJI-00746,Dropout,1,Agronomy,Pindah program studi,Menikah,Laki-laki,Siang,29,28-35 th,Menunggak,Tidak,Tidak,Ya,156.1,149.0,6,0,0.0,6,0,0.0,0.0,0.0,0.9934,Berisiko,Sangat Tinggi
JJI-00747,Dropout,1,Agronomy,Pindah institusi/prodi,Lajang,Laki-laki,Siang,22,21-23 th,Menunggak,Ya,Tidak,Ya,120.0,130.0,6,3,11.33,6,2,11.0,0.5,0.333,0.9474,Berisiko,Sangat Tinggi
JJI-00748,Graduate,0,Veterinary Nursing,Pindah program studi,Lajang,Laki-laki,Siang,28,28-35 th,Lunas,Tidak,Tidak,Ya,117.2,110.0,18,18,12.5,13,12,11.43,1.0,0.923,0.1995,Aman,Rendah
JJI-00749,Dropout,1,Advertising & Marketing Management,Usia di atas 23 tahun,Lajang,Laki-laki,Siang,30,28-35 th,Lunas,Tidak,Tidak,Ya,107.0,133.1,5,0,0.0,5,0,0.0,0.0,0.0,0.9754,Berisiko,Sangat Tinggi
JJI-00750,Graduate,0,Nursing,Fase 1 - kuota umum,Lajang,Perempuan,Siang,18,≤20 th,Lunas,Tidak,Tidak,Ya,128.4,134.0,7,7,13.47,8,8,13.94,1.0,1.0,0.0638,Aman,Rendah
JJI-00751,Graduate,0,Advertising & Marketing Management,Fase 1 - kuota umum,Lajang,Perempuan,Siang,21,21-23 th,Lunas,Tidak,Tidak,Ya,123.4,130.0,5,4,11.75,5,3,13.33,0.8,0.6,0.335,Aman,Sedang
JJI-00752,Graduate,0,Communication Design,Fase 1 - kuota umum,Lajang,Perempuan,Siang,20,≤20 th,Lunas,Ya,Ya,Ya,126.7,141.0,6,6,13.33,6,6,14.67,1.0,1.0,0.1095,Aman,Rendah
JJI-00753,Graduate,0,Nursing,Transfer,Lajang,Perempuan,Siang,21,21-23 th,Lunas,Tidak,Ya,Ya,123.0,123.0,8,8,13.1,8,8,13.1,1.0,1.0,0.0614,Aman,Rendah
JJI-00754,Dropout,1,Management (kelas malam),Usia di atas 23 tahun,Menikah,Perempuan,Malam,32,28-35 th,Menunggak,Ya,Tidak,Tidak,137.2,133.1,5,0,0.0,5,0,0.0,0.0,0.0,0.9944,Berisiko,Sangat Tinggi
JJI-00755,Graduate,0,Communication Design,Fase 1 - kuota umum,Lajang,Laki-laki,Siang,20,≤20 th,Lunas,Tidak,Ya,Ya,125.9,122.0,6,6,15.5,6,6,12.17,1.0,1.0,0.1089,Aman,Rendah
JJI-00756,Dropout,1,Animation & Multimedia Design,Fase 1 - kuota umum,Lajang,Laki-laki,Siang,19,≤20 th,Menunggak,Ya,Tidak,Ya,138.0,132.0,0,0,0.0,0,0,0.0,,,0.8992,Berisiko,Sangat Tinggi
JJI-00757,Dropout,1,Advertising & Marketing Management,Mahasiswa internasional (S1),Lajang,Laki-laki,Siang,18,≤20 th,Menunggak,Ya,Tidak,Tidak,128.2,133.1,6,4,11.25,6,3,12.33,0.667,0.5,0.877,Berisiko,Sangat Tinggi
JJI-00758,Dropout,1,Management (kelas malam),Pindah program studi,Lajang,Laki-laki,Malam,23,21-23 th,Menunggak,Tidak,Tidak,Ya,126.5,130.0,15,12,11.0,14,11,11.36,0.8,0.786,0.7996,Berisiko,Sangat Tinggi
JJI-00759,Graduate,0,Tourism,Fase 1 - kuota umum,Lajang,Laki-laki,Siang,20,≤20 th,Lunas,Tidak,Tidak,Ya,112.4,111.0,6,6,12.33,6,4,13.0,1.0,0.667,0.3051,Aman,Sedang
JJI-00760,Graduate,0,Management,Pindah program studi,Menikah,Perempuan,Siang,46,>35 th,Lunas,Tidak,Tidak,Ya,109.0,133.1,9,8,11.38,5,5,11.8,0.889,1.0,0.3846,Aman,Sedang
JJI-00761,Graduate,0,Agronomy,Fase 2 - kuota umum,Lajang,Laki-laki,Siang,27,24-27 th,Lunas,Tidak,Tidak,Tidak,100.0,125.0,18,18,12.22,12,12,12.38,1.0,1.0,0.1255,Aman,Rendah
JJI-00762,Enrolled,0,Animation & Multimedia Design,Fase 1 - kuota khusus (Azores),Lajang,Laki-laki,Siang,20,≤20 th,Lunas,Tidak,Tidak,Ya,144.7,137.0,0,0,0.0,0,0,0.0,,,0.6244,Berisiko,Tinggi
JJI-00763,Graduate,0,Social Service (kelas malam),Pindah program studi,Menikah,Laki-laki,Malam,41,>35 th,Lunas,Tidak,Tidak,Ya,120.0,100.0,9,9,12.0,7,6,12.0,1.0,0.857,0.3219,Aman,Sedang
JJI-00764,Enrolled,0,Management,Mahasiswa internasional (S1),Lajang,Laki-laki,Siang,40,>35 th,Lunas,Ya,Tidak,Tidak,100.0,133.1,5,1,11.0,5,1,10.0,0.2,0.2,0.9166,Berisiko,Sangat Tinggi
JJI-00765,Graduate,0,Social Service (kelas malam),Pemegang diploma spesialisasi teknologi,Menikah,Laki-laki,Malam,37,>35 th,Lunas,Tidak,Tidak,Tidak,154.0,150.0,16,16,14.12,11,10,13.0,1.0,0.909,0.1366,Aman,Rendah
JJI-00766,Enrolled,0,Management,Fase 1 - kuota umum,Lajang,Laki-laki,Siang,20,≤20 th,Lunas,Tidak,Tidak,Tidak,111.3,120.0,5,5,10.2,5,5,11.2,1.0,1.0,0.1679,Aman,Rendah
JJI-00767,Enrolled,0,Equinculture,Pemegang diploma spesialisasi teknologi,Lajang,Perempuan,Siang,20,≤20 th,Lunas,Tidak,Tidak,Ya,150.0,150.0,5,4,12.0,5,4,12.4,0.8,0.8,0.3011,Aman,Sedang
JJI-00768,Graduate,0,Management (kelas malam),Pemegang gelar pendidikan tinggi lain,Lajang,Perempuan,Malam,26,24-27 th,Lunas,Tidak,Tidak,Tidak,100.0,133.1,9,9,12.33,7,7,12.57,1.0,1.0,0.2121,Aman,Rendah
JJI-00769,Graduate,0,Social Service (kelas malam),Usia di atas 23 tahun,Menikah,Laki-laki,Malam,54,>35 th,Lunas,Tidak,Tidak,Tidak,162.5,133.1,9,9,14.33,7,7,13.86,1.0,1.0,0.2547,Aman,Sedang
JJI-00770,Graduate,0,Advertising & Marketing Management,Fase 2 - kuota umum,Lajang,Laki-laki,Siang,21,21-23 th,Lunas,Tidak,Tidak,Ya,134.1,132.0,6,6,15.17,6,6,14.0,1.0,1.0,0.2331,Aman,Rendah
JJI-00771,Graduate,0,Veterinary Nursing,Fase 1 - kuota umum,Lajang,Perempuan,Siang,20,≤20 th,Lunas,Tidak,Ya,Ya,133.0,134.0,6,6,15.14,6,6,15.14,1.0,1.0,0.0516,Aman,Rendah
JJI-00772,Dropout,1,Journalism & Communication,Fase 2 - kuota umum,Lajang,Perempuan,Siang,18,≤20 th,Lunas,Tidak,Tidak,Ya,119.0,126.0,6,0,0.0,6,0,0.0,0.0,0.0,0.9791,Berisiko,Sangat Tinggi
JJI-00773,Enrolled,0,Nursing,Fase 1 - kuota umum,Lajang,Perempuan,Siang,19,≤20 th,Lunas,Tidak,Tidak,Ya,131.1,136.0,7,6,13.41,8,7,13.29,0.857,0.875,0.1394,Aman,Rendah
JJI-00774,Graduate,0,Social Service,Fase 1 - kuota umum,Lajang,Perempuan,Siang,18,≤20 th,Lunas,Tidak,Tidak,Ya,129.4,129.0,6,6,12.33,6,6,12.17,1.0,1.0,0.0829,Aman,Rendah
JJI-00775,Enrolled,0,Veterinary Nursing,Fase 1 - kuota umum,Lajang,Perempuan,Siang,19,≤20 th,Lunas,Tidak,Tidak,Ya,123.9,126.0,6,4,11.8,6,4,12.2,0.667,0.667,0.2851,Aman,Sedang
JJI-00776,Dropout,1,Veterinary Nursing,Pemegang diploma spesialisasi teknologi,Lajang,Perempuan,Siang,22,21-23 th,Lunas,Ya,Tidak,Ya,140.0,140.0,6,6,12.0,6,3,12.0,1.0,0.5,0.4563,Berisiko,Tinggi
JJI-00777,Graduate,0,Veterinary Nursing,Pindah program studi,Lajang,Perempuan,Siang,19,≤20 th,Lunas,Tidak,Tidak,Tidak,162.0,162.0,6,6,15.0,6,6,15.62,1.0,1.0,0.0772,Aman,Rendah
JJI-00778,Dropout,1,Animation & Multimedia Design,Fase 1 - kuota umum,Lajang,Perempuan,Siang,21,21-23 th,Lunas,Tidak,Tidak,Ya,131.6,148.0,12,8,13.88,11,9,12.7,0.667,0.818,0.2938,Aman,Sedang
JJI-00779,Enrolled,0,Basic Education,Fase 2 - kuota umum,Lajang,Perempuan,Siang,20,≤20 th,Lunas,Tidak,Tidak,Tidak,110.6,119.0,7,6,11.83,7,6,14.33,0.857,0.857,0.2981,Aman,Sedang
JJI-00780,Graduate,0,Journalism & Communication,Fase 2 - kuota umum,Lajang,Perempuan,Siang,18,≤20 th,Lunas,Tidak,Ya,Ya,117.4,123.0,6,6,12.5,6,6,13.83,1.0,1.0,0.1169,Aman,Rendah
JJI-00781,Graduate,0,Journalism & Communication,Fase 2 - kuota umum,Lajang,Perempuan,Siang,18,≤20 th,Lunas,Tidak,Ya,Ya,137.8,150.0,6,6,15.0,6,6,15.5,1.0,1.0,0.0905,Aman,Rendah
JJI-00782,Dropout,1,Advertising & Marketing Management,Fase 2 - kuota umum,Lajang,Perempuan,Siang,20,≤20 th,Lunas,Ya,Tidak,Ya,106.7,113.0,6,2,11.67,6,4,10.5,0.333,0.667,0.7306,Berisiko,Tinggi
JJI-00783,Graduate,0,Nursing,Fase 1 - kuota umum,Lajang,Perempuan,Siang,18,≤20 th,Lunas,Tidak,Ya,Tidak,156.9,152.0,7,7,14.67,8,8,14.63,1.0,1.0,0.031,Aman,Rendah
JJI-00784,Enrolled,0,Nursing,Fase 1 - kuota umum,Lajang,Perempuan,Siang,18,≤20 th,Lunas,Tidak,Tidak,Ya,129.0,154.0,8,6,13.34,8,6,13.34,0.75,0.75,0.2073,Aman,Rendah
JJI-00785,Graduate,0,Journalism & Communication,Fase 1 - kuota umum,Lajang,Perempuan,Siang,20,≤20 th,Lunas,Tidak,Ya,Ya,124.8,130.0,6,5,12.8,6,6,12.33,0.833,1.0,0.1261,Aman,Rendah
JJI-00786,Graduate,0,Social Service,Fase 1 - kuota umum,Lajang,Perempuan,Siang,19,≤20 th,Lunas,Tidak,Tidak,Ya,115.1,121.0,6,6,10.83,6,6,12.14,1.0,1.0,0.0865,Aman,Rendah
JJI-00787,Graduate,0,Communication Design,Fase 1 - kuota umum,Lajang,Perempuan,Siang,18,≤20 th,Lunas,Tidak,Tidak,Ya,146.7,153.0,6,6,13.67,6,5,14.0,1.0,0.833,0.1376,Aman,Rendah
JJI-00788,Graduate,0,Nursing,Fase 1 - kuota umum,Lajang,Perempuan,Siang,18,≤20 th,Lunas,Tidak,Tidak,Tidak,132.8,148.0,8,7,14.54,8,7,14.54,0.875,0.875,0.0954,Aman,Rendah
JJI-00789,Dropout,1,Veterinary Nursing,Fase 1 - kuota khusus (Azores),Lajang,Perempuan,Siang,18,≤20 th,Lunas,Ya,Ya,Tidak,159.1,143.0,5,5,14.4,5,5,14.0,1.0,1.0,0.076,Aman,Rendah
JJI-00790,Graduate,0,Animation & Multimedia Design,Fase 2 - kuota umum,Lajang,Perempuan,Siang,20,≤20 th,Lunas,Tidak,Ya,Ya,137.6,147.0,0,0,0.0,0,0,0.0,,,0.504,Berisiko,Tinggi
JJI-00791,Graduate,0,Journalism & Communication,Fase 2 - kuota umum,Lajang,Perempuan,Siang,19,≤20 th,Lunas,Tidak,Ya,Tidak,124.0,138.0,6,6,13.17,6,6,13.83,1.0,1.0,0.0909,Aman,Rendah
JJI-00792,Dropout,1,Nursing,Usia di atas 23 tahun,Lajang,Laki-laki,Siang,36,>35 th,Menunggak,Tidak,Tidak,Tidak,149.0,120.0,6,2,11.5,7,0,0.0,0.333,0.0,0.9942,Berisiko,Sangat Tinggi
JJI-00793,Graduate,0,Social Service,Fase 2 - kuota umum,Lajang,Perempuan,Siang,19,≤20 th,Lunas,Tidak,Ya,Tidak,129.6,145.0,6,6,11.33,6,6,12.43,1.0,1.0,0.0673,Aman,Rendah
JJI-00794,Graduate,0,Social Service,Fase 2 - kuota umum,Lajang,Perempuan,Siang,18,≤20 th,Lunas,Tidak,Tidak,Ya,110.0,118.0,6,6,12.0,6,5,13.6,1.0,0.833,0.1672,Aman,Rendah
JJI-00795,Graduate,0,Journalism & Communication,Fase 1 - kuota umum,Lajang,Perempuan,Siang,18,≤20 th,Lunas,Tidak,Ya,Tidak,116.1,121.0,6,6,13.17,6,6,12.17,1.0,1.0,0.0783,Aman,Rendah
JJI-00796,Graduate,0,Journalism & Communication,Fase 1 - kuota umum,Lajang,Perempuan,Siang,18,≤20 th,Lunas,Tidak,Ya,Ya,133.3,135.0,6,6,14.83,6,6,14.17,1.0,1.0,0.0708,Aman,Rendah
JJI-00797,Graduate,0,Communication Design,Pemegang diploma spesialisasi teknologi,Lajang,Perempuan,Siang,19,≤20 th,Lunas,Tidak,Tidak,Ya,144.3,140.0,7,7,13.0,9,9,13.22,1.0,1.0,0.0754,Aman,Rendah
JJI-00798,Graduate,0,Nursing,Fase 3 - kuota umum,Lajang,Perempuan,Siang,18,≤20 th,Lunas,Tidak,Tidak,Ya,133.6,145.0,7,7,13.09,8,8,12.95,1.0,1.0,0.0957,Aman,Rendah
JJI-00799,Graduate,0,Equinculture,Fase 1 - kuota umum,Lajang,Perempuan,Siang,19,≤20 th,Lunas,Tidak,Ya,Ya,123.2,133.0,6,6,13.33,6,6,13.67,1.0,1.0,0.0892,Aman,Rendah
JJI-00800,Enrolled,0,Basic Education,Fase 1 - kuota umum,Lajang,Perempuan,Siang,18,≤20 th,Lunas,Tidak,Tidak,Ya,137.2,127.0,6,6,12.17,6,4,12.75,1.0,0.667,0.3243,Aman,Sedang
JJI-00801,Enrolled,0,Communication Design,Pemegang diploma short cycle,Lajang,Perempuan,Siang,22,21-23 th,Menunggak,Tidak,Ya,Ya,130.0,130.0,6,6,11.0,6,4,12.0,1.0,0.667,0.4919,Berisiko,Tinggi
JJI-00802,Dropout,1,Social Service,Fase 1 - kuota umum,Lajang,Perempuan,Siang,18,≤20 th,Menunggak,Ya,Tidak,Ya,110.0,117.0,6,0,0.0,6,0,0.0,0.0,0.0,0.9879,Berisiko,Sangat Tinggi
JJI-00803,Graduate,0,Management,Fase 2 - kuota umum,Lajang,Perempuan,Siang,19,≤20 th,Lunas,Tidak,Tidak,Ya,118.0,125.0,5,5,13.6,5,5,12.2,1.0,1.0,0.1767,Aman,Rendah
JJI-00804,Graduate,0,Journalism & Communication,Fase 1 - kuota umum,Lajang,Perempuan,Siang,18,≤20 th,Lunas,Tidak,Tidak,Ya,128.4,141.0,6,6,15.5,6,6,14.0,1.0,1.0,0.1064,Aman,Rendah
JJI-00805,Graduate,0,Basic Education,Fase 1 - kuota umum,Lajang,Perempuan,Siang,19,≤20 th,Lunas,Tidak,Tidak,Tidak,113.6,122.0,7,7,13.86,7,7,14.29,1.0,1.0,0.1337,Aman,Rendah
JJI-00806,Enrolled,0,Management,Fase 2 - kuota umum,Lajang,Perempuan,Siang,20,≤20 th,Lunas,Ya,Tidak,Ya,113.5,118.0,5,2,11.5,5,3,10.0,0.4,0.6,0.6666,Berisiko,Tinggi
JJI-00807,Graduate,0,Communication Design,Fase 2 - kuota umum,Lajang,Perempuan,Siang,18,≤20 th,Lunas,Tidak,Ya,Ya,146.9,142.0,6,6,13.0,6,6,12.17,1.0,1.0,0.0933,Aman,Rendah
JJI-00808,Enrolled,0,Equinculture,Fase 1 - kuota umum,Lajang,Perempuan,Siang,23,21-23 th,Menunggak,Ya,Tidak,Tidak,141.3,143.0,6,6,14.0,6,4,13.0,1.0,0.667,0.7329,Berisiko,Tinggi
JJI-00809,Dropout,1,Journalism & Communication,Fase 1 - kuota umum,Lajang,Perempuan,Siang,20,≤20 th,Lunas,Tidak,Tidak,Ya,129.7,143.0,4,0,0.0,6,0,0.0,0.0,0.0,0.9546,Berisiko,Sangat Tinggi
JJI-00810,Enrolled,0,Communication Design,Fase 1 - kuota umum,Lajang,Perempuan,Siang,20,≤20 th,Lunas,Tidak,Tidak,Ya,121.3,123.0,6,6,11.17,6,6,11.5,1.0,1.0,0.1463,Aman,Rendah
JJI-00811,Dropout,1,Social Service,Fase 1 - kuota umum,Lajang,Perempuan,Siang,22,21-23 th,Menunggak,Ya,Ya,Ya,109.1,115.0,6,0,0.0,6,0,0.0,0.0,0.0,0.9858,Berisiko,Sangat Tinggi
JJI-00812,Graduate,0,Basic Education,Fase 2 - kuota umum,Lajang,Perempuan,Siang,18,≤20 th,Lunas,Tidak,Ya,Ya,107.1,112.0,7,7,12.14,7,6,13.67,1.0,0.857,0.1784,Aman,Rendah
JJI-00813,Graduate,0,Nursing,Fase 2 - kuota umum,Lajang,Perempuan,Siang,18,≤20 th,Lunas,Tidak,Ya,Tidak,129.2,135.0,7,7,14.15,8,8,13.63,1.0,1.0,0.0448,Aman,Rendah
JJI-00814,Graduate,0,Nursing,Fase 1 - kuota umum,Lajang,Perempuan,Siang,18,≤20 th,Lunas,Tidak,Tidak,Tidak,154.1,162.0,7,7,14.45,8,8,14.14,1.0,1.0,0.0503,Aman,Rendah
JJI-00815,Graduate,0,Basic Education,Fase 1 - kuota umum,Lajang,Perempuan,Siang,18,≤20 th,Lunas,Tidak,Tidak,Tidak,147.2,143.0,7,7,15.71,7,7,15.0,1.0,1.0,0.1057,Aman,Rendah
JJI-00816,Enrolled,0,Management,Pindah institusi/prodi,Lajang,Perempuan,Siang,21,21-23 th,Lunas,Tidak,Tidak,Tidak,120.0,130.0,5,5,12.8,5,3,12.67,1.0,0.6,0.2928,Aman,Sedang
JJI-00817,Enrolled,0,Communication Design,Fase 2 - kuota umum,Lajang,Perempuan,Siang,20,≤20 th,Lunas,Tidak,Tidak,Tidak,130.8,136.0,6,6,12.5,6,6,11.5,1.0,1.0,0.1264,Aman,Rendah
JJI-00818,Graduate,0,Communication Design,Fase 1 - kuota khusus (Madeira),Lajang,Perempuan,Siang,18,≤20 th,Lunas,Tidak,Tidak,Ya,120.8,125.0,6,6,14.5,6,6,12.83,1.0,1.0,0.1156,Aman,Rendah
JJI-00819,Enrolled,0,Nursing,Fase 2 - kuota umum,Lajang,Perempuan,Siang,20,≤20 th,Menunggak,Tidak,Ya,Ya,125.4,132.0,7,7,13.46,8,7,13.16,1.0,0.875,0.3011,Aman,Sedang
JJI-00820,Graduate,0,Social Service (kelas malam),Fase 1 - kuota umum,Lajang,Perempuan,Malam,25,24-27 th,Lunas,Tidak,Tidak,Ya,121.3,123.0,6,6,12.83,6,6,12.83,1.0,1.0,0.0994,Aman,Rendah
JJI-00821,Graduate,0,Management,Fase 1 - kuota umum,Lajang,Perempuan,Siang,18,≤20 th,Lunas,Tidak,Ya,Ya,127.0,142.0,5,5,12.0,5,4,11.6,1.0,0.8,0.1146,Aman,Rendah
JJI-00822,Graduate,0,Animation & Multimedia Design,Fase 1 - kuota umum,Lajang,Perempuan,Siang,19,≤20 th,Lunas,Tidak,Tidak,Ya,151.6,147.0,0,0,0.0,0,0,0.0,,,0.5179,Berisiko,Tinggi
JJI-00823,Enrolled,0,Veterinary Nursing,Fase 1 - kuota umum,Lajang,Perempuan,Siang,20,≤20 th,Lunas,Tidak,Tidak,Ya,131.6,140.0,7,6,14.71,7,6,13.2,0.857,0.857,0.1379,Aman,Rendah
JJI-00824,Graduate,0,Social Service,Fase 1 - kuota umum,Lajang,Perempuan,Siang,20,≤20 th,Lunas,Tidak,Ya,Ya,106.0,133.1,6,6,12.57,6,6,13.29,1.0,1.0,0.0557,Aman,Rendah
JJI-00825,Graduate,0,Journalism & Communication,Fase 3 - kuota umum,Lajang,Perempuan,Siang,21,21-23 th,Lunas,Tidak,Ya,Ya,111.6,114.0,6,6,12.5,6,6,11.5,1.0,1.0,0.1427,Aman,Rendah
JJI-00826,Graduate,0,Advertising & Marketing Management,Fase 2 - kuota umum,Lajang,Perempuan,Siang,18,≤20 th,Lunas,Tidak,Tidak,Ya,117.3,125.0,6,6,14.0,6,5,14.0,1.0,0.833,0.2134,Aman,Rendah
JJI-00827,Dropout,1,Basic Education,Fase 2 - kuota umum,Lajang,Perempuan,Siang,18,≤20 th,Lunas,Tidak,Tidak,Ya,121.4,127.0,7,7,11.57,7,6,13.17,1.0,0.857,0.2555,Aman,Sedang
JJI-00828,Graduate,0,Communication Design,Fase 1 - kuota umum,Lajang,Perempuan,Siang,18,≤20 th,Lunas,Tidak,Ya,Ya,126.1,132.0,6,6,15.83,6,6,15.33,1.0,1.0,0.0607,Aman,Rendah
JJI-00829,Graduate,0,Nursing,Fase 1 - kuota umum,Lajang,Perempuan,Siang,18,≤20 th,Lunas,Tidak,Tidak,Ya,137.0,148.0,8,8,14.25,8,8,14.25,1.0,1.0,0.0682,Aman,Rendah
JJI-00830,Dropout,1,Advertising & Marketing Management,Pindah program studi,Lajang,Perempuan,Siang,19,≤20 th,Lunas,Tidak,Tidak,Tidak,120.8,139.0,6,0,0.0,6,0,0.0,0.0,0.0,0.9637,Berisiko,Sangat Tinggi
JJI-00831,Dropout,1,Tourism,Fase 2 - kuota umum,Lajang,Perempuan,Siang,20,≤20 th,Lunas,Tidak,Tidak,Ya,128.7,136.0,6,6,11.67,6,6,11.0,1.0,1.0,0.1893,Aman,Rendah
JJI-00832,Dropout,1,Social Service,Usia di atas 23 tahun,Lajang,Perempuan,Siang,47,>35 th,Lunas,Tidak,Tidak,Tidak,118.0,133.1,6,0,0.0,5,0,0.0,0.0,0.0,0.9724,Berisiko,Sangat Tinggi
JJI-00833,Enrolled,0,Equinculture,Pindah program studi,Lajang,Perempuan,Siang,21,21-23 th,Lunas,Ya,Tidak,Tidak,120.0,120.0,5,5,13.2,5,2,12.5,1.0,0.4,0.5939,Berisiko,Tinggi
JJI-00834,Dropout,1,Equinculture,Usia di atas 23 tahun,Menikah,Laki-laki,Siang,31,28-35 th,Lunas,Tidak,Tidak,Tidak,160.0,130.0,6,2,12.0,6,1,10.0,0.333,0.167,0.9068,Berisiko,Sangat Tinggi
JJI-00835,Dropout,1,Informatics Engineering,Usia di atas 23 tahun,Menikah,Laki-laki,Siang,46,>35 th,Lunas,Tidak,Tidak,Ya,150.0,110.0,5,0,0.0,5,0,0.0,0.0,0.0,0.9858,Berisiko,Sangat Tinggi
JJI-00836,Enrolled,0,Informatics Engineering,Fase 1 - kuota umum,Lajang,Laki-laki,Siang,18,≤20 th,Lunas,Tidak,Tidak,Ya,121.8,133.0,5,4,12.0,5,2,11.0,0.8,0.4,0.5277,Berisiko,Tinggi
JJI-00837,Dropout,1,Informatics Engineering,Fase 2 - kuota umum,Lajang,Laki-laki,Siang,19,≤20 th,Lunas,Tidak,Tidak,Ya,125.4,138.0,5,3,13.33,5,4,10.75,0.6,0.8,0.468,Berisiko,Tinggi
JJI-00838,Enrolled,0,Oral Hygiene,Pindah institusi/prodi,Lajang,Laki-laki,Siang,23,21-23 th,Lunas,Tidak,Tidak,Ya,126.6,131.0,7,5,12.41,7,2,13.5,0.714,0.286,0.7562,Berisiko,Sangat Tinggi
JJI-00839,Dropout,1,Equinculture,Pemegang diploma spesialisasi teknologi,Lajang,Laki-laki,Siang,22,21-23 th,Menunggak,Tidak,Tidak,Tidak,150.0,150.0,5,0,0.0,5,0,0.0,0.0,0.0,0.9897,Berisiko,Sangat Tinggi
JJI-00840,Graduate,0,Management,Fase 1 - kuota umum,Lajang,Laki-laki,Siang,19,≤20 th,Lunas,Tidak,Tidak,Ya,114.5,125.0,5,5,13.8,5,5,12.4,1.0,1.0,0.1283,Aman,Rendah
JJI-00841,Dropout,1,Management,Fase 1 - kuota umum,Lajang,Perempuan,Siang,19,≤20 th,Menunggak,Ya,Tidak,Tidak,107.0,108.0,5,0,0.0,5,0,0.0,0.0,0.0,0.9843,Berisiko,Sangat Tinggi
JJI-00842,Enrolled,0,Management,Fase 2 - kuota umum,Lajang,Laki-laki,Siang,22,21-23 th,Menunggak,Tidak,Tidak,Tidak,115.7,116.0,5,4,11.5,5,4,14.0,0.8,0.8,0.5849,Berisiko,Tinggi
JJI-00843,Dropout,1,Equinculture,Usia di atas 23 tahun,Lajang,Laki-laki,Siang,29,28-35 th,Menunggak,Ya,Tidak,Tidak,120.0,133.1,5,0,0.0,5,0,0.0,0.0,0.0,0.9961,Berisiko,Sangat Tinggi
JJI-00844,Graduate,0,Nursing,Fase 1 - kuota umum,Lajang,Perempuan,Siang,18,≤20 th,Lunas,Tidak,Tidak,Ya,134.8,147.0,7,6,14.02,7,6,14.02,0.857,0.857,0.1215,Aman,Rendah
JJI-00845,Graduate,0,Social Service,Fase 1 - kuota umum,Lajang,Perempuan,Siang,18,≤20 th,Lunas,Tidak,Tidak,Ya,133.6,143.0,6,5,11.4,6,5,10.8,0.833,0.833,0.1501,Aman,Rendah
JJI-00846,Dropout,1,Animation & Multimedia Design,Fase 1 - kuota umum,Lajang,Perempuan,Siang,23,21-23 th,Menunggak,Ya,Ya,Ya,129.0,115.0,0,0,0.0,0,0,0.0,,,0.8136,Berisiko,Sangat Tinggi
JJI-00847,Graduate,0,Management (kelas malam),Usia di atas 23 tahun,Menikah,Perempuan,Malam,34,28-35 th,Lunas,Tidak,Tidak,Tidak,128.4,160.0,5,5,10.4,5,5,12.0,1.0,1.0,0.2957,Aman,Sedang
JJI-00848,Graduate,0,Management,Fase 2 - kuota umum,Lajang,Perempuan,Siang,19,≤20 th,Lunas,Tidak,Tidak,Tidak,122.2,118.0,5,3,10.67,5,4,10.25,0.6,0.8,0.2962,Aman,Sedang
JJI-00849,Enrolled,0,Veterinary Nursing,Fase 1 - kuota umum,Lajang,Perempuan,Siang,18,≤20 th,Lunas,Tidak,Tidak,Ya,113.3,122.0,5,4,14.25,5,5,12.71,0.8,1.0,0.1331,Aman,Rendah
JJI-00850,Graduate,0,Nursing,Fase 2 - kuota umum,Lajang,Perempuan,Siang,20,≤20 th,Lunas,Tidak,Ya,Tidak,129.9,143.0,7,7,13.91,8,8,14.11,1.0,1.0,0.0626,Aman,Rendah
JJI-00851,Graduate,0,Nursing,Fase 1 - kuota umum,Lajang,Perempuan,Siang,19,≤20 th,Lunas,Tidak,Tidak,Ya,126.2,133.0,7,7,13.76,8,7,12.82,1.0,0.875,0.125,Aman,Rendah
JJI-00852,Enrolled,0,Basic Education,Fase 1 - kuota khusus (Azores),Lajang,Perempuan,Siang,22,21-23 th,Lunas,Tidak,Tidak,Ya,112.6,122.0,6,5,12.6,6,4,11.25,0.833,0.667,0.5144,Berisiko,Tinggi
JJI-00853,Graduate,0,Social Service,Fase 1 - kuota umum,Lajang,Perempuan,Siang,23,21-23 th,Lunas,Tidak,Ya,Ya,149.0,164.0,6,6,13.86,6,6,14.17,1.0,1.0,0.0518,Aman,Rendah
JJI-00854,Graduate,0,Nursing,Usia di atas 23 tahun,Menikah,Laki-laki,Siang,34,28-35 th,Lunas,Tidak,Ya,Tidak,120.0,133.1,8,7,13.84,8,7,13.84,0.875,0.875,0.1564,Aman,Rendah
JJI-00855,Enrolled,0,Informatics Engineering,Fase 2 - kuota umum,Lajang,Laki-laki,Siang,18,≤20 th,Menunggak,Ya,Tidak,Ya,120.4,127.0,5,0,0.0,5,0,0.0,0.0,0.0,0.9948,Berisiko,Sangat Tinggi
JJI-00856,Dropout,1,Journalism & Communication,Fase 1 - kuota umum,Lajang,Laki-laki,Siang,21,21-23 th,Lunas,Tidak,Tidak,Ya,128.1,140.0,6,5,11.8,6,0,0.0,0.833,0.0,0.9287,Berisiko,Sangat Tinggi
JJI-00857,Dropout,1,Social Service,Fase 1 - kuota umum,Lajang,Laki-laki,Siang,22,21-23 th,Lunas,Tidak,Tidak,Ya,141.7,127.0,6,6,12.67,6,6,13.83,1.0,1.0,0.1002,Aman,Rendah
JJI-00858,Dropout,1,Agronomy,Usia di atas 23 tahun,Lajang,Laki-laki,Siang,28,28-35 th,Lunas,Tidak,Tidak,Tidak,130.0,133.1,6,0,0.0,6,0,0.0,0.0,0.0,0.9703,Berisiko,Sangat Tinggi
JJI-00859,Dropout,1,Informatics Engineering,Fase 1 - kuota khusus (Azores),Lajang,Laki-laki,Siang,23,21-23 th,Lunas,Tidak,Tidak,Ya,113.3,115.0,5,0,0.0,5,0,0.0,0.0,0.0,0.9677,Berisiko,Sangat Tinggi
JJI-00860,Dropout,1,Journalism & Communication,Fase 1 - kuota umum,Lajang,Laki-laki,Siang,20,≤20 th,Lunas,Tidak,Tidak,Tidak,105.9,108.0,6,4,10.75,6,2,10.0,0.667,0.333,0.693,Berisiko,Tinggi
JJI-00861,Dropout,1,Informatics Engineering,Fase 3 - kuota umum,Lajang,Laki-laki,Siang,18,≤20 th,Lunas,Tidak,Tidak,Ya,122.7,136.0,5,5,12.6,5,3,13.25,1.0,0.6,0.3413,Aman,Sedang
JJI-00862,Dropout,1,Management,Usia di atas 23 tahun,Lajang,Laki-laki,Siang,28,28-35 th,Menunggak,Ya,Tidak,Ya,120.0,133.1,5,0,0.0,5,0,0.0,0.0,0.0,0.9941,Berisiko,Sangat Tinggi
JJI-00863,Dropout,1,Communication Design,Pemegang diploma spesialisasi teknologi,Lajang,Laki-laki,Siang,21,21-23 th,Lunas,Tidak,Tidak,Tidak,119.8,120.0,7,2,12.0,9,7,12.14,0.286,0.778,0.3987,Aman,Sedang
JJI-00864,Dropout,1,Advertising & Marketing Management,Usia di atas 23 tahun,Lajang,Laki-laki,Siang,25,24-27 th,Menunggak,Ya,Tidak,Tidak,122.9,133.1,6,3,14.0,6,2,14.5,0.5,0.333,0.9557,Berisiko,Sangat Tinggi
JJI-00865,Dropout,1,Veterinary Nursing,Pemegang diploma spesialisasi teknologi,Lajang,Laki-laki,Siang,19,≤20 th,Menunggak,Tidak,Tidak,Ya,160.0,160.0,6,6,14.0,6,6,13.5,1.0,1.0,0.3489,Aman,Sedang
JJI-00866,Graduate,0,Nursing,Fase 1 - kuota umum,Lajang,Laki-laki,Siang,18,≤20 th,Lunas,Tidak,Ya,Ya,125.2,128.0,7,7,14.68,8,8,15.06,1.0,1.0,0.058,Aman,Rendah
JJI-00867,Dropout,1,Informatics Engineering,Usia di atas 23 tahun,Lajang,Laki-laki,Siang,29,28-35 th,Lunas,Tidak,Tidak,Tidak,143.4,130.0,3,0,0.0,5,0,0.0,0.0,0.0,0.9395,Berisiko,Sangat Tinggi
JJI-00868,Dropout,1,Informatics Engineering,Usia di atas 23 tahun,Lajang,Laki-laki,Siang,29,28-35 th,Lunas,Tidak,Ya,Tidak,96.7,133.1,5,0,0.0,5,0,0.0,0.0,0.0,0.9602,Berisiko,Sangat Tinggi
JJI-00869,Graduate,0,Tourism,Fase 3 - kuota umum,Lajang,Laki-laki,Siang,20,≤20 th,Lunas,Tidak,Tidak,Tidak,126.9,137.0,6,6,13.86,6,5,12.8,1.0,0.833,0.2224,Aman,Rendah
JJI-00870,Graduate,0,Animation & Multimedia Design,Fase 1 - kuota umum,Lajang,Laki-laki,Siang,18,≤20 th,Lunas,Tidak,Tidak,Tidak,143.1,163.0,0,0,0.0,0,0,0.0,,,0.5324,Berisiko,Tinggi
JJI-00871,Graduate,0,Tourism,Fase 1 - kuota umum,Lajang,Laki-laki,Siang,20,≤20 th,Lunas,Tidak,Tidak,Tidak,114.5,125.0,6,6,13.14,6,6,12.5,1.0,1.0,0.136,Aman,Rendah
JJI-00872,Dropout,1,Informatics Engineering,Usia di atas 23 tahun,Menikah,Laki-laki,Siang,33,28-35 th,Lunas,Tidak,Tidak,Ya,140.0,120.0,5,1,18.0,5,2,13.0,0.2,0.4,0.7582,Berisiko,Sangat Tinggi
JJI-00873,Graduate,0,Management (kelas malam),Transfer,Lajang,Laki-laki,Malam,30,28-35 th,Lunas,Tidak,Tidak,Tidak,113.7,150.0,15,13,11.46,11,10,11.58,0.867,0.909,0.3728,Aman,Sedang
JJI-00874,Enrolled,0,Oral Hygiene,Fase 1 - kuota umum,Lajang,Laki-laki,Siang,21,21-23 th,Lunas,Tidak,Ya,Tidak,131.5,135.0,7,5,11.2,8,6,11.58,0.714,0.75,0.2224,Aman,Rendah
JJI-00875,Graduate,0,Agronomy,Fase 1 - kuota umum,Lajang,Laki-laki,Siang,18,≤20 th,Lunas,Ya,Tidak,Tidak,143.5,148.0,6,5,15.0,6,4,14.5,0.833,0.667,0.3212,Aman,Sedang
JJI-00876,Graduate,0,Nursing,Fase 1 - kuota umum,Lajang,Laki-laki,Siang,19,≤20 th,Lunas,Tidak,Ya,Tidak,126.8,138.0,7,7,14.24,8,8,12.23,1.0,1.0,0.0523,Aman,Rendah
JJI-00877,Dropout,1,Communication Design,Fase 2 - kuota umum,Lajang,Laki-laki,Siang,21,21-23 th,Lunas,Tidak,Ya,Tidak,115.2,119.0,6,4,11.5,6,5,11.0,0.667,0.833,0.2317,Aman,Rendah
JJI-00878,Dropout,1,Oral Hygiene,Usia di atas 23 tahun,Lajang,Laki-laki,Siang,25,24-27 th,Lunas,Tidak,Ya,Tidak,100.0,130.0,7,2,10.0,7,0,0.0,0.286,0.0,0.9666,Berisiko,Sangat Tinggi
JJI-00879,Graduate,0,Advertising & Marketing Management,Fase 1 - kuota umum,Lajang,Laki-laki,Siang,19,≤20 th,Lunas,Tidak,Tidak,Tidak,121.4,135.0,5,3,12.33,5,5,11.6,0.6,1.0,0.2736,Aman,Sedang
JJI-00880,Dropout,1,Communication Design,Pemegang diploma spesialisasi teknologi,Lajang,Laki-laki,Siang,23,21-23 th,Lunas,Tidak,Tidak,Ya,120.0,120.0,7,5,12.2,9,7,12.14,0.714,0.778,0.3136,Aman,Sedang
JJI-00881,Graduate,0,Communication Design,Fase 2 - kuota umum,Lajang,Laki-laki,Siang,19,≤20 th,Lunas,Tidak,Ya,Ya,129.9,126.0,6,6,13.67,6,5,13.2,1.0,0.833,0.1838,Aman,Rendah
JJI-00882,Graduate,0,Animation & Multimedia Design,Fase 1 - kuota umum,Lajang,Laki-laki,Siang,19,≤20 th,Lunas,Tidak,Tidak,Ya,151.1,149.0,0,0,0.0,0,0,0.0,,,0.5241,Berisiko,Tinggi
JJI-00883,Dropout,1,Agronomy,Usia di atas 23 tahun,Lajang,Laki-laki,Siang,31,28-35 th,Menunggak,Ya,Tidak,Tidak,120.0,110.0,6,1,11.0,6,0,0.0,0.167,0.0,0.9956,Berisiko,Sangat Tinggi
JJI-00884,Dropout,1,Agronomy,Usia di atas 23 tahun,Lajang,Laki-laki,Siang,32,28-35 th,Menunggak,Ya,Tidak,Tidak,130.0,133.1,6,3,13.0,10,6,11.43,0.5,0.6,0.917,Berisiko,Sangat Tinggi
JJI-00885,Graduate,0,Nursing,Fase 1 - kuota khusus (Madeira),Lajang,Perempuan,Siang,19,≤20 th,Lunas,Tidak,Ya,Ya,119.0,127.0,8,7,12.6,8,7,12.6,0.875,0.875,0.1036,Aman,Rendah
JJI-00886,Graduate,0,Journalism & Communication,Transfer,Lajang,Perempuan,Siang,34,28-35 th,Lunas,Tidak,Tidak,Ya,122.0,120.0,10,10,12.2,10,9,12.33,1.0,0.9,0.3097,Aman,Sedang
JJI-00887,Graduate,0,Journalism & Communication,Fase 1 - kuota khusus (Madeira),Lajang,Perempuan,Siang,21,21-23 th,Lunas,Tidak,Tidak,Ya,129.7,136.0,6,6,13.17,6,6,13.0,1.0,1.0,0.2458,Aman,Rendah
JJI-00888,Graduate,0,Social Service,Pindah program studi,Lajang,Perempuan,Siang,53,>35 th,Lunas,Tidak,Ya,Ya,112.5,110.0,7,6,11.0,7,7,11.0,0.857,1.0,0.3094,Aman,Sedang
JJI-00889,Graduate,0,Nursing,Fase 1 - kuota umum,Lajang,Perempuan,Siang,19,≤20 th,Lunas,Tidak,Ya,Tidak,136.0,136.0,7,7,14.01,8,8,15.35,1.0,1.0,0.0298,Aman,Rendah
JJI-00890,Graduate,0,Journalism & Communication,Fase 1 - kuota umum,Lajang,Perempuan,Siang,20,≤20 th,Lunas,Tidak,Ya,Tidak,133.1,145.0,6,4,13.0,6,4,11.25,0.667,0.667,0.3031,Aman,Sedang
JJI-00891,Graduate,0,Journalism & Communication,Fase 1 - kuota umum,Lajang,Perempuan,Siang,18,≤20 th,Lunas,Tidak,Tidak,Ya,151.3,159.0,6,6,14.0,6,6,14.67,1.0,1.0,0.1303,Aman,Rendah
JJI-00892,Dropout,1,Animation & Multimedia Design,Usia di atas 23 tahun,Lajang,Perempuan,Siang,32,28-35 th,Menunggak,Tidak,Tidak,Tidak,133.3,147.0,0,0,0.0,0,0,0.0,,,0.8874,Berisiko,Sangat Tinggi
JJI-00893,Graduate,0,Nursing,Pindah program studi,Lajang,Perempuan,Siang,21,21-23 th,Lunas,Tidak,Ya,Ya,130.8,150.0,8,7,14.43,8,7,14.43,0.875,0.875,0.0975,Aman,Rendah
JJI-00894,Dropout,1,Social Service (kelas malam),Pemegang gelar pendidikan tinggi lain,Lajang,Perempuan,Malam,26,24-27 th,Menunggak,Tidak,Tidak,Tidak,140.0,140.0,5,0,0.0,5,0,0.0,0.0,0.0,0.9855,Berisiko,Sangat Tinggi
JJI-00895,Graduate,0,Veterinary Nursing,Transfer,Lajang,Perempuan,Siang,26,24-27 th,Lunas,Tidak,Tidak,Ya,150.0,150.0,18,18,11.83,13,13,12.46,1.0,1.0,0.1284,Aman,Rendah
JJI-00896,Dropout,1,Management (kelas malam),Pemegang diploma spesialisasi teknologi,Menikah,Perempuan,Malam,21,21-23 th,Menunggak,Tidak,Tidak,Tidak,130.0,130.0,5,3,11.33,5,1,13.0,0.6,0.2,0.8375,Berisiko,Sangat Tinggi
JJI-00897,Graduate,0,Journalism & Communication,Fase 2 - kuota umum,Lajang,Perempuan,Siang,18,≤20 th,Lunas,Tidak,Tidak,Tidak,125.3,120.0,6,6,12.5,6,6,13.0,1.0,1.0,0.1555,Aman,Rendah
JJI-00898,Graduate,0,Communication Design,Pindah program studi,Lajang,Perempuan,Siang,21,21-23 th,Lunas,Tidak,Ya,Ya,124.0,130.0,12,12,13.33,12,11,12.55,1.0,0.917,0.0702,Aman,Rendah
JJI-00899,Enrolled,0,Tourism,Fase 1 - kuota umum,Lajang,Perempuan,Siang,21,21-23 th,Lunas,Tidak,Tidak,Ya,113.8,112.0,6,6,10.83,6,4,11.0,1.0,0.667,0.3123,Aman,Sedang
JJI-00900,Graduate,0,Advertising & Marketing Management,Fase 2 - kuota umum,Lajang,Perempuan,Siang,19,≤20 th,Lunas,Tidak,Ya,Tidak,124.4,128.0,6,6,13.0,6,6,14.0,1.0,1.0,0.0806,Aman,Rendah
JJI-00901,Dropout,1,Management,Fase 2 - kuota umum,Lajang,Perempuan,Siang,19,≤20 th,Lunas,Tidak,Tidak,Tidak,107.7,114.0,5,2,10.0,5,2,14.0,0.4,0.4,0.4501,Berisiko,Tinggi
JJI-00902,Graduate,0,Social Service,Pindah program studi,Lajang,Perempuan,Siang,19,≤20 th,Lunas,Tidak,Ya,Tidak,110.0,118.0,6,6,11.43,6,5,11.2,1.0,0.833,0.0933,Aman,Rendah
JJI-00903,Graduate,0,Nursing,Pemegang gelar pendidikan tinggi lain,Lajang,Perempuan,Siang,27,24-27 th,Lunas,Tidak,Tidak,Ya,130.0,130.0,8,8,12.89,8,8,12.89,1.0,1.0,0.1419,Aman,Rendah
JJI-00904,Graduate,0,Nursing,Fase 1 - kuota umum,Lajang,Perempuan,Siang,18,≤20 th,Lunas,Tidak,Ya,Ya,138.8,145.0,7,6,12.95,7,6,12.95,0.857,0.857,0.0902,Aman,Rendah
JJI-00905,Dropout,1,Management,Fase 1 - kuota umum,Lajang,Perempuan,Siang,20,≤20 th,Lunas,Tidak,Tidak,Ya,126.3,121.0,5,1,10.0,5,0,0.0,0.2,0.0,0.8965,Berisiko,Sangat Tinggi
JJI-00906,Graduate,0,Nursing,Fase 1 - kuota umum,Lajang,Perempuan,Siang,19,≤20 th,Lunas,Tidak,Ya,Ya,114.5,114.0,7,7,13.09,8,8,12.55,1.0,1.0,0.0526,Aman,Rendah
JJI-00907,Dropout,1,Advertising & Marketing Management,Fase 1 - kuota umum,Lajang,Perempuan,Siang,20,≤20 th,Lunas,Tidak,Tidak,Ya,116.5,127.0,6,0,0.0,6,0,0.0,0.0,0.0,0.9645,Berisiko,Sangat Tinggi
JJI-00908,Graduate,0,Social Service,Fase 2 - kuota umum,Lajang,Perempuan,Siang,19,≤20 th,Lunas,Tidak,Ya,Ya,128.6,145.0,6,5,11.71,6,6,11.0,0.833,1.0,0.1112,Aman,Rendah
JJI-00909,Enrolled,0,Social Service,Fase 2 - kuota umum,Lajang,Perempuan,Siang,20,≤20 th,Lunas,Tidak,Tidak,Ya,130.0,130.0,6,4,11.25,6,3,10.0,0.667,0.5,0.5321,Berisiko,Tinggi
JJI-00910,Dropout,1,Animation & Multimedia Design,Fase 1 - kuota umum,Lajang,Perempuan,Siang,20,≤20 th,Lunas,Tidak,Tidak,Tidak,134.6,150.0,0,0,0.0,0,0,0.0,,,0.4429,Berisiko,Tinggi
JJI-00911,Graduate,0,Basic Education,Fase 1 - kuota umum,Lajang,Perempuan,Siang,18,≤20 th,Lunas,Tidak,Tidak,Tidak,146.8,145.0,6,6,13.17,6,6,13.33,1.0,1.0,0.1305,Aman,Rendah
JJI-00912,Graduate,0,Veterinary Nursing,Fase 1 - kuota umum,Lajang,Perempuan,Siang,20,≤20 th,Lunas,Tidak,Tidak,Ya,135.7,128.0,5,4,12.75,5,5,13.4,0.8,1.0,0.1163,Aman,Rendah
JJI-00913,Dropout,1,Management (kelas malam),Usia di atas 23 tahun,Menikah,Perempuan,Malam,38,>35 th,Menunggak,Tidak,Tidak,Tidak,120.0,140.0,5,5,10.6,5,2,11.0,1.0,0.4,0.8709,Berisiko,Sangat Tinggi
JJI-00914,Graduate,0,Social Service (kelas malam),Usia di atas 23 tahun,Bercerai,Perempuan,Malam,42,>35 th,Lunas,Tidak,Tidak,Tidak,138.0,130.0,6,5,11.2,6,6,12.0,0.833,1.0,0.2354,Aman,Rendah
JJI-00915,Dropout,1,Nursing,Usia di atas 23 tahun,Lajang,Perempuan,Siang,32,28-35 th,Lunas,Tidak,Tidak,Tidak,135.5,140.0,7,0,0.0,8,0,0.0,0.0,0.0,0.9832,Berisiko,Sangat Tinggi
JJI-00916,Graduate,0,Journalism & Communication,Mahasiswa internasional (S1),Lajang,Perempuan,Siang,22,21-23 th,Lunas,Tidak,Tidak,Ya,120.0,120.0,6,6,13.0,6,6,13.67,1.0,1.0,0.138,Aman,Rendah
JJI-00917,Dropout,1,Management (kelas malam),Usia di atas 23 tahun,Menikah,Perempuan,Malam,28,28-35 th,Lunas,Tidak,Tidak,Ya,111.7,147.0,5,0,0.0,5,0,0.0,0.0,0.0,0.9613,Berisiko,Sangat Tinggi
JJI-00918,Dropout,1,Social Service (kelas malam),Usia di atas 23 tahun,Menikah,Perempuan,Malam,37,>35 th,Lunas,Tidak,Tidak,Ya,100.0,133.1,6,0,0.0,6,0,0.0,0.0,0.0,0.9792,Berisiko,Sangat Tinggi
JJI-00919,Graduate,0,Agronomy,Pemegang diploma spesialisasi teknologi,Menikah,Perempuan,Siang,43,>35 th,Lunas,Tidak,Tidak,Tidak,160.0,160.0,6,6,14.17,6,6,15.0,1.0,1.0,0.1704,Aman,Rendah
JJI-00920,Graduate,0,Social Service (kelas malam),Usia di atas 23 tahun,Pisah secara hukum,Perempuan,Malam,41,>35 th,Lunas,Tidak,Ya,Tidak,114.8,133.1,6,5,12.83,6,6,12.33,0.833,1.0,0.184,Aman,Rendah
JJI-00921,Graduate,0,Social Service (kelas malam),Usia di atas 23 tahun,Bercerai,Perempuan,Malam,29,28-35 th,Lunas,Tidak,Ya,Tidak,131.0,140.0,6,4,11.75,6,5,10.4,0.667,0.833,0.1778,Aman,Rendah
JJI-00922,Graduate,0,Social Service (kelas malam),Usia di atas 23 tahun,Lajang,Perempuan,Malam,35,28-35 th,Lunas,Tidak,Ya,Tidak,97.0,133.1,6,6,10.83,6,6,11.5,1.0,1.0,0.1267,Aman,Rendah
JJI-00923,Dropout,1,Social Service,Fase 2 - kuota umum,Lajang,Perempuan,Siang,18,≤20 th,Lunas,Tidak,Tidak,Ya,131.7,131.0,6,4,11.75,6,4,12.25,0.667,0.667,0.3692,Aman,Sedang
JJI-00924,Dropout,1,Nursing,Usia di atas 23 tahun,Lajang,Perempuan,Siang,39,>35 th,Menunggak,Tidak,Ya,Tidak,120.0,133.1,7,3,11.5,7,2,10.5,0.429,0.286,0.9453,Berisiko,Sangat Tinggi
JJI-00925,Enrolled,0,Management (kelas malam),Usia di atas 23 tahun,Bercerai,Perempuan,Malam,37,>35 th,Lunas,Tidak,Tidak,Tidak,110.0,120.0,5,2,10.0,5,3,11.33,0.4,0.6,0.6676,Berisiko,Tinggi
JJI-00926,Graduate,0,Nursing,Usia di atas 23 tahun,Lajang,Perempuan,Siang,26,24-27 th,Lunas,Tidak,Ya,Ya,133.0,130.0,7,6,13.7,7,6,13.7,0.857,0.857,0.1498,Aman,Rendah
JJI-00927,Dropout,1,Veterinary Nursing,Pemegang gelar pendidikan tinggi lain,Lajang,Perempuan,Siang,32,28-35 th,Lunas,Tidak,Tidak,Ya,140.0,140.0,5,1,14.0,5,0,0.0,0.2,0.0,0.9559,Berisiko,Sangat Tinggi
JJI-00928,Enrolled,0,Social Service (kelas malam),Usia di atas 23 tahun,Menikah,Perempuan,Malam,37,>35 th,Lunas,Ya,Tidak,Tidak,100.0,133.1,8,7,11.38,7,6,12.17,0.875,0.857,0.4317,Berisiko,Tinggi
JJI-00929,Enrolled,0,Veterinary Nursing,Usia di atas 23 tahun,Lajang,Perempuan,Siang,28,28-35 th,Lunas,Ya,Tidak,Ya,129.3,140.0,6,0,0.0,6,0,0.0,0.0,0.0,0.9895,Berisiko,Sangat Tinggi
JJI-00930,Dropout,1,Social Service,Fase 1 - kuota umum,Lajang,Perempuan,Siang,19,≤20 th,Lunas,Tidak,Tidak,Ya,137.0,133.1,6,0,0.0,6,0,0.0,0.0,0.0,0.9368,Berisiko,Sangat Tinggi
JJI-00931,Enrolled,0,Management,Fase 1 - kuota umum,Lajang,Perempuan,Siang,18,≤20 th,Lunas,Tidak,Tidak,Ya,122.2,125.0,5,1,11.0,5,2,12.5,0.2,0.4,0.5524,Berisiko,Tinggi
JJI-00932,Graduate,0,Basic Education,Fase 1 - kuota umum,Lajang,Perempuan,Siang,19,≤20 th,Lunas,Tidak,Ya,Tidak,108.0,115.0,7,6,13.0,7,7,13.29,0.857,1.0,0.1082,Aman,Rendah
JJI-00933,Graduate,0,Advertising & Marketing Management,Pemegang gelar pendidikan tinggi lain,Menikah,Perempuan,Siang,32,28-35 th,Lunas,Tidak,Tidak,Tidak,110.0,110.0,11,8,13.6,8,8,15.11,0.727,1.0,0.2803,Aman,Sedang
JJI-00934,Dropout,1,Management,Usia di atas 23 tahun,Menikah,Perempuan,Siang,31,28-35 th,Lunas,Tidak,Tidak,Ya,127.7,140.0,5,3,11.0,5,2,11.5,0.6,0.4,0.6179,Berisiko,Tinggi
JJI-00935,Enrolled,0,Nursing,Usia di atas 23 tahun,Lajang,Perempuan,Siang,34,28-35 th,Lunas,Tidak,Tidak,Ya,121.3,100.0,8,7,11.71,8,7,11.71,0.875,0.875,0.2762,Aman,Sedang
JJI-00936,Graduate,0,Animation & Multimedia Design,Fase 1 - kuota umum,Lajang,Perempuan,Siang,20,≤20 th,Lunas,Tidak,Tidak,Ya,140.1,145.0,12,12,13.25,11,11,14.33,1.0,1.0,0.0703,Aman,Rendah
JJI-00937,Dropout,1,Nursing,Usia di atas 23 tahun,Lajang,Perempuan,Siang,28,28-35 th,Lunas,Tidak,Tidak,Tidak,114.8,133.1,7,1,10.75,7,1,10.0,0.143,0.143,0.9013,Berisiko,Sangat Tinggi
JJI-00938,Enrolled,0,Management (kelas malam),Pemegang diploma spesialisasi teknologi,Lajang,Perempuan,Malam,31,28-35 th,Lunas,Tidak,Tidak,Tidak,150.0,150.0,6,6,12.0,7,7,13.43,1.0,1.0,0.1526,Aman,Rendah
JJI-00939,Enrolled,0,Journalism & Communication,Fase 1 - kuota umum,Lajang,Perempuan,Siang,18,≤20 th,Lunas,Tidak,Tidak,Ya,131.7,145.0,6,6,12.67,6,4,12.25,1.0,0.667,0.2645,Aman,Sedang
JJI-00940,Dropout,1,Social Service (kelas malam),Usia di atas 23 tahun,Bercerai,Perempuan,Malam,31,28-35 th,Menunggak,Tidak,Tidak,Tidak,110.0,133.1,6,5,11.4,6,3,11.0,0.833,0.5,0.7672,Berisiko,Sangat Tinggi
JJI-00941,Graduate,0,Journalism & Communication,Fase 1 - kuota umum,Lajang,Perempuan,Siang,19,≤20 th,Lunas,Tidak,Tidak,Ya,105.5,110.0,6,6,13.0,6,5,12.4,1.0,0.833,0.213,Aman,Rendah
JJI-00942,Graduate,0,Social Service,Fase 1 - kuota umum,Lajang,Perempuan,Siang,19,≤20 th,Lunas,Tidak,Ya,Ya,127.3,128.0,6,6,14.0,6,6,12.29,1.0,1.0,0.0536,Aman,Rendah
JJI-00943,Enrolled,0,Social Service,Usia di atas 23 tahun,Menikah,Perempuan,Siang,31,28-35 th,Lunas,Tidak,Tidak,Ya,130.0,133.1,6,0,0.0,5,0,0.0,0.0,0.0,0.9572,Berisiko,Sangat Tinggi
JJI-00944,Dropout,1,Veterinary Nursing,Pemegang gelar pendidikan tinggi lain,Lajang,Perempuan,Siang,34,28-35 th,Lunas,Tidak,Tidak,Tidak,130.0,130.0,6,0,0.0,6,0,0.0,0.0,0.0,0.9738,Berisiko,Sangat Tinggi
JJI-00945,Graduate,0,Oral Hygiene,Fase 1 - kuota khusus (Madeira),Lajang,Perempuan,Siang,18,≤20 th,Lunas,Tidak,Ya,Ya,122.7,137.0,7,7,15.29,8,8,16.08,1.0,1.0,0.0451,Aman,Rendah
JJI-00946,Graduate,0,Tourism,Fase 2 - kuota umum,Lajang,Perempuan,Siang,18,≤20 th,Lunas,Tidak,Tidak,Ya,113.9,123.0,6,6,13.17,6,6,12.67,1.0,1.0,0.1602,Aman,Rendah
JJI-00947,Graduate,0,Management,Fase 1 - kuota umum,Lajang,Laki-laki,Siang,19,≤20 th,Lunas,Ya,Tidak,Tidak,151.1,156.0,5,5,13.6,5,5,12.83,1.0,1.0,0.1884,Aman,Rendah
JJI-00948,Dropout,1,Journalism & Communication,Fase 2 - kuota umum,Lajang,Laki-laki,Siang,22,21-23 th,Menunggak,Tidak,Ya,Ya,125.8,133.1,4,0,0.0,4,0,0.0,0.0,0.0,0.9839,Berisiko,Sangat Tinggi
JJI-00949,Graduate,0,Advertising & Marketing Management,Pindah program studi,Menikah,Laki-laki,Siang,32,28-35 th,Lunas,Tidak,Tidak,Tidak,128.2,100.0,10,10,11.4,9,4,11.5,1.0,0.444,0.6751,Berisiko,Tinggi
JJI-00950,Dropout,1,Management,Usia di atas 23 tahun,Lajang,Laki-laki,Siang,61,>35 th,Lunas,Tidak,Tidak,Tidak,135.1,140.0,5,0,0.0,5,0,0.0,0.0,0.0,0.9881,Berisiko,Sangat Tinggi
JJI-00951,Graduate,0,Management (kelas malam),Usia di atas 23 tahun,Lajang,Laki-laki,Malam,30,28-35 th,Lunas,Tidak,Tidak,Ya,120.2,130.0,5,5,11.0,5,5,11.6,1.0,1.0,0.3623,Aman,Sedang
JJI-00952,Dropout,1,Management (kelas malam),Usia di atas 23 tahun,Menikah,Laki-laki,Malam,45,>35 th,Menunggak,Ya,Tidak,Tidak,132.8,133.1,5,0,0.0,5,0,0.0,0.0,0.0,0.9978,Berisiko,Sangat Tinggi
JJI-00953,Graduate,0,Agronomy,Pemegang diploma spesialisasi teknologi,Lajang,Laki-laki,Siang,20,≤20 th,Lunas,Tidak,Tidak,Tidak,140.0,140.0,6,6,13.57,6,6,12.67,1.0,1.0,0.1193,Aman,Rendah
JJI-00954,Dropout,1,Nursing,Fase 3 - kuota umum,Lajang,Perempuan,Siang,19,≤20 th,Lunas,Tidak,Tidak,Tidak,129.3,137.0,7,0,0.0,8,0,0.0,0.0,0.0,0.9749,Berisiko,Sangat Tinggi
JJI-00955,Dropout,1,Informatics Engineering,Transfer,Lajang,Laki-laki,Siang,26,24-27 th,Lunas,Tidak,Tidak,Ya,108.2,120.0,10,4,11.25,11,4,12.0,0.4,0.364,0.93,Berisiko,Sangat Tinggi
JJI-00956,Dropout,1,Advertising & Marketing Management,Fase 2 - kuota umum,Lajang,Laki-laki,Siang,19,≤20 th,Lunas,Tidak,Tidak,Ya,125.4,125.0,5,3,13.33,5,1,11.0,0.6,0.2,0.7779,Berisiko,Sangat Tinggi
JJI-00957,Graduate,0,Journalism & Communication,Fase 2 - kuota umum,Lajang,Laki-laki,Siang,19,≤20 th,Lunas,Tidak,Ya,Tidak,140.2,130.0,6,6,12.0,6,6,11.67,1.0,1.0,0.164,Aman,Rendah
JJI-00958,Graduate,0,Journalism & Communication,Fase 1 - kuota umum,Lajang,Laki-laki,Siang,19,≤20 th,Lunas,Tidak,Tidak,Ya,116.1,115.0,6,6,12.5,6,5,13.0,1.0,0.833,0.2788,Aman,Sedang
JJI-00959,Graduate,0,Management,Fase 1 - kuota umum,Lajang,Laki-laki,Siang,19,≤20 th,Lunas,Tidak,Ya,Ya,137.8,150.0,5,5,13.2,5,5,12.67,1.0,1.0,0.1019,Aman,Rendah
JJI-00960,Dropout,1,Advertising & Marketing Management,Fase 1 - kuota umum,Lajang,Laki-laki,Siang,19,≤20 th,Menunggak,Tidak,Tidak,Ya,128.4,134.0,5,0,0.0,4,0,0.0,0.0,0.0,0.9836,Berisiko,Sangat Tinggi
JJI-00961,Dropout,1,Advertising & Marketing Management,Usia di atas 23 tahun,Lajang,Laki-laki,Siang,28,28-35 th,Menunggak,Tidak,Tidak,Ya,106.0,120.0,5,3,11.67,5,2,11.5,0.6,0.4,0.9165,Berisiko,Sangat Tinggi
JJI-00962,Graduate,0,Management,Pindah program studi,Lajang,Laki-laki,Siang,24,24-27 th,Lunas,Tidak,Tidak,Tidak,130.2,141.0,15,15,13.47,14,14,13.64,1.0,1.0,0.0651,Aman,Rendah
JJI-00963,Graduate,0,Equinculture,Fase 1 - kuota umum,Lajang,Laki-laki,Siang,18,≤20 th,Lunas,Tidak,Tidak,Tidak,126.0,133.0,5,3,13.67,5,5,13.2,0.6,1.0,0.2602,Aman,Sedang
JJI-00964,Enrolled,0,Informatics Engineering,Fase 1 - kuota umum,Lajang,Laki-laki,Siang,18,≤20 th,Lunas,Tidak,Tidak,Tidak,141.0,149.0,5,2,11.67,5,2,12.5,0.4,0.4,0.5593,Berisiko,Tinggi
JJI-00965,Graduate,0,Journalism & Communication,Fase 1 - kuota umum,Lajang,Laki-laki,Siang,18,≤20 th,Lunas,Tidak,Ya,Ya,113.0,121.0,6,6,11.67,6,5,10.2,1.0,0.833,0.1951,Aman,Rendah
JJI-00966,Graduate,0,Agronomy,Pemegang diploma spesialisasi teknologi,Lajang,Laki-laki,Siang,21,21-23 th,Lunas,Tidak,Tidak,Tidak,120.0,120.0,6,5,13.4,6,5,12.4,0.833,0.833,0.23,Aman,Rendah
JJI-00967,Dropout,1,Management (kelas malam),Usia di atas 23 tahun,Menikah,Laki-laki,Malam,28,28-35 th,Menunggak,Tidak,Tidak,Tidak,130.9,148.0,5,0,0.0,5,0,0.0,0.0,0.0,0.9912,Berisiko,Sangat Tinggi
JJI-00968,Dropout,1,Agronomy,Usia di atas 23 tahun,Lajang,Laki-laki,Siang,58,>35 th,Lunas,Tidak,Tidak,Tidak,120.0,133.1,6,0,0.0,6,0,0.0,0.0,0.0,0.9937,Berisiko,Sangat Tinggi
JJI-00969,Dropout,1,Management (kelas malam),Usia di atas 23 tahun,Menikah,Laki-laki,Malam,49,>35 th,Menunggak,Tidak,Tidak,Ya,134.1,135.0,5,0,0.0,5,0,0.0,0.0,0.0,0.9969,Berisiko,Sangat Tinggi
JJI-00970,Enrolled,0,Informatics Engineering,Usia di atas 23 tahun,Lajang,Laki-laki,Siang,24,24-27 th,Lunas,Tidak,Tidak,Tidak,120.0,150.0,5,3,10.67,5,2,10.5,0.6,0.4,0.6244,Berisiko,Tinggi
JJI-00971,Graduate,0,Advertising & Marketing Management,Pindah program studi,Lajang,Laki-laki,Siang,25,24-27 th,Lunas,Tidak,Tidak,Tidak,114.8,130.0,5,4,13.75,5,4,14.75,0.8,0.8,0.3039,Aman,Sedang
JJI-00972,Dropout,1,Management,Transfer,Bercerai,Laki-laki,Siang,33,28-35 th,Lunas,Tidak,Tidak,Ya,123.0,133.1,5,1,10.0,5,0,0.0,0.2,0.0,0.9527,Berisiko,Sangat Tinggi
JJI-00973,Dropout,1,Informatics Engineering,Usia di atas 23 tahun,Menikah,Laki-laki,Siang,33,28-35 th,Menunggak,Tidak,Tidak,Tidak,118.0,133.1,5,0,0.0,5,0,0.0,0.0,0.0,0.9942,Berisiko,Sangat Tinggi
JJI-00974,Graduate,0,Basic Education,Pindah program studi,Menikah,Laki-laki,Siang,40,>35 th,Lunas,Tidak,Tidak,Tidak,100.0,110.0,2,1,16.0,4,4,15.5,0.5,1.0,0.4181,Berisiko,Tinggi
JJI-00975,Graduate,0,Management (kelas malam),Usia di atas 23 tahun,Menikah,Laki-laki,Malam,48,>35 th,Lunas,Tidak,Tidak,Tidak,151.1,170.0,5,5,12.29,5,5,11.12,1.0,1.0,0.4732,Berisiko,Tinggi
JJI-00976,Enrolled,0,Informatics Engineering,Fase 2 - kuota umum,Lajang,Laki-laki,Siang,18,≤20 th,Menunggak,Ya,Tidak,Ya,116.9,120.0,5,3,12.0,5,3,10.33,0.6,0.6,0.9039,Berisiko,Sangat Tinggi
JJI-00977,Graduate,0,Nursing,Usia di atas 23 tahun,Lajang,Laki-laki,Siang,24,24-27 th,Lunas,Tidak,Tidak,Ya,106.0,133.1,7,6,12.67,7,6,12.67,0.857,0.857,0.2761,Aman,Sedang
JJI-00978,Graduate,0,Veterinary Nursing,Fase 1 - kuota umum,Menikah,Laki-laki,Siang,23,21-23 th,Lunas,Tidak,Ya,Tidak,127.1,139.0,5,5,11.8,5,4,13.25,1.0,0.8,0.1346,Aman,Rendah
JJI-00979,Dropout,1,Management (kelas malam),Usia di atas 23 tahun,Lajang,Laki-laki,Malam,39,>35 th,Menunggak,Ya,Tidak,Ya,155.5,133.1,5,5,10.6,5,5,14.67,1.0,1.0,0.771,Berisiko,Sangat Tinggi
JJI-00980,Graduate,0,Agronomy,Fase 3 - kuota umum,Lajang,Laki-laki,Siang,21,21-23 th,Lunas,Tidak,Tidak,Tidak,101.0,133.1,11,9,11.9,9,8,12.25,0.818,0.889,0.2245,Aman,Rendah
JJI-00981,Dropout,1,Informatics Engineering,Transfer,Lajang,Laki-laki,Siang,34,28-35 th,Lunas,Tidak,Tidak,Ya,128.2,120.0,6,4,11.25,5,2,10.5,0.667,0.4,0.7958,Berisiko,Sangat Tinggi
JJI-00982,Enrolled,0,Management (kelas malam),Usia di atas 23 tahun,Menikah,Laki-laki,Malam,41,>35 th,Lunas,Tidak,Ya,Tidak,113.0,100.0,5,4,11.0,5,5,11.4,0.8,1.0,0.3598,Aman,Sedang
JJI-00983,Graduate,0,Journalism & Communication,Fase 1 - kuota umum,Lajang,Laki-laki,Siang,18,≤20 th,Lunas,Tidak,Tidak,Tidak,122.8,134.0,6,6,12.0,6,6,12.5,1.0,1.0,0.1475,Aman,Rendah
JJI-00984,Enrolled,0,Management (kelas malam),Usia di atas 23 tahun,Menikah,Laki-laki,Malam,34,28-35 th,Lunas,Tidak,Tidak,Tidak,145.6,130.0,5,4,11.75,5,4,10.83,0.8,0.8,0.4787,Berisiko,Tinggi
JJI-00985,Dropout,1,Management,Fase 1 - kuota umum,Lajang,Laki-laki,Siang,19,≤20 th,Lunas,Tidak,Tidak,Tidak,116.5,128.0,5,2,10.0,5,1,16.0,0.4,0.2,0.5266,Berisiko,Tinggi
JJI-00986,Graduate,0,Nursing,Fase 1 - kuota umum,Lajang,Laki-laki,Siang,19,≤20 th,Lunas,Tidak,Tidak,Tidak,142.0,154.0,8,7,13.71,8,7,13.71,0.875,0.875,0.1212,Aman,Rendah
JJI-00987,Graduate,0,Agronomy,Pemegang gelar pendidikan tinggi lain,Lajang,Laki-laki,Siang,28,28-35 th,Lunas,Tidak,Tidak,Tidak,150.0,150.0,6,6,14.88,6,6,15.8,1.0,1.0,0.1864,Aman,Rendah
JJI-00988,Dropout,1,Communication Design,Fase 2 - kuota umum,Lajang,Laki-laki,Siang,18,≤20 th,Lunas,Tidak,Tidak,Ya,133.3,134.0,6,5,10.8,6,0,0.0,0.833,0.0,0.916,Berisiko,Sangat Tinggi
JJI-00989,Dropout,1,Social Service,Fase 1 - kuota umum,Lajang,Laki-laki,Siang,19,≤20 th,Lunas,Tidak,Tidak,Ya,115.8,127.0,6,3,12.0,6,2,10.0,0.5,0.333,0.6388,Berisiko,Tinggi
JJI-00990,Dropout,1,Veterinary Nursing,Fase 2 - kuota umum,Lajang,Laki-laki,Siang,19,≤20 th,Menunggak,Ya,Tidak,Ya,100.0,133.1,6,5,12.5,6,2,13.5,0.833,0.333,0.9152,Berisiko,Sangat Tinggi
JJI-00991,Graduate,0,Nursing,Fase 2 - kuota umum,Lajang,Perempuan,Siang,18,≤20 th,Lunas,Tidak,Tidak,Ya,128.6,130.0,7,7,14.73,8,8,16.33,1.0,1.0,0.0668,Aman,Rendah
JJI-00992,Graduate,0,Equinculture,Fase 1 - kuota umum,Lajang,Perempuan,Siang,18,≤20 th,Lunas,Tidak,Tidak,Ya,137.1,135.0,6,6,12.0,6,5,14.8,1.0,0.833,0.1964,Aman,Rendah
JJI-00993,Dropout,1,Journalism & Communication,Fase 1 - kuota umum,Lajang,Perempuan,Siang,18,≤20 th,Lunas,Tidak,Tidak,Ya,149.0,143.0,6,6,11.43,6,6,11.0,1.0,1.0,0.136,Aman,Rendah
JJI-00994,Graduate,0,Social Service,Pemegang diploma spesialisasi teknologi,Lajang,Perempuan,Siang,19,≤20 th,Lunas,Tidak,Tidak,Ya,147.0,150.0,6,6,14.17,6,6,13.5,1.0,1.0,0.0866,Aman,Rendah
JJI-00995,Graduate,0,Social Service,Pemegang gelar pendidikan tinggi lain,Menikah,Perempuan,Siang,31,28-35 th,Lunas,Tidak,Tidak,Tidak,150.0,150.0,6,5,12.5,6,5,14.6,0.833,0.833,0.2392,Aman,Rendah
JJI-00996,Graduate,0,Social Service (kelas malam),Usia di atas 23 tahun,Lajang,Perempuan,Malam,33,28-35 th,Lunas,Tidak,Ya,Tidak,103.5,130.0,6,6,14.17,6,6,14.33,1.0,1.0,0.0992,Aman,Rendah
JJI-00997,Enrolled,0,Nursing,Fase 1 - kuota umum,Lajang,Perempuan,Siang,20,≤20 th,Lunas,Tidak,Ya,Ya,107.8,113.0,7,5,14.46,7,6,13.55,0.714,0.857,0.1254,Aman,Rendah
JJI-00998,Enrolled,0,Veterinary Nursing,Pemegang diploma spesialisasi teknologi,Lajang,Perempuan,Siang,22,21-23 th,Lunas,Tidak,Tidak,Ya,130.0,130.0,6,5,12.8,6,2,11.5,0.833,0.333,0.5168,Berisiko,Tinggi
JJI-00999,Graduate,0,Tourism,Fase 2 - kuota umum,Lajang,Perempuan,Siang,19,≤20 th,Lunas,Tidak,Tidak,Ya,109.4,115.0,6,6,12.67,6,5,13.4,1.0,0.833,0.2213,Aman,Rendah
JJI-01000,Dropout,1,Communication Design,Fase 1 - kuota umum,Lajang,Perempuan,Siang,18,≤20 th,Lunas,Tidak,Tidak,Ya,143.6,146.0,6,6,12.5,6,6,13.0,1.0,1.0,0.0998,Aman,Rendah
JJI-01001,Dropout,1,Communication Design,Fase 2 - kuota umum,Lajang,Perempuan,Siang,18,≤20 th,Lunas,Tidak,Tidak,Tidak,124.3,132.0,6,0,0.0,6,0,0.0,0.0,0.0,0.9666,Berisiko,Sangat Tinggi
JJI-01002,Dropout,1,Advertising & Marketing Management,Fase 1 - kuota umum,Lajang,Perempuan,Siang,18,≤20 th,Menunggak,Tidak,Tidak,Ya,119.5,116.0,6,0,0.0,6,0,0.0,0.0,0.0,0.9895,Berisiko,Sangat Tinggi
JJI-01003,Graduate,0,Animation & Multimedia Design,Fase 1 - kuota umum,Lajang,Perempuan,Siang,18,≤20 th,Lunas,Tidak,Tidak,Ya,175.6,163.0,0,0,0.0,0,0,0.0,,,0.4903,Berisiko,Tinggi
JJI-01004,Graduate,0,Management,Fase 2 - kuota umum,Lajang,Perempuan,Siang,19,≤20 th,Lunas,Tidak,Ya,Ya,116.1,122.0,5,5,11.2,5,3,11.0,1.0,0.6,0.2448,Aman,Rendah
JJI-01005,Dropout,1,Social Service,Fase 2 - kuota umum,Lajang,Perempuan,Siang,18,≤20 th,Lunas,Tidak,Tidak,Ya,126.6,136.0,6,6,16.5,6,6,17.43,1.0,1.0,0.0639,Aman,Rendah
JJI-01006,Graduate,0,Veterinary Nursing,Fase 2 - kuota umum,Lajang,Perempuan,Siang,18,≤20 th,Lunas,Tidak,Tidak,Ya,130.8,142.0,5,3,13.67,5,5,12.0,0.6,1.0,0.1973,Aman,Rendah
JJI-01007,Graduate,0,Nursing,Fase 2 - kuota umum,Lajang,Perempuan,Siang,18,≤20 th,Lunas,Tidak,Ya,Ya,133.5,139.0,8,7,15.23,8,7,15.23,0.875,0.875,0.1125,Aman,Rendah
JJI-01008,Graduate,0,Social Service,Pemegang diploma short cycle,Lajang,Perempuan,Siang,21,21-23 th,Lunas,Tidak,Tidak,Ya,136.9,140.0,9,9,12.78,9,9,13.22,1.0,1.0,0.0557,Aman,Rendah
JJI-01009,Graduate,0,Nursing,Fase 1 - kuota umum,Lajang,Perempuan,Siang,18,≤20 th,Lunas,Tidak,Ya,Tidak,142.3,165.0,8,7,14.43,8,7,14.43,0.875,0.875,0.0624,Aman,Rendah
JJI-01010,Graduate,0,Advertising & Marketing Management,Fase 2 - kuota umum,Lajang,Perempuan,Siang,18,≤20 th,Lunas,Tidak,Tidak,Ya,114.3,122.0,6,6,13.88,6,6,13.71,1.0,1.0,0.1713,Aman,Rendah
JJI-01011,Graduate,0,Nursing,Fase 1 - kuota umum,Lajang,Perempuan,Siang,18,≤20 th,Lunas,Tidak,Tidak,Ya,122.9,135.0,7,7,13.13,8,6,13.19,1.0,0.75,0.1604,Aman,Rendah
JJI-01012,Graduate,0,Nursing,Fase 2 - kuota umum,Lajang,Perempuan,Siang,20,≤20 th,Lunas,Tidak,Tidak,Ya,117.2,128.0,7,6,11.6,8,7,12.41,0.857,0.875,0.1848,Aman,Rendah
JJI-01013,Graduate,0,Management,Fase 2 - kuota umum,Lajang,Perempuan,Siang,18,≤20 th,Lunas,Tidak,Ya,Tidak,152.0,139.0,5,5,14.6,5,5,12.0,1.0,1.0,0.0787,Aman,Rendah
JJI-01014,Dropout,1,Journalism & Communication,Fase 1 - kuota umum,Lajang,Perempuan,Siang,18,≤20 th,Lunas,Tidak,Tidak,Ya,122.2,125.0,6,0,0.0,6,0,0.0,0.0,0.0,0.957,Berisiko,Sangat Tinggi
JJI-01015,Graduate,0,Management,Fase 3 - kuota umum,Lajang,Perempuan,Siang,20,≤20 th,Lunas,Tidak,Ya,Ya,101.7,102.0,5,5,11.8,5,5,11.6,1.0,1.0,0.1063,Aman,Rendah
JJI-01016,Graduate,0,Tourism,Fase 2 - kuota umum,Lajang,Perempuan,Siang,20,≤20 th,Lunas,Tidak,Tidak,Ya,119.9,116.0,6,6,12.33,6,6,12.33,1.0,1.0,0.1688,Aman,Rendah
JJI-01017,Dropout,1,Management,Fase 2 - kuota umum,Lajang,Perempuan,Siang,19,≤20 th,Lunas,Ya,Ya,Ya,123.7,138.0,5,4,11.0,5,0,0.0,0.8,0.0,0.8624,Berisiko,Sangat Tinggi
JJI-01018,Graduate,0,Communication Design,Pindah institusi/prodi,Lajang,Perempuan,Siang,19,≤20 th,Lunas,Tidak,Ya,Tidak,121.8,135.0,11,11,13.18,11,11,12.91,1.0,1.0,0.0409,Aman,Rendah
JJI-01019,Dropout,1,Advertising & Marketing Management,Fase 2 - kuota umum,Lajang,Perempuan,Siang,18,≤20 th,Menunggak,Ya,Ya,Ya,106.1,110.0,6,1,11.0,6,0,0.0,0.167,0.0,0.9952,Berisiko,Sangat Tinggi
JJI-01020,Graduate,0,Journalism & Communication,Fase 2 - kuota umum,Lajang,Perempuan,Siang,19,≤20 th,Lunas,Ya,Ya,Ya,124.3,132.0,6,6,11.83,6,6,12.29,1.0,1.0,0.2296,Aman,Rendah
JJI-01021,Graduate,0,Nursing,Fase 1 - kuota umum,Lajang,Perempuan,Siang,20,≤20 th,Lunas,Tidak,Ya,Ya,124.3,126.0,8,8,12.98,8,8,12.98,1.0,1.0,0.0453,Aman,Rendah
JJI-01022,Graduate,0,Management,Pemegang diploma spesialisasi teknologi,Lajang,Perempuan,Siang,21,21-23 th,Lunas,Tidak,Tidak,Ya,117.4,117.4,7,6,11.33,5,5,11.2,0.857,1.0,0.1777,Aman,Rendah
JJI-01023,Graduate,0,Nursing,Pindah program studi,Lajang,Perempuan,Siang,21,21-23 th,Lunas,Tidak,Tidak,Tidak,112.7,120.0,8,6,11.68,8,6,11.68,0.75,0.75,0.2202,Aman,Rendah
JJI-01024,Graduate,0,Communication Design,Fase 2 - kuota umum,Lajang,Perempuan,Siang,20,≤20 th,Lunas,Tidak,Tidak,Tidak,123.7,116.0,6,6,14.5,6,6,13.5,1.0,1.0,0.1033,Aman,Rendah
JJI-01025,Graduate,0,Basic Education,Fase 3 - kuota umum,Lajang,Perempuan,Siang,19,≤20 th,Lunas,Tidak,Tidak,Ya,105.8,111.0,7,7,13.14,7,7,12.86,1.0,1.0,0.2138,Aman,Rendah
JJI-01026,Dropout,1,Veterinary Nursing,Fase 2 - kuota umum,Lajang,Perempuan,Siang,21,21-23 th,Menunggak,Tidak,Tidak,Tidak,124.2,128.0,5,2,11.5,5,2,10.5,0.4,0.4,0.8431,Berisiko,Sangat Tinggi
JJI-01027,Graduate,0,Veterinary Nursing,Fase 1 - kuota umum,Lajang,Perempuan,Siang,18,≤20 th,Lunas,Tidak,Tidak,Tidak,122.3,123.0,5,5,14.2,5,5,11.8,1.0,1.0,0.0898,Aman,Rendah
JJI-01028,Graduate,0,Tourism,Fase 1 - kuota umum,Lajang,Perempuan,Siang,19,≤20 th,Lunas,Tidak,Ya,Tidak,123.7,131.0,6,5,11.67,6,5,12.2,0.833,0.833,0.1733,Aman,Rendah
JJI-01029,Graduate,0,Nursing,Fase 2 - kuota umum,Lajang,Perempuan,Siang,18,≤20 th,Lunas,Tidak,Tidak,Ya,129.8,135.0,7,7,13.18,8,8,14.88,1.0,1.0,0.0729,Aman,Rendah
JJI-01030,Graduate,0,Nursing,Fase 1 - kuota umum,Lajang,Perempuan,Siang,19,≤20 th,Lunas,Tidak,Ya,Ya,123.8,136.0,8,7,13.31,8,7,13.31,0.875,0.875,0.0973,Aman,Rendah
JJI-01031,Graduate,0,Management,Fase 1 - kuota umum,Lajang,Perempuan,Siang,18,≤20 th,Lunas,Tidak,Ya,Ya,126.4,132.0,5,3,10.6,5,3,10.5,0.6,0.6,0.2775,Aman,Sedang
JJI-01032,Enrolled,0,Basic Education,Fase 1 - kuota umum,Lajang,Perempuan,Siang,18,≤20 th,Lunas,Tidak,Ya,Tidak,115.1,120.0,6,4,12.0,6,4,10.75,0.667,0.667,0.3441,Aman,Sedang
JJI-01033,Graduate,0,Journalism & Communication,Fase 1 - kuota umum,Lajang,Perempuan,Siang,18,≤20 th,Lunas,Tidak,Tidak,Tidak,138.4,144.0,6,6,13.43,6,6,14.14,1.0,1.0,0.0909,Aman,Rendah
JJI-01034,Graduate,0,Veterinary Nursing,Fase 2 - kuota umum,Lajang,Perempuan,Siang,18,≤20 th,Lunas,Tidak,Ya,Ya,118.2,129.0,5,4,13.25,5,5,15.57,0.8,1.0,0.0836,Aman,Rendah
JJI-01035,Dropout,1,Communication Design,Fase 2 - kuota umum,Lajang,Perempuan,Siang,18,≤20 th,Lunas,Tidak,Tidak,Ya,121.7,136.0,6,2,13.0,6,0,0.0,0.333,0.0,0.9296,Berisiko,Sangat Tinggi
JJI-01036,Enrolled,0,Communication Design,Fase 1 - kuota umum,Lajang,Perempuan,Siang,18,≤20 th,Lunas,Tidak,Ya,Tidak,118.0,125.0,6,6,14.33,6,6,14.0,1.0,1.0,0.0572,Aman,Rendah
JJI-01037,Dropout,1,Social Service,Fase 2 - kuota umum,Lajang,Perempuan,Siang,18,≤20 th,Lunas,Tidak,Tidak,Tidak,119.8,125.0,6,0,0.0,6,0,0.0,0.0,0.0,0.9211,Berisiko,Sangat Tinggi
JJI-01038,Graduate,0,Social Service,Fase 1 - kuota umum,Lajang,Perempuan,Siang,18,≤20 th,Lunas,Tidak,Tidak,Tidak,164.9,154.0,6,6,14.0,6,6,13.17,1.0,1.0,0.0639,Aman,Rendah
JJI-01039,Graduate,0,Veterinary Nursing,Transfer,Lajang,Perempuan,Siang,20,≤20 th,Lunas,Tidak,Ya,Ya,100.0,100.0,2,2,12.0,6,6,12.83,1.0,1.0,0.0946,Aman,Rendah
JJI-01040,Enrolled,0,Basic Education,Fase 1 - kuota umum,Lajang,Perempuan,Siang,18,≤20 th,Lunas,Tidak,Tidak,Tidak,121.6,124.0,6,5,12.33,6,5,10.6,0.833,0.833,0.295,Aman,Sedang
JJI-01041,Graduate,0,Communication Design,Fase 2 - kuota umum,Lajang,Perempuan,Siang,18,≤20 th,Lunas,Tidak,Tidak,Ya,120.4,126.0,6,5,11.8,6,5,10.4,0.833,0.833,0.291,Aman,Sedang
JJI-01042,Graduate,0,Nursing,Fase 3 - kuota umum,Lajang,Perempuan,Siang,20,≤20 th,Lunas,Tidak,Ya,Tidak,117.8,124.0,8,7,12.79,8,7,12.79,0.875,0.875,0.1117,Aman,Rendah
JJI-01043,Graduate,0,Advertising & Marketing Management,Pindah program studi,Bercerai,Perempuan,Siang,40,>35 th,Lunas,Tidak,Tidak,Tidak,110.0,150.0,8,8,11.62,7,5,11.2,1.0,0.714,0.4258,Berisiko,Tinggi
JJI-01044,Graduate,0,Nursing,Fase 1 - kuota umum,Lajang,Perempuan,Siang,18,≤20 th,Lunas,Tidak,Ya,Ya,128.8,133.0,7,6,11.99,8,7,12.43,0.857,0.875,0.1118,Aman,Rendah
JJI-01045,Graduate,0,Tourism,Fase 1 - kuota umum,Lajang,Perempuan,Siang,19,≤20 th,Lunas,Tidak,Tidak,Ya,116.6,126.0,6,5,11.6,6,5,12.2,0.833,0.833,0.2597,Aman,Sedang
JJI-01046,Dropout,1,Management (kelas malam),Pemegang gelar pendidikan tinggi lain,Lajang,Perempuan,Malam,24,24-27 th,Lunas,Tidak,Tidak,Tidak,120.0,120.0,5,0,0.0,5,0,0.0,0.0,0.0,0.9635,Berisiko,Sangat Tinggi
JJI-01047,Dropout,1,Journalism & Communication,Fase 1 - kuota umum,Lajang,Perempuan,Siang,19,≤20 th,Lunas,Tidak,Tidak,Ya,157.5,175.0,6,6,13.17,6,6,13.17,1.0,1.0,0.1564,Aman,Rendah
JJI-01048,Graduate,0,Nursing,Fase 1 - kuota umum,Lajang,Perempuan,Siang,19,≤20 th,Lunas,Tidak,Tidak,Ya,136.3,141.0,8,7,14.1,8,7,14.1,0.875,0.875,0.1239,Aman,Rendah
JJI-01049,Graduate,0,Nursing,Fase 1 - kuota umum,Lajang,Perempuan,Siang,20,≤20 th,Lunas,Tidak,Ya,Ya,121.5,133.0,7,6,12.4,8,7,12.94,0.857,0.875,0.0824,Aman,Rendah
JJI-01050,Graduate,0,Nursing,Fase 1 - kuota umum,Lajang,Perempuan,Siang,18,≤20 th,Lunas,Tidak,Tidak,Tidak,133.9,143.0,7,7,15.01,8,8,16.09,1.0,1.0,0.0408,Aman,Rendah
JJI-01051,Graduate,0,Animation & Multimedia Design,Fase 1 - kuota umum,Lajang,Perempuan,Siang,18,≤20 th,Lunas,Tidak,Ya,Ya,136.8,141.0,0,0,0.0,0,0,0.0,,,0.3724,Aman,Sedang
JJI-01052,Graduate,0,Nursing,Fase 2 - kuota umum,Lajang,Perempuan,Siang,19,≤20 th,Lunas,Tidak,Tidak,Ya,133.5,134.0,7,7,14.05,8,8,15.1,1.0,1.0,0.0797,Aman,Rendah
JJI-01053,Dropout,1,Nursing,Fase 2 - kuota umum,Lajang,Perempuan,Siang,18,≤20 th,Lunas,Tidak,Tidak,Ya,130.0,138.0,7,7,14.85,8,8,15.2,1.0,1.0,0.0742,Aman,Rendah
JJI-01054,Graduate,0,Veterinary Nursing,Pemegang diploma spesialisasi teknologi,Lajang,Perempuan,Siang,19,≤20 th,Lunas,Tidak,Tidak,Ya,140.0,140.0,6,6,13.0,6,5,13.0,1.0,0.833,0.1487,Aman,Rendah
JJI-01055,Graduate,0,Nursing,Fase 1 - kuota umum,Lajang,Perempuan,Siang,19,≤20 th,Lunas,Tidak,Ya,Ya,132.7,142.0,7,7,14.79,8,8,15.86,1.0,1.0,0.0362,Aman,Rendah
JJI-01056,Graduate,0,Nursing,Fase 1 - kuota umum,Lajang,Perempuan,Siang,19,≤20 th,Lunas,Tidak,Ya,Tidak,117.8,118.0,7,7,13.7,8,7,14.67,1.0,0.875,0.0476,Aman,Rendah
JJI-01057,Dropout,1,Nursing,Fase 1 - kuota umum,Lajang,Perempuan,Siang,19,≤20 th,Lunas,Tidak,Ya,Ya,126.1,131.0,7,7,12.5,8,7,12.24,1.0,0.875,0.0764,Aman,Rendah
JJI-01058,Graduate,0,Nursing,Fase 1 - kuota umum,Lajang,Perempuan,Siang,19,≤20 th,Lunas,Tidak,Tidak,Tidak,120.0,130.0,7,6,14.57,7,6,14.57,0.857,0.857,0.1105,Aman,Rendah
JJI-01059,Dropout,1,Advertising & Marketing Management,Usia di atas 23 tahun,Lajang,Perempuan,Siang,25,24-27 th,Menunggak,Ya,Tidak,Ya,100.0,133.1,5,5,11.2,5,4,11.25,1.0,0.8,0.7725,Berisiko,Sangat Tinggi
JJI-01060,Graduate,0,Nursing,Fase 1 - kuota umum,Lajang,Perempuan,Siang,20,≤20 th,Lunas,Tidak,Tidak,Tidak,116.8,130.0,8,7,12.69,8,7,12.69,0.875,0.875,0.1129,Aman,Rendah
JJI-01061,Dropout,1,Social Service,Pemegang diploma short cycle,Lajang,Perempuan,Siang,23,21-23 th,Menunggak,Ya,Tidak,Tidak,128.3,130.0,9,7,13.57,9,4,13.25,0.778,0.444,0.8348,Berisiko,Sangat Tinggi
JJI-01062,Dropout,1,Communication Design,Fase 1 - kuota umum,Lajang,Perempuan,Siang,20,≤20 th,Lunas,Tidak,Tidak,Tidak,117.0,133.1,6,0,0.0,6,0,0.0,0.0,0.0,0.9312,Berisiko,Sangat Tinggi
JJI-01063,Graduate,0,Social Service (kelas malam),Usia di atas 23 tahun,Lajang,Perempuan,Malam,27,24-27 th,Lunas,Tidak,Tidak,Tidak,131.5,130.0,6,5,11.0,6,6,11.17,0.833,1.0,0.1666,Aman,Rendah
JJI-01064,Graduate,0,Nursing,Fase 1 - kuota umum,Lajang,Perempuan,Siang,18,≤20 th,Lunas,Tidak,Tidak,Tidak,134.8,149.0,8,8,14.44,8,8,14.44,1.0,1.0,0.0478,Aman,Rendah
JJI-01065,Enrolled,0,Basic Education,Fase 1 - kuota umum,Lajang,Perempuan,Siang,18,≤20 th,Lunas,Ya,Tidak,Ya,146.6,163.0,6,5,13.6,6,4,11.75,0.833,0.667,0.5157,Berisiko,Tinggi
JJI-01066,Dropout,1,Social Service (kelas malam),Pemegang gelar pendidikan tinggi lain,Lajang,Perempuan,Malam,23,21-23 th,Menunggak,Ya,Tidak,Ya,130.0,130.0,12,11,14.0,10,8,14.62,0.917,0.8,0.6133,Berisiko,Tinggi
JJI-01067,Graduate,0,Nursing,Fase 1 - kuota umum,Lajang,Perempuan,Siang,19,≤20 th,Lunas,Tidak,Ya,Ya,127.5,145.0,7,6,13.42,7,6,13.42,0.857,0.857,0.113,Aman,Rendah
JJI-01068,Graduate,0,Management,Fase 1 - kuota umum,Lajang,Perempuan,Siang,18,≤20 th,Lunas,Tidak,Tidak,Tidak,123.0,130.0,5,5,12.33,5,5,11.4,1.0,1.0,0.1145,Aman,Rendah
JJI-01069,Graduate,0,Nursing,Pindah program studi,Lajang,Perempuan,Siang,20,≤20 th,Lunas,Tidak,Tidak,Ya,100.0,128.0,7,7,13.1,8,8,14.81,1.0,1.0,0.0734,Aman,Rendah
JJI-01070,Graduate,0,Advertising & Marketing Management,Fase 1 - kuota umum,Lajang,Perempuan,Siang,18,≤20 th,Lunas,Tidak,Tidak,Ya,114.2,111.0,6,4,13.2,6,5,12.8,0.667,0.833,0.2525,Aman,Sedang
JJI-01071,Graduate,0,Nursing,Fase 1 - kuota umum,Lajang,Perempuan,Siang,19,≤20 th,Lunas,Tidak,Ya,Ya,123.5,140.0,8,8,14.75,8,8,14.75,1.0,1.0,0.0384,Aman,Rendah
JJI-01072,Graduate,0,Social Service,Pemegang diploma spesialisasi teknologi,Lajang,Perempuan,Siang,19,≤20 th,Lunas,Tidak,Ya,Ya,144.3,140.0,6,6,13.14,6,6,14.33,1.0,1.0,0.0459,Aman,Rendah
JJI-01073,Enrolled,0,Basic Education,Fase 1 - kuota umum,Lajang,Perempuan,Siang,19,≤20 th,Lunas,Tidak,Tidak,Tidak,142.2,145.0,6,4,12.5,6,5,12.5,0.667,0.833,0.2859,Aman,Sedang
JJI-01074,Graduate,0,Veterinary Nursing,Fase 1 - kuota umum,Lajang,Perempuan,Siang,18,≤20 th,Lunas,Tidak,Tidak,Tidak,161.9,151.0,5,4,13.75,5,5,14.86,0.8,1.0,0.0902,Aman,Rendah
JJI-01075,Graduate,0,Social Service,Fase 1 - kuota umum,Lajang,Perempuan,Siang,18,≤20 th,Lunas,Tidak,Tidak,Tidak,135.9,132.0,6,5,12.4,6,6,13.0,0.833,1.0,0.0762,Aman,Rendah
JJI-01076,Graduate,0,Journalism & Communication,Fase 1 - kuota umum,Lajang,Perempuan,Siang,18,≤20 th,Lunas,Tidak,Tidak,Ya,110.1,116.0,6,6,13.33,6,6,12.0,1.0,1.0,0.1525,Aman,Rendah
JJI-01077,Dropout,1,Basic Education,Ordinance No. 612/93,Lajang,Perempuan,Siang,28,28-35 th,Menunggak,Tidak,Tidak,Tidak,122.5,120.0,11,11,11.73,8,8,12.0,1.0,1.0,0.5121,Berisiko,Tinggi
JJI-01078,Dropout,1,Tourism,Fase 2 - kuota umum,Lajang,Perempuan,Siang,19,≤20 th,Lunas,Tidak,Tidak,Ya,138.1,158.0,6,4,12.5,6,1,14.0,0.667,0.167,0.6725,Berisiko,Tinggi
JJI-01079,Dropout,1,Animation & Multimedia Design,Pindah program studi,Lajang,Perempuan,Siang,20,≤20 th,Lunas,Ya,Tidak,Ya,117.3,116.0,0,0,0.0,0,0,0.0,,,0.5923,Berisiko,Tinggi
JJI-01080,Graduate,0,Nursing,Fase 1 - kuota umum,Lajang,Perempuan,Siang,19,≤20 th,Lunas,Tidak,Ya,Ya,106.8,112.0,7,6,13.53,8,7,13.61,0.857,0.875,0.0783,Aman,Rendah
JJI-01081,Graduate,0,Communication Design,Fase 1 - kuota umum,Lajang,Perempuan,Siang,20,≤20 th,Lunas,Tidak,Ya,Tidak,120.1,126.0,6,6,13.17,6,6,12.67,1.0,1.0,0.0588,Aman,Rendah
JJI-01082,Graduate,0,Tourism,Fase 1 - kuota umum,Lajang,Perempuan,Siang,19,≤20 th,Lunas,Tidak,Ya,Ya,116.5,120.0,6,5,13.2,6,5,11.0,0.833,0.833,0.1697,Aman,Rendah
JJI-01083,Enrolled,0,Communication Design,Pindah institusi/prodi,Lajang,Perempuan,Siang,21,21-23 th,Lunas,Tidak,Tidak,Ya,120.0,117.0,6,5,12.2,6,4,12.6,0.833,0.667,0.326,Aman,Sedang
JJI-01084,Graduate,0,Basic Education,Fase 1 - kuota umum,Lajang,Perempuan,Siang,19,≤20 th,Lunas,Tidak,Ya,Ya,139.7,153.0,7,7,13.43,7,7,14.86,1.0,1.0,0.0929,Aman,Rendah
JJI-01085,Graduate,0,Communication Design,Fase 1 - kuota umum,Lajang,Perempuan,Siang,18,≤20 th,Lunas,Tidak,Ya,Ya,123.7,124.0,6,6,12.71,6,6,12.62,1.0,1.0,0.0734,Aman,Rendah
JJI-01086,Dropout,1,Equinculture,Fase 2 - kuota umum,Lajang,Perempuan,Siang,19,≤20 th,Lunas,Tidak,Tidak,Tidak,116.5,127.0,6,0,0.0,6,0,0.0,0.0,0.0,0.9761,Berisiko,Sangat Tinggi
JJI-01087,Graduate,0,Advertising & Marketing Management,Fase 2 - kuota umum,Lajang,Perempuan,Siang,19,≤20 th,Lunas,Tidak,Ya,Tidak,122.2,126.0,6,6,13.67,6,6,13.67,1.0,1.0,0.0855,Aman,Rendah
JJI-01088,Graduate,0,Journalism & Communication,Fase 1 - kuota umum,Lajang,Perempuan,Siang,20,≤20 th,Lunas,Ya,Tidak,Tidak,146.0,133.1,6,5,11.0,6,6,13.17,0.833,1.0,0.2007,Aman,Rendah
JJI-01089,Enrolled,0,Basic Education,Fase 2 - kuota umum,Lajang,Perempuan,Siang,18,≤20 th,Lunas,Tidak,Tidak,Ya,108.8,114.0,7,5,11.4,7,6,13.33,0.714,0.857,0.3535,Aman,Sedang
JJI-01090,Enrolled,0,Animation & Multimedia Design,Pindah program studi,Lajang,Perempuan,Siang,18,≤20 th,Lunas,Tidak,Tidak,Tidak,133.0,133.0,0,0,0.0,0,0,0.0,,,0.4942,Berisiko,Tinggi
JJI-01091,Graduate,0,Equinculture,Fase 2 - kuota umum,Lajang,Perempuan,Siang,18,≤20 th,Lunas,Tidak,Tidak,Tidak,123.8,130.0,5,4,12.0,5,5,12.0,0.8,1.0,0.203,Aman,Rendah
JJI-01092,Dropout,1,Journalism & Communication,Fase 2 - kuota umum,Lajang,Perempuan,Siang,18,≤20 th,Lunas,Tidak,Tidak,Tidak,120.0,127.0,6,0,0.0,6,0,0.0,0.0,0.0,0.9758,Berisiko,Sangat Tinggi
JJI-01093,Graduate,0,Social Service,Fase 2 - kuota umum,Lajang,Perempuan,Siang,18,≤20 th,Lunas,Tidak,Tidak,Ya,126.9,143.0,6,5,11.0,6,6,11.67,0.833,1.0,0.1632,Aman,Rendah
JJI-01094,Dropout,1,Journalism & Communication,Fase 3 - kuota umum,Lajang,Perempuan,Siang,20,≤20 th,Lunas,Tidak,Tidak,Ya,121.3,130.0,6,5,12.0,6,6,11.57,0.833,1.0,0.2691,Aman,Sedang
JJI-01095,Graduate,0,Nursing,Fase 2 - kuota umum,Lajang,Perempuan,Siang,19,≤20 th,Lunas,Tidak,Ya,Ya,129.0,136.0,7,7,13.31,8,8,12.55,1.0,1.0,0.0677,Aman,Rendah
JJI-01096,Dropout,1,Basic Education,Fase 1 - kuota umum,Lajang,Perempuan,Siang,21,21-23 th,Menunggak,Ya,Tidak,Ya,114.9,125.0,6,3,13.67,6,3,10.67,0.5,0.5,0.9196,Berisiko,Sangat Tinggi
JJI-01097,Dropout,1,Advertising & Marketing Management,Fase 2 - kuota umum,Lajang,Perempuan,Siang,20,≤20 th,Menunggak,Ya,Tidak,Ya,106.5,110.0,6,0,0.0,6,0,0.0,0.0,0.0,0.9948,Berisiko,Sangat Tinggi
JJI-01098,Graduate,0,Tourism,Fase 1 - kuota umum,Lajang,Perempuan,Siang,18,≤20 th,Lunas,Tidak,Tidak,Ya,133.9,130.0,6,5,12.2,6,4,11.25,0.833,0.667,0.3043,Aman,Sedang
JJI-01099,Graduate,0,Journalism & Communication,Fase 1 - kuota umum,Lajang,Perempuan,Siang,20,≤20 th,Lunas,Tidak,Ya,Tidak,124.9,135.0,6,6,12.67,6,6,12.83,1.0,1.0,0.0876,Aman,Rendah
JJI-01100,Graduate,0,Nursing,Fase 1 - kuota umum,Lajang,Perempuan,Siang,19,≤20 th,Lunas,Tidak,Ya,Ya,128.5,133.0,8,8,14.07,8,8,14.07,1.0,1.0,0.042,Aman,Rendah
JJI-01101,Dropout,1,Veterinary Nursing,Fase 1 - kuota umum,Lajang,Perempuan,Siang,22,21-23 th,Lunas,Tidak,Tidak,Ya,126.2,122.0,5,4,14.25,5,5,13.2,0.8,1.0,0.1387,Aman,Rendah
JJI-01102,Dropout,1,Equinculture,Fase 2 - kuota umum,Lajang,Perempuan,Siang,22,21-23 th,Menunggak,Tidak,Tidak,Ya,121.7,122.0,6,0,0.0,2,0,0.0,0.0,0.0,0.9784,Berisiko,Sangat Tinggi
JJI-01103,Enrolled,0,Basic Education,Fase 1 - kuota umum,Lajang,Perempuan,Siang,18,≤20 th,Lunas,Tidak,Tidak,Ya,120.0,121.0,6,3,12.0,6,4,10.25,0.5,0.667,0.5712,Berisiko,Tinggi
JJI-01104,Enrolled,0,Management,Pindah program studi,Lajang,Perempuan,Siang,21,21-23 th,Lunas,Tidak,Tidak,Tidak,113.2,123.0,10,6,11.17,10,7,10.57,0.6,0.7,0.447,Berisiko,Tinggi
JJI-01105,Graduate,0,Social Service,Fase 1 - kuota umum,Lajang,Perempuan,Siang,19,≤20 th,Lunas,Tidak,Tidak,Ya,120.3,128.0,6,2,13.0,6,5,11.6,0.333,0.833,0.2738,Aman,Sedang
JJI-01106,Dropout,1,Animation & Multimedia Design,Fase 1 - kuota umum,Lajang,Perempuan,Siang,19,≤20 th,Lunas,Tidak,Tidak,Ya,127.8,139.0,0,0,0.0,0,0,0.0,,,0.4918,Berisiko,Tinggi
JJI-01107,Dropout,1,Nursing,Fase 1 - kuota umum,Lajang,Perempuan,Siang,20,≤20 th,Lunas,Tidak,Ya,Ya,123.3,124.0,8,7,14.9,8,7,14.9,0.875,0.875,0.0714,Aman,Rendah
JJI-01108,Graduate,0,Nursing,Fase 1 - kuota umum,Lajang,Perempuan,Siang,18,≤20 th,Lunas,Ya,Ya,Ya,126.3,135.0,7,7,12.65,8,8,12.45,1.0,1.0,0.0806,Aman,Rendah
JJI-01109,Dropout,1,Management (kelas malam),Pindah institusi/prodi,Lajang,Perempuan,Malam,22,21-23 th,Menunggak,Tidak,Tidak,Tidak,128.2,110.0,12,7,11.0,5,5,10.6,0.583,1.0,0.7357,Berisiko,Tinggi
JJI-01110,Graduate,0,Veterinary Nursing,Fase 2 - kuota umum,Lajang,Perempuan,Siang,20,≤20 th,Lunas,Tidak,Tidak,Ya,134.9,138.0,5,4,12.4,5,5,12.67,0.8,1.0,0.1972,Aman,Rendah
JJI-01111,Graduate,0,Agronomy,Pemegang diploma spesialisasi teknologi,Lajang,Perempuan,Siang,19,≤20 th,Lunas,Tidak,Tidak,Tidak,140.0,140.0,6,6,12.0,6,6,12.67,1.0,1.0,0.0856,Aman,Rendah
JJI-01112,Graduate,0,Nursing,Fase 1 - kuota umum,Lajang,Perempuan,Siang,19,≤20 th,Lunas,Tidak,Ya,Ya,115.5,126.0,7,7,12.14,8,7,13.33,1.0,0.875,0.0809,Aman,Rendah
JJI-01113,Enrolled,0,Nursing,Fase 1 - kuota umum,Lajang,Perempuan,Siang,20,≤20 th,Lunas,Tidak,Ya,Ya,106.7,113.0,7,5,12.62,7,6,12.5,0.714,0.857,0.1236,Aman,Rendah
JJI-01114,Enrolled,0,Management (kelas malam),Usia di atas 23 tahun,Lajang,Perempuan,Malam,25,24-27 th,Lunas,Tidak,Tidak,Tidak,140.0,120.0,5,3,10.67,5,3,11.33,0.6,0.6,0.4892,Berisiko,Tinggi
JJI-01115,Graduate,0,Nursing,Fase 1 - kuota umum,Lajang,Perempuan,Siang,19,≤20 th,Lunas,Tidak,Ya,Tidak,136.6,145.0,7,6,13.77,8,7,14.05,0.857,0.875,0.0664,Aman,Rendah
JJI-01116,Graduate,0,Nursing,Fase 3 - kuota umum,Lajang,Perempuan,Siang,19,≤20 th,Lunas,Tidak,Tidak,Ya,119.3,124.0,8,8,13.12,8,8,13.12,1.0,1.0,0.074,Aman,Rendah
JJI-01117,Dropout,1,Communication Design,Fase 1 - kuota umum,Lajang,Perempuan,Siang,19,≤20 th,Menunggak,Tidak,Tidak,Ya,152.0,160.0,5,0,0.0,6,0,0.0,0.0,0.0,0.9836,Berisiko,Sangat Tinggi
JJI-01118,Graduate,0,Nursing,Fase 1 - kuota umum,Lajang,Perempuan,Siang,20,≤20 th,Lunas,Tidak,Tidak,Tidak,144.3,138.0,7,6,12.7,8,7,13.57,0.857,0.875,0.0959,Aman,Rendah
JJI-01119,Enrolled,0,Oral Hygiene,Usia di atas 23 tahun,Lajang,Perempuan,Siang,25,24-27 th,Lunas,Tidak,Tidak,Ya,159.0,130.0,7,7,11.86,8,5,11.7,1.0,0.625,0.435,Berisiko,Tinggi
JJI-01120,Graduate,0,Nursing,Fase 2 - kuota umum,Lajang,Perempuan,Siang,20,≤20 th,Lunas,Tidak,Ya,Ya,129.5,127.0,7,6,12.33,7,6,12.33,0.857,0.857,0.1217,Aman,Rendah
JJI-01121,Enrolled,0,Social Service,Usia di atas 23 tahun,Lajang,Perempuan,Siang,24,24-27 th,Lunas,Tidak,Tidak,Ya,140.0,170.0,6,4,15.75,6,5,16.4,0.667,0.833,0.1725,Aman,Rendah
JJI-01122,Graduate,0,Advertising & Marketing Management,Fase 1 - kuota umum,Lajang,Perempuan,Siang,20,≤20 th,Lunas,Tidak,Tidak,Tidak,105.4,111.0,5,5,13.33,5,5,13.2,1.0,1.0,0.1266,Aman,Rendah
JJI-01123,Graduate,0,Nursing,Transfer,Lajang,Perempuan,Siang,21,21-23 th,Lunas,Tidak,Tidak,Ya,136.0,100.0,7,7,14.36,8,8,13.49,1.0,1.0,0.1068,Aman,Rendah
JJI-01124,Graduate,0,Agronomy,Pemegang diploma spesialisasi teknologi,Lajang,Perempuan,Siang,19,≤20 th,Lunas,Ya,Ya,Tidak,160.0,160.0,6,6,13.0,6,5,13.0,1.0,0.833,0.1346,Aman,Rendah
JJI-01125,Graduate,0,Journalism & Communication,Fase 1 - kuota umum,Lajang,Perempuan,Siang,19,≤20 th,Lunas,Tidak,Ya,Tidak,139.1,152.0,6,6,12.83,6,6,13.5,1.0,1.0,0.0731,Aman,Rendah
JJI-01126,Graduate,0,Advertising & Marketing Management,Fase 1 - kuota umum,Lajang,Perempuan,Siang,21,21-23 th,Lunas,Tidak,Ya,Tidak,126.9,144.0,5,5,13.2,5,4,13.0,1.0,0.8,0.1292,Aman,Rendah
JJI-01127,Graduate,0,Nursing,Usia di atas 23 tahun,Lajang,Perempuan,Siang,28,28-35 th,Lunas,Tidak,Tidak,Tidak,184.0,133.8,7,7,17.01,8,8,16.58,1.0,1.0,0.0736,Aman,Rendah
JJI-01128,Graduate,0,Social Service,Fase 1 - kuota umum,Lajang,Perempuan,Siang,19,≤20 th,Menunggak,Ya,Ya,Ya,125.0,125.0,6,5,10.6,6,5,11.0,0.833,0.833,0.464,Berisiko,Tinggi
JJI-01129,Graduate,0,Management,Fase 1 - kuota umum,Lajang,Perempuan,Siang,18,≤20 th,Lunas,Tidak,Ya,Tidak,138.5,150.0,5,5,14.0,5,5,13.6,1.0,1.0,0.0591,Aman,Rendah
JJI-01130,Graduate,0,Nursing,Fase 2 - kuota umum,Kumpul kebo,Perempuan,Siang,18,≤20 th,Lunas,Tidak,Ya,Ya,133.5,143.0,8,7,12.11,8,7,12.11,0.875,0.875,0.1124,Aman,Rendah
JJI-01131,Graduate,0,Nursing,Fase 1 - kuota umum,Lajang,Perempuan,Siang,18,≤20 th,Lunas,Tidak,Ya,Ya,141.5,145.0,8,8,13.06,8,8,13.06,1.0,1.0,0.0498,Aman,Rendah
JJI-01132,Graduate,0,Nursing,Transfer,Lajang,Perempuan,Siang,22,21-23 th,Lunas,Tidak,Tidak,Ya,130.0,120.0,8,7,13.29,8,7,13.29,0.875,0.875,0.1917,Aman,Rendah
JJI-01133,Enrolled,0,Management,Fase 1 - kuota umum,Lajang,Perempuan,Siang,19,≤20 th,Lunas,Tidak,Tidak,Ya,131.0,138.0,5,4,11.0,5,3,10.67,0.8,0.6,0.3391,Aman,Sedang
JJI-01134,Graduate,0,Nursing,Fase 1 - kuota umum,Lajang,Perempuan,Siang,18,≤20 th,Lunas,Tidak,Ya,Tidak,145.0,145.0,7,7,14.07,8,8,15.16,1.0,1.0,0.0294,Aman,Rendah
JJI-01135,Dropout,1,Tourism,Fase 2 - kuota umum,Lajang,Perempuan,Siang,20,≤20 th,Menunggak,Tidak,Tidak,Tidak,114.3,122.0,6,0,0.0,6,0,0.0,0.0,0.0,0.9898,Berisiko,Sangat Tinggi
JJI-01136,Dropout,1,Animation & Multimedia Design,Pemegang diploma spesialisasi teknologi,Lajang,Perempuan,Siang,26,24-27 th,Menunggak,Tidak,Tidak,Tidak,108.3,110.0,9,4,11.25,10,3,11.0,0.444,0.3,0.9596,Berisiko,Sangat Tinggi
JJI-01137,Graduate,0,Communication Design,Fase 1 - kuota umum,Lajang,Perempuan,Siang,18,≤20 th,Lunas,Tidak,Ya,Ya,125.2,136.0,6,6,14.0,6,6,13.62,1.0,1.0,0.0677,Aman,Rendah
JJI-01138,Dropout,1,Tourism,Fase 1 - kuota umum,Lajang,Perempuan,Siang,21,21-23 th,Lunas,Tidak,Ya,Ya,131.7,145.0,6,6,12.17,6,3,11.67,1.0,0.5,0.2652,Aman,Sedang
JJI-01139,Graduate,0,Nursing,Fase 2 - kuota umum,Lajang,Perempuan,Siang,18,≤20 th,Lunas,Tidak,Tidak,Ya,126.3,141.0,8,7,13.3,8,7,13.3,0.875,0.875,0.1691,Aman,Rendah
JJI-01140,Graduate,0,Veterinary Nursing,Fase 1 - kuota umum,Lajang,Perempuan,Siang,20,≤20 th,Lunas,Tidak,Tidak,Ya,147.6,149.0,6,6,13.92,6,6,14.25,1.0,1.0,0.0971,Aman,Rendah
JJI-01141,Graduate,0,Nursing,Fase 1 - kuota umum,Lajang,Perempuan,Siang,18,≤20 th,Lunas,Tidak,Tidak,Ya,125.1,130.0,7,7,13.37,8,7,12.83,1.0,0.875,0.1145,Aman,Rendah
JJI-01142,Enrolled,0,Management,Fase 2 - kuota umum,Lajang,Perempuan,Siang,19,≤20 th,Lunas,Tidak,Ya,Tidak,123.8,121.0,5,5,12.4,5,3,11.0,1.0,0.6,0.2616,Aman,Sedang
JJI-01143,Dropout,1,Advertising & Marketing Management,Fase 1 - kuota umum,Lajang,Perempuan,Siang,20,≤20 th,Lunas,Tidak,Tidak,Ya,130.8,128.0,5,4,15.0,5,4,13.75,0.8,0.8,0.2514,Aman,Sedang
JJI-01144,Graduate,0,Basic Education,Fase 1 - kuota umum,Lajang,Perempuan,Siang,18,≤20 th,Lunas,Ya,Ya,Tidak,154.1,152.0,6,6,13.33,6,6,12.57,1.0,1.0,0.1518,Aman,Rendah
JJI-01145,Enrolled,0,Management,Fase 1 - kuota khusus (Madeira),Lajang,Perempuan,Siang,20,≤20 th,Lunas,Tidak,Ya,Ya,122.6,132.0,5,3,12.0,5,4,12.62,0.6,0.8,0.2052,Aman,Rendah
JJI-01146,Graduate,0,Social Service (kelas malam),Fase 1 - kuota umum,Lajang,Perempuan,Malam,22,21-23 th,Lunas,Tidak,Tidak,Ya,103.5,107.0,6,5,13.4,6,5,12.2,0.833,0.833,0.175,Aman,Rendah
JJI-01147,Enrolled,0,Animation & Multimedia Design,Fase 1 - kuota umum,Lajang,Perempuan,Siang,18,≤20 th,Lunas,Tidak,Tidak,Ya,132.8,131.0,0,0,0.0,0,0,0.0,,,0.4997,Berisiko,Tinggi
JJI-01148,Graduate,0,Management (kelas malam),Pindah institusi/prodi,Lajang,Perempuan,Malam,21,21-23 th,Lunas,Tidak,Tidak,Tidak,100.0,141.0,5,4,11.5,5,5,11.4,0.8,1.0,0.234,Aman,Rendah
JJI-01149,Enrolled,0,Basic Education,Fase 3 - kuota umum,Lajang,Perempuan,Siang,18,≤20 th,Lunas,Tidak,Tidak,Tidak,115.8,120.0,7,6,12.0,7,6,12.17,0.857,0.857,0.3155,Aman,Sedang
JJI-01150,Graduate,0,Nursing,Fase 1 - kuota umum,Lajang,Perempuan,Siang,18,≤20 th,Lunas,Tidak,Tidak,Tidak,133.8,148.0,8,7,13.49,8,7,13.49,0.875,0.875,0.0936,Aman,Rendah
JJI-01151,Graduate,0,Communication Design,Fase 1 - kuota umum,Lajang,Perempuan,Siang,18,≤20 th,Lunas,Tidak,Ya,Tidak,118.5,130.0,6,6,12.0,6,6,11.29,1.0,1.0,0.0648,Aman,Rendah
JJI-01152,Dropout,1,Animation & Multimedia Design,Fase 2 - kuota umum,Lajang,Perempuan,Siang,19,≤20 th,Lunas,Tidak,Tidak,Ya,150.3,145.0,0,0,0.0,0,0,0.0,,,0.5607,Berisiko,Tinggi
JJI-01153,Enrolled,0,Management,Fase 2 - kuota umum,Lajang,Perempuan,Siang,19,≤20 th,Lunas,Tidak,Tidak,Ya,107.8,112.0,5,3,10.33,5,3,14.43,0.6,0.6,0.3456,Aman,Sedang
JJI-01154,Enrolled,0,Nursing,Fase 1 - kuota umum,Lajang,Perempuan,Siang,19,≤20 th,Lunas,Tidak,Tidak,Ya,127.5,138.0,7,5,12.94,7,5,13.76,0.714,0.714,0.2402,Aman,Rendah
JJI-01155,Graduate,0,Nursing,Fase 1 - kuota umum,Lajang,Perempuan,Siang,19,≤20 th,Lunas,Tidak,Tidak,Ya,120.5,135.0,8,7,13.26,8,7,13.26,0.875,0.875,0.1476,Aman,Rendah
JJI-01156,Enrolled,0,Management,Fase 1 - kuota umum,Lajang,Perempuan,Siang,19,≤20 th,Lunas,Tidak,Tidak,Ya,117.3,118.0,5,4,12.25,5,4,12.0,0.8,0.8,0.1923,Aman,Rendah
JJI-01157,Dropout,1,Tourism,Fase 2 - kuota umum,Lajang,Perempuan,Siang,19,≤20 th,Menunggak,Tidak,Tidak,Ya,120.6,123.0,6,3,11.67,6,1,10.0,0.5,0.167,0.9396,Berisiko,Sangat Tinggi
JJI-01158,Graduate,0,Tourism,Fase 1 - kuota khusus (Madeira),Lajang,Perempuan,Siang,21,21-23 th,Lunas,Tidak,Ya,Ya,118.7,126.0,6,6,13.57,6,6,12.5,1.0,1.0,0.106,Aman,Rendah
JJI-01159,Graduate,0,Journalism & Communication,Fase 1 - kuota umum,Lajang,Perempuan,Siang,20,≤20 th,Lunas,Tidak,Ya,Tidak,130.8,150.0,6,5,11.8,6,5,11.83,0.833,0.833,0.1696,Aman,Rendah
JJI-01160,Graduate,0,Management,Fase 1 - kuota umum,Lajang,Perempuan,Siang,20,≤20 th,Lunas,Tidak,Ya,Ya,112.6,121.0,5,5,14.2,5,5,13.29,1.0,1.0,0.0676,Aman,Rendah
JJI-01161,Graduate,0,Management (kelas malam),Usia di atas 23 tahun,Lajang,Perempuan,Malam,41,>35 th,Lunas,Tidak,Tidak,Tidak,117.2,133.1,5,5,11.0,5,5,11.8,1.0,1.0,0.3553,Aman,Sedang
JJI-01162,Enrolled,0,Nursing,Pemegang gelar pendidikan tinggi lain,Bercerai,Perempuan,Siang,32,28-35 th,Lunas,Tidak,Tidak,Ya,130.0,130.0,7,4,13.62,7,7,12.64,0.571,1.0,0.2668,Aman,Sedang
JJI-01163,Graduate,0,Nursing,Fase 2 - kuota umum,Lajang,Perempuan,Siang,18,≤20 th,Lunas,Tidak,Tidak,Ya,131.8,139.0,8,7,14.65,8,7,14.65,0.875,0.875,0.1413,Aman,Rendah
JJI-01164,Graduate,0,Social Service (kelas malam),Usia di atas 23 tahun,Bercerai,Perempuan,Malam,35,28-35 th,Lunas,Tidak,Ya,Tidak,97.0,160.0,6,6,11.33,6,6,11.33,1.0,1.0,0.1315,Aman,Rendah
JJI-01165,Dropout,1,Nursing,Usia di atas 23 tahun,Lajang,Perempuan,Siang,32,28-35 th,Menunggak,Ya,Tidak,Tidak,130.0,110.0,7,4,13.7,7,0,0.0,0.571,0.0,0.995,Berisiko,Sangat Tinggi
JJI-01166,Graduate,0,Social Service (kelas malam),Usia di atas 23 tahun,Lajang,Perempuan,Malam,37,>35 th,Lunas,Tidak,Tidak,Tidak,148.0,140.0,11,11,13.73,8,8,14.75,1.0,1.0,0.1317,Aman,Rendah
JJI-01167,Dropout,1,Management,Usia di atas 23 tahun,Menikah,Perempuan,Siang,30,28-35 th,Lunas,Tidak,Tidak,Tidak,103.4,130.0,7,7,11.75,8,7,11.14,1.0,0.875,0.1858,Aman,Rendah
JJI-01168,Graduate,0,Journalism & Communication,Pindah program studi,Lajang,Laki-laki,Siang,23,21-23 th,Lunas,Tidak,Tidak,Tidak,127.1,132.0,6,6,12.33,6,5,13.0,1.0,0.833,0.3412,Aman,Sedang
JJI-01169,Dropout,1,Journalism & Communication,Fase 2 - kuota umum,Lajang,Perempuan,Siang,20,≤20 th,Lunas,Tidak,Ya,Ya,124.0,139.0,6,6,14.0,6,6,13.86,1.0,1.0,0.1184,Aman,Rendah
JJI-01170,Graduate,0,Advertising & Marketing Management,Fase 1 - kuota umum,Lajang,Laki-laki,Siang,21,21-23 th,Lunas,Tidak,Tidak,Tidak,121.4,135.0,5,4,11.5,5,4,11.75,0.8,0.8,0.278,Aman,Sedang
JJI-01171,Graduate,0,Management,Fase 1 - kuota umum,Lajang,Laki-laki,Siang,19,≤20 th,Lunas,Tidak,Tidak,Tidak,118.1,117.0,5,5,11.2,5,5,13.2,1.0,1.0,0.117,Aman,Rendah
JJI-01172,Graduate,0,Nursing,Fase 2 - kuota umum,Lajang,Laki-laki,Siang,18,≤20 th,Lunas,Tidak,Ya,Ya,121.3,137.0,8,7,15.07,8,7,15.07,0.875,0.875,0.1239,Aman,Rendah
JJI-01173,Dropout,1,Informatics Engineering,Transfer,Lajang,Laki-laki,Siang,18,≤20 th,Lunas,Tidak,Tidak,Tidak,119.5,144.0,5,1,10.0,5,1,12.0,0.2,0.2,0.748,Berisiko,Tinggi
JJI-01174,Enrolled,0,Management (kelas malam),Usia di atas 23 tahun,Lajang,Laki-laki,Malam,24,24-27 th,Lunas,Tidak,Tidak,Tidak,115.2,130.0,5,4,12.0,5,5,12.67,0.8,1.0,0.2954,Aman,Sedang
JJI-01175,Graduate,0,Advertising & Marketing Management,Fase 3 - kuota umum,Lajang,Laki-laki,Siang,22,21-23 th,Lunas,Tidak,Tidak,Ya,130.2,140.0,6,4,13.0,6,4,12.6,0.667,0.667,0.5066,Berisiko,Tinggi
JJI-01176,Dropout,1,Tourism,Fase 2 - kuota umum,Lajang,Laki-laki,Siang,18,≤20 th,Lunas,Tidak,Tidak,Ya,130.0,130.0,6,4,11.0,6,3,11.25,0.667,0.5,0.6435,Berisiko,Tinggi
JJI-01177,Graduate,0,Social Service,Fase 1 - kuota khusus (Madeira),Lajang,Perempuan,Siang,18,≤20 th,Lunas,Tidak,Tidak,Ya,126.9,130.0,6,6,13.57,6,5,12.17,1.0,0.833,0.1481,Aman,Rendah
JJI-01178,Graduate,0,Communication Design,Fase 1 - kuota umum,Lajang,Laki-laki,Siang,21,21-23 th,Lunas,Tidak,Tidak,Ya,168.5,152.0,6,5,14.6,6,5,14.2,0.833,0.833,0.2267,Aman,Rendah
JJI-01179,Dropout,1,Nursing,Usia di atas 23 tahun,Bercerai,Perempuan,Siang,38,>35 th,Lunas,Ya,Tidak,Tidak,130.0,133.1,7,3,11.83,7,2,10.0,0.429,0.286,0.8699,Berisiko,Sangat Tinggi
JJI-01180,Graduate,0,Oral Hygiene,Fase 3 - kuota umum,Lajang,Perempuan,Siang,19,≤20 th,Lunas,Tidak,Ya,Tidak,122.8,140.0,7,7,12.62,8,8,12.51,1.0,1.0,0.0698,Aman,Rendah
JJI-01181,Dropout,1,Nursing,Usia di atas 23 tahun,Pisah secara hukum,Perempuan,Siang,36,>35 th,Lunas,Tidak,Tidak,Tidak,110.0,133.1,7,4,11.5,7,3,12.33,0.571,0.429,0.6467,Berisiko,Tinggi
JJI-01182,Graduate,0,Veterinary Nursing,Fase 1 - kuota khusus (Madeira),Lajang,Perempuan,Siang,18,≤20 th,Lunas,Tidak,Tidak,Ya,127.1,140.0,5,4,13.25,5,4,10.5,0.8,0.8,0.2411,Aman,Rendah
JJI-01183,Graduate,0,Nursing,Fase 1 - kuota umum,Lajang,Perempuan,Siang,19,≤20 th,Lunas,Tidak,Tidak,Ya,108.5,133.1,7,7,12.61,8,6,11.9,1.0,0.75,0.1769,Aman,Rendah
JJI-01184,Dropout,1,Veterinary Nursing,Pemegang diploma short cycle,Lajang,Perempuan,Siang,21,21-23 th,Menunggak,Ya,Tidak,Tidak,138.2,140.0,10,8,13.75,9,5,13.2,0.8,0.556,0.7651,Berisiko,Sangat Tinggi
JJI-01185,Enrolled,0,Nursing,Fase 1 - kuota umum,Lajang,Perempuan,Siang,19,≤20 th,Lunas,Tidak,Tidak,Ya,96.0,133.1,7,6,13.6,8,6,11.93,0.857,0.75,0.1959,Aman,Rendah
JJI-01186,Graduate,0,Social Service,Fase 1 - kuota umum,Lajang,Perempuan,Siang,18,≤20 th,Lunas,Tidak,Ya,Tidak,124.5,135.0,6,5,11.14,6,6,12.29,0.833,1.0,0.0606,Aman,Rendah
JJI-01187,Enrolled,0,Nursing,Pemegang gelar pendidikan tinggi lain,Menikah,Perempuan,Siang,45,>35 th,Lunas,Tidak,Tidak,Ya,120.0,120.0,11,11,12.7,10,10,12.97,1.0,1.0,0.1873,Aman,Rendah
JJI-01188,Dropout,1,Management,Fase 2 - kuota umum,Lajang,Perempuan,Siang,20,≤20 th,Lunas,Tidak,Tidak,Ya,132.3,140.0,5,1,10.0,5,1,11.0,0.2,0.2,0.7382,Berisiko,Tinggi
JJI-01189,Graduate,0,Tourism,Fase 2 - kuota umum,Lajang,Perempuan,Siang,18,≤20 th,Lunas,Ya,Tidak,Ya,120.7,128.0,6,6,11.67,6,4,11.5,1.0,0.667,0.4254,Berisiko,Tinggi
JJI-01190,Graduate,0,Advertising & Marketing Management,Fase 1 - kuota umum,Lajang,Perempuan,Siang,18,≤20 th,Lunas,Tidak,Ya,Tidak,132.6,141.0,6,6,14.0,6,6,13.14,1.0,1.0,0.064,Aman,Rendah
JJI-01191,Dropout,1,Equinculture,Pemegang gelar pendidikan tinggi lain,Lajang,Perempuan,Siang,25,24-27 th,Lunas,Tidak,Tidak,Tidak,140.0,140.0,5,0,0.0,5,0,0.0,0.0,0.0,0.9723,Berisiko,Sangat Tinggi
JJI-01192,Graduate,0,Nursing,Fase 1 - kuota umum,Lajang,Perempuan,Siang,19,≤20 th,Lunas,Tidak,Tidak,Ya,124.5,139.0,8,7,12.04,8,7,12.04,0.875,0.875,0.1621,Aman,Rendah
JJI-01193,Graduate,0,Animation & Multimedia Design,Fase 1 - kuota umum,Lajang,Perempuan,Siang,18,≤20 th,Lunas,Tidak,Ya,Ya,142.0,142.0,0,0,0.0,0,0,0.0,,,0.3418,Aman,Sedang
JJI-01194,Graduate,0,Tourism,Pemegang gelar pendidikan tinggi lain,Lajang,Perempuan,Siang,39,>35 th,Lunas,Tidak,Tidak,Tidak,130.0,130.0,13,13,13.77,12,12,14.58,1.0,1.0,0.1563,Aman,Rendah
JJI-01195,Graduate,0,Agronomy,Usia di atas 23 tahun,Menikah,Perempuan,Siang,29,28-35 th,Lunas,Tidak,Tidak,Tidak,144.0,130.0,18,18,15.44,13,13,15.31,1.0,1.0,0.054,Aman,Rendah
JJI-01196,Enrolled,0,Basic Education,Fase 2 - kuota umum,Lajang,Perempuan,Siang,18,≤20 th,Lunas,Tidak,Tidak,Ya,128.5,125.0,7,6,11.5,7,7,12.71,0.857,1.0,0.227,Aman,Rendah
JJI-01197,Dropout,1,Communication Design,Pemegang gelar pendidikan tinggi lain,Lajang,Perempuan,Siang,23,21-23 th,Menunggak,Tidak,Tidak,Tidak,140.0,140.0,3,2,10.0,6,0,0.0,0.667,0.0,0.9748,Berisiko,Sangat Tinggi
JJI-01198,Dropout,1,Basic Education,Transfer,Lajang,Perempuan,Siang,21,21-23 th,Lunas,Tidak,Tidak,Ya,113.9,120.0,6,4,12.25,6,3,10.33,0.667,0.5,0.7212,Berisiko,Tinggi
JJI-01199,Graduate,0,Social Service,Fase 1 - kuota umum,Lajang,Perempuan,Siang,18,≤20 th,Menunggak,Tidak,Tidak,Tidak,137.2,147.0,6,6,14.5,6,6,15.17,1.0,1.0,0.1694,Aman,Rendah
JJI-01200,Graduate,0,Veterinary Nursing,Pemegang gelar pendidikan tinggi lain,Lajang,Perempuan,Siang,23,21-23 th,Lunas,Tidak,Tidak,Ya,140.0,140.0,6,6,15.57,6,6,16.38,1.0,1.0,0.1332,Aman,Rendah
JJI-01201,Graduate,0,Equinculture,Fase 1 - kuota umum,Lajang,Perempuan,Siang,18,≤20 th,Lunas,Tidak,Tidak,Tidak,152.3,161.0,6,6,15.57,6,6,14.71,1.0,1.0,0.0931,Aman,Rendah
JJI-01202,Graduate,0,Social Service (kelas malam),Usia di atas 23 tahun,Menikah,Perempuan,Malam,32,28-35 th,Lunas,Tidak,Tidak,Tidak,112.5,133.1,6,5,13.8,6,6,12.17,0.833,1.0,0.1633,Aman,Rendah
JJI-01203,Dropout,1,Management,Usia di atas 23 tahun,Menikah,Perempuan,Siang,29,28-35 th,Menunggak,Ya,Tidak,Tidak,101.0,150.0,5,3,10.67,5,2,14.8,0.6,0.4,0.8488,Berisiko,Sangat Tinggi
JJI-01204,Graduate,0,Social Service,Fase 1 - kuota umum,Lajang,Perempuan,Siang,20,≤20 th,Lunas,Ya,Ya,Ya,112.3,113.0,6,5,11.6,6,4,11.75,0.833,0.667,0.3138,Aman,Sedang
JJI-01205,Dropout,1,Social Service,Usia di atas 23 tahun,Lajang,Perempuan,Siang,28,28-35 th,Menunggak,Tidak,Tidak,Ya,114.0,140.0,6,1,13.0,6,0,0.0,0.167,0.0,0.9891,Berisiko,Sangat Tinggi
JJI-01206,Graduate,0,Management,Pemegang gelar pendidikan tinggi lain,Lajang,Perempuan,Siang,27,24-27 th,Lunas,Tidak,Tidak,Tidak,130.0,130.0,5,3,12.0,5,4,13.62,0.6,0.8,0.3279,Aman,Sedang
JJI-01207,Graduate,0,Nursing,Pindah program studi,Lajang,Perempuan,Siang,22,21-23 th,Lunas,Ya,Tidak,Tidak,121.5,120.0,14,12,12.33,14,12,12.33,0.857,0.857,0.2108,Aman,Rendah
JJI-01208,Enrolled,0,Agronomy,Usia di atas 23 tahun,Menikah,Perempuan,Siang,37,>35 th,Lunas,Ya,Tidak,Tidak,120.0,133.1,6,6,12.88,6,6,12.9,1.0,1.0,0.2627,Aman,Sedang
JJI-01209,Dropout,1,Social Service (kelas malam),Pemegang gelar pendidikan tinggi lain,Lajang,Perempuan,Malam,28,28-35 th,Menunggak,Tidak,Tidak,Tidak,130.0,130.0,6,1,11.0,6,0,0.0,0.167,0.0,0.9899,Berisiko,Sangat Tinggi
JJI-01210,Dropout,1,Agronomy,Usia di atas 23 tahun,Menikah,Perempuan,Siang,43,>35 th,Menunggak,Ya,Tidak,Tidak,125.7,120.0,6,4,12.25,6,4,10.5,0.667,0.667,0.8945,Berisiko,Sangat Tinggi
JJI-01211,Dropout,1,Oral Hygiene,Pindah program studi,Lajang,Perempuan,Siang,32,28-35 th,Menunggak,Tidak,Tidak,Ya,128.0,140.0,7,0,0.0,8,0,0.0,0.0,0.0,0.9977,Berisiko,Sangat Tinggi
JJI-01212,Enrolled,0,Social Service,Fase 2 - kuota umum,Lajang,Perempuan,Siang,20,≤20 th,Lunas,Tidak,Ya,Tidak,113.2,123.0,6,4,10.75,6,5,11.5,0.667,0.833,0.157,Aman,Rendah
JJI-01213,Graduate,0,Nursing,Usia di atas 23 tahun,Bercerai,Perempuan,Siang,35,28-35 th,Lunas,Tidak,Ya,Tidak,120.0,133.1,8,8,13.63,8,8,13.63,1.0,1.0,0.0652,Aman,Rendah
JJI-01214,Graduate,0,Advertising & Marketing Management,Fase 1 - kuota umum,Lajang,Perempuan,Siang,21,21-23 th,Lunas,Tidak,Tidak,Ya,117.8,130.0,5,3,13.0,5,4,11.5,0.6,0.8,0.3158,Aman,Sedang
JJI-01215,Enrolled,0,Nursing,Fase 1 - kuota umum,Lajang,Perempuan,Siang,18,≤20 th,Lunas,Tidak,Ya,Ya,121.3,126.0,7,6,13.53,7,7,12.23,0.857,1.0,0.0734,Aman,Rendah
JJI-01216,Graduate,0,Nursing,Fase 1 - kuota umum,Lajang,Perempuan,Siang,18,≤20 th,Lunas,Tidak,Ya,Tidak,169.7,176.0,7,7,16.9,8,8,16.38,1.0,1.0,0.0255,Aman,Rendah
JJI-01217,Graduate,0,Social Service,Fase 2 - kuota umum,Lajang,Perempuan,Siang,18,≤20 th,Lunas,Tidak,Tidak,Ya,117.7,124.0,6,5,12.0,6,4,12.0,0.833,0.667,0.3032,Aman,Sedang
JJI-01218,Graduate,0,Social Service (kelas malam),Pemegang diploma spesialisasi teknologi,Lajang,Perempuan,Malam,22,21-23 th,Lunas,Tidak,Tidak,Ya,121.8,120.0,6,6,12.5,6,6,13.29,1.0,1.0,0.0962,Aman,Rendah
JJI-01219,Graduate,0,Nursing,Fase 1 - kuota umum,Lajang,Perempuan,Siang,19,≤20 th,Lunas,Tidak,Tidak,Ya,128.3,140.0,8,7,12.76,8,7,12.76,0.875,0.875,0.1263,Aman,Rendah
JJI-01220,Graduate,0,Management,Fase 3 - kuota umum,Lajang,Perempuan,Siang,18,≤20 th,Lunas,Tidak,Ya,Ya,132.2,143.0,5,5,13.75,5,5,12.17,1.0,1.0,0.0969,Aman,Rendah
JJI-01221,Dropout,1,Animation & Multimedia Design,Fase 1 - kuota umum,Lajang,Perempuan,Siang,19,≤20 th,Lunas,Ya,Tidak,Ya,134.3,136.0,0,0,0.0,0,0,0.0,,,0.5949,Berisiko,Tinggi
JJI-01222,Graduate,0,Nursing,Fase 1 - kuota umum,Lajang,Perempuan,Siang,18,≤20 th,Lunas,Tidak,Ya,Tidak,123.4,132.0,7,7,14.6,8,8,15.68,1.0,1.0,0.0274,Aman,Rendah
JJI-01223,Dropout,1,Management (kelas malam),Usia di atas 23 tahun,Menikah,Perempuan,Malam,31,28-35 th,Menunggak,Ya,Tidak,Tidak,121.7,133.1,5,0,0.0,5,0,0.0,0.0,0.0,0.9941,Berisiko,Sangat Tinggi
JJI-01224,Graduate,0,Social Service (kelas malam),Usia di atas 23 tahun,Menikah,Perempuan,Malam,33,28-35 th,Lunas,Ya,Ya,Tidak,130.0,100.0,6,5,13.83,6,6,12.5,0.833,1.0,0.1882,Aman,Rendah
JJI-01225,Graduate,0,Nursing,Fase 1 - kuota umum,Lajang,Perempuan,Siang,19,≤20 th,Lunas,Tidak,Ya,Ya,126.5,137.0,8,8,13.58,8,8,13.58,1.0,1.0,0.0431,Aman,Rendah
JJI-01226,Graduate,0,Social Service,Fase 2 - kuota umum,Lajang,Perempuan,Siang,18,≤20 th,Lunas,Tidak,Ya,Ya,159.7,153.0,6,6,15.14,6,6,15.83,1.0,1.0,0.0496,Aman,Rendah
JJI-01227,Graduate,0,Management,Fase 1 - kuota umum,Lajang,Perempuan,Siang,23,21-23 th,Lunas,Tidak,Tidak,Tidak,151.3,160.0,5,3,10.67,5,5,11.6,0.6,1.0,0.189,Aman,Rendah
JJI-01228,Graduate,0,Social Service,Fase 2 - kuota umum,Lajang,Perempuan,Siang,20,≤20 th,Lunas,Tidak,Tidak,Ya,138.0,145.0,6,5,11.2,6,6,12.0,0.833,1.0,0.138,Aman,Rendah
JJI-01229,Graduate,0,Nursing,Fase 1 - kuota umum,Lajang,Perempuan,Siang,18,≤20 th,Lunas,Tidak,Tidak,Ya,126.5,137.0,8,8,13.76,8,8,13.76,1.0,1.0,0.0771,Aman,Rendah
JJI-01230,Enrolled,0,Veterinary Nursing,Pemegang diploma short cycle,Lajang,Perempuan,Siang,21,21-23 th,Lunas,Ya,Tidak,Ya,140.0,140.0,9,8,13.25,9,5,12.2,0.889,0.556,0.5317,Berisiko,Tinggi
JJI-01231,Graduate,0,Social Service,Fase 1 - kuota umum,Lajang,Perempuan,Siang,22,21-23 th,Lunas,Tidak,Ya,Tidak,112.3,120.0,6,5,10.71,6,5,12.2,0.833,0.833,0.0985,Aman,Rendah
JJI-01232,Graduate,0,Social Service,Fase 1 - kuota umum,Lajang,Perempuan,Siang,20,≤20 th,Lunas,Ya,Tidak,Ya,127.3,122.0,6,6,12.17,6,6,11.67,1.0,1.0,0.1381,Aman,Rendah
JJI-01233,Graduate,0,Nursing,Pemegang gelar pendidikan tinggi lain,Lajang,Perempuan,Siang,23,21-23 th,Lunas,Tidak,Tidak,Ya,130.0,130.0,7,6,14.36,7,6,14.36,0.857,0.857,0.1957,Aman,Rendah
JJI-01234,Graduate,0,Journalism & Communication,Fase 2 - kuota umum,Lajang,Perempuan,Siang,19,≤20 th,Lunas,Tidak,Tidak,Ya,115.0,133.1,6,6,12.83,6,6,12.67,1.0,1.0,0.1896,Aman,Rendah
JJI-01235,Graduate,0,Nursing,Fase 2 - kuota umum,Lajang,Perempuan,Siang,19,≤20 th,Lunas,Tidak,Tidak,Ya,131.5,150.0,8,7,13.93,8,7,13.93,0.875,0.875,0.1845,Aman,Rendah
JJI-01236,Dropout,1,Management (kelas malam),Usia di atas 23 tahun,Lajang,Perempuan,Malam,26,24-27 th,Lunas,Tidak,Tidak,Tidak,125.7,133.1,5,2,12.0,5,3,11.0,0.4,0.6,0.5593,Berisiko,Tinggi
JJI-01237,Graduate,0,Nursing,Fase 1 - kuota umum,Lajang,Perempuan,Siang,18,≤20 th,Lunas,Tidak,Tidak,Ya,126.8,141.0,7,7,13.44,8,8,13.74,1.0,1.0,0.076,Aman,Rendah
JJI-01238,Dropout,1,Informatics Engineering,Fase 3 - kuota umum,Lajang,Laki-laki,Siang,18,≤20 th,Lunas,Tidak,Tidak,Ya,132.4,146.0,5,1,16.0,5,0,0.0,0.2,0.0,0.9342,Berisiko,Sangat Tinggi
JJI-01239,Graduate,0,Agronomy,Pemegang diploma spesialisasi teknologi,Lajang,Laki-laki,Siang,20,≤20 th,Lunas,Tidak,Tidak,Ya,150.0,150.0,6,6,13.12,6,6,13.2,1.0,1.0,0.1261,Aman,Rendah
JJI-01240,Dropout,1,Advertising & Marketing Management,Fase 1 - kuota umum,Lajang,Laki-laki,Siang,19,≤20 th,Lunas,Tidak,Tidak,Tidak,95.0,133.1,6,0,0.0,6,0,0.0,0.0,0.0,0.9587,Berisiko,Sangat Tinggi
JJI-01241,Dropout,1,Management (kelas malam),Pindah program studi,Lajang,Laki-laki,Malam,32,28-35 th,Menunggak,Tidak,Tidak,Tidak,128.2,120.0,9,5,11.4,4,4,11.0,0.556,1.0,0.7987,Berisiko,Sangat Tinggi
JJI-01242,Dropout,1,Equinculture,Usia di atas 23 tahun,Menikah,Laki-laki,Siang,31,28-35 th,Menunggak,Tidak,Tidak,Tidak,130.0,150.0,4,2,11.0,5,3,11.67,0.5,0.6,0.8899,Berisiko,Sangat Tinggi
JJI-01243,Enrolled,0,Informatics Engineering,Usia di atas 23 tahun,Lajang,Laki-laki,Siang,25,24-27 th,Lunas,Tidak,Tidak,Tidak,100.0,133.1,5,1,11.0,5,1,10.0,0.2,0.2,0.8171,Berisiko,Sangat Tinggi
JJI-01244,Graduate,0,Veterinary Nursing,Transfer,Lajang,Perempuan,Siang,21,21-23 th,Lunas,Tidak,Tidak,Ya,159.9,140.0,6,5,13.67,6,5,13.0,0.833,0.833,0.2723,Aman,Sedang
JJI-01245,Dropout,1,Management (kelas malam),Pindah program studi,Menikah,Perempuan,Malam,31,28-35 th,Menunggak,Tidak,Tidak,Tidak,100.0,140.0,6,4,11.75,5,1,10.0,0.667,0.2,0.9275,Berisiko,Sangat Tinggi
JJI-01246,Dropout,1,Basic Education,Usia di atas 23 tahun,Menikah,Perempuan,Siang,34,28-35 th,Lunas,Tidak,Tidak,Tidak,116.5,133.1,7,1,10.0,7,1,13.0,0.143,0.143,0.9411,Berisiko,Sangat Tinggi
JJI-01247,Graduate,0,Social Service,Fase 1 - kuota umum,Lajang,Perempuan,Siang,18,≤20 th,Lunas,Tidak,Ya,Tidak,120.0,128.0,6,6,13.5,6,6,12.83,1.0,1.0,0.0448,Aman,Rendah
JJI-01248,Dropout,1,Social Service,Fase 1 - kuota umum,Lajang,Perempuan,Siang,19,≤20 th,Lunas,Ya,Tidak,Ya,117.0,117.0,6,0,0.0,6,0,0.0,0.0,0.0,0.9568,Berisiko,Sangat Tinggi
JJI-01249,Enrolled,0,Advertising & Marketing Management,Pemegang diploma short cycle,Lajang,Perempuan,Siang,21,21-23 th,Lunas,Ya,Tidak,Ya,140.0,140.0,6,1,12.0,6,1,11.0,0.167,0.167,0.9109,Berisiko,Sangat Tinggi
JJI-01250,Dropout,1,Basic Education,Fase 1 - kuota umum,Lajang,Perempuan,Siang,18,≤20 th,Menunggak,Tidak,Tidak,Ya,118.1,124.0,6,3,13.0,6,5,11.8,0.5,0.833,0.7255,Berisiko,Tinggi
JJI-01251,Graduate,0,Tourism,Fase 1 - kuota umum,Lajang,Perempuan,Siang,20,≤20 th,Lunas,Tidak,Tidak,Ya,153.5,158.0,6,6,14.83,6,6,16.0,1.0,1.0,0.0885,Aman,Rendah
JJI-01252,Graduate,0,Journalism & Communication,Pindah program studi,Lajang,Perempuan,Siang,20,≤20 th,Lunas,Tidak,Tidak,Ya,127.9,137.0,6,6,11.83,6,6,12.86,1.0,1.0,0.131,Aman,Rendah
JJI-01253,Graduate,0,Advertising & Marketing Management,Fase 2 - kuota umum,Lajang,Perempuan,Siang,18,≤20 th,Lunas,Tidak,Ya,Ya,118.8,123.0,6,5,12.0,6,5,12.33,0.833,0.833,0.2276,Aman,Rendah
JJI-01254,Graduate,0,Social Service,Fase 1 - kuota umum,Lajang,Perempuan,Siang,19,≤20 th,Lunas,Tidak,Tidak,Ya,126.7,126.0,6,4,12.75,6,6,11.33,0.667,1.0,0.1279,Aman,Rendah
JJI-01255,Enrolled,0,Veterinary Nursing,Pindah program studi,Lajang,Perempuan,Siang,19,≤20 th,Lunas,Tidak,Tidak,Ya,170.0,170.0,5,0,0.0,5,4,14.75,0.0,0.8,0.3322,Aman,Sedang
JJI-01256,Dropout,1,Equinculture,Usia di atas 23 tahun,Bercerai,Perempuan,Siang,30,28-35 th,Lunas,Tidak,Ya,Ya,110.0,133.1,6,0,0.0,6,1,10.0,0.0,0.167,0.9165,Berisiko,Sangat Tinggi
JJI-01257,Graduate,0,Social Service,Fase 2 - kuota umum,Lajang,Perempuan,Siang,19,≤20 th,Lunas,Tidak,Tidak,Ya,115.0,115.0,6,6,12.0,6,6,12.86,1.0,1.0,0.1049,Aman,Rendah
JJI-01258,Graduate,0,Oral Hygiene,Fase 1 - kuota umum,Lajang,Perempuan,Siang,19,≤20 th,Lunas,Tidak,Tidak,Ya,119.0,132.0,7,7,11.68,8,8,13.8,1.0,1.0,0.0863,Aman,Rendah
JJI-01259,Graduate,0,Nursing,Fase 1 - kuota umum,Lajang,Perempuan,Siang,19,≤20 th,Lunas,Tidak,Ya,Ya,121.8,132.0,8,7,13.6,8,7,13.6,0.875,0.875,0.0817,Aman,Rendah
JJI-01260,Graduate,0,Veterinary Nursing,Fase 1 - kuota umum,Lajang,Perempuan,Siang,19,≤20 th,Lunas,Tidak,Tidak,Ya,133.4,143.0,6,6,16.0,6,6,15.88,1.0,1.0,0.0757,Aman,Rendah
JJI-01261,Graduate,0,Social Service,Fase 1 - kuota umum,Lajang,Perempuan,Siang,20,≤20 th,Lunas,Tidak,Tidak,Ya,131.4,137.0,6,5,11.8,6,6,11.5,0.833,1.0,0.119,Aman,Rendah
JJI-01262,Dropout,1,Informatics Engineering,Transfer,Lajang,Laki-laki,Siang,25,24-27 th,Lunas,Ya,Tidak,Tidak,135.0,130.0,5,0,0.0,6,2,14.0,0.0,0.333,0.8714,Berisiko,Sangat Tinggi
JJI-01263,Dropout,1,Journalism & Communication,Fase 1 - kuota umum,Lajang,Laki-laki,Siang,19,≤20 th,Lunas,Tidak,Tidak,Tidak,122.8,121.0,6,0,0.0,6,0,0.0,0.0,0.0,0.9684,Berisiko,Sangat Tinggi
JJI-01264,Graduate,0,Basic Education,Usia di atas 23 tahun,Menikah,Perempuan,Siang,34,28-35 th,Lunas,Ya,Ya,Tidak,140.0,130.0,6,6,16.14,6,6,16.2,1.0,1.0,0.2098,Aman,Rendah
JJI-01265,Graduate,0,Nursing,Fase 3 - kuota umum,Lajang,Perempuan,Siang,18,≤20 th,Lunas,Tidak,Ya,Ya,125.3,135.0,8,7,11.79,8,7,11.79,0.875,0.875,0.1192,Aman,Rendah
JJI-01266,Graduate,0,Nursing,Fase 1 - kuota umum,Lajang,Perempuan,Siang,18,≤20 th,Lunas,Tidak,Ya,Ya,126.3,137.0,8,8,13.42,8,8,13.42,1.0,1.0,0.0533,Aman,Rendah
JJI-01267,Graduate,0,Advertising & Marketing Management,Fase 1 - kuota umum,Lajang,Perempuan,Siang,20,≤20 th,Lunas,Tidak,Tidak,Tidak,100.0,100.0,6,6,12.5,6,5,14.17,1.0,0.833,0.1585,Aman,Rendah
JJI-01268,Graduate,0,Nursing,Fase 2 - kuota umum,Lajang,Perempuan,Siang,20,≤20 th,Lunas,Tidak,Ya,Ya,121.3,127.0,8,7,12.46,8,7,12.46,0.875,0.875,0.1145,Aman,Rendah
JJI-01269,Enrolled,0,Management (kelas malam),Pemegang diploma short cycle,Lajang,Perempuan,Malam,23,21-23 th,Lunas,Ya,Tidak,Tidak,135.0,140.0,11,8,12.38,9,5,12.6,0.727,0.556,0.7025,Berisiko,Tinggi
JJI-01270,Dropout,1,Advertising & Marketing Management,Usia di atas 23 tahun,Lajang,Perempuan,Siang,28,28-35 th,Lunas,Tidak,Tidak,Tidak,120.0,140.0,6,1,10.0,6,0,0.0,0.167,0.0,0.9702,Berisiko,Sangat Tinggi
JJI-01271,Enrolled,0,Journalism & Communication,Fase 2 - kuota umum,Lajang,Perempuan,Siang,18,≤20 th,Lunas,Tidak,Tidak,Tidak,113.7,121.0,6,5,12.6,6,6,12.43,0.833,1.0,0.1876,Aman,Rendah
JJI-01272,Graduate,0,Management,Pindah program studi,Lajang,Perempuan,Siang,19,≤20 th,Lunas,Tidak,Tidak,Ya,129.7,131.0,5,5,12.6,5,4,12.4,1.0,0.8,0.1984,Aman,Rendah
JJI-01273,Dropout,1,Management,Fase 1 - kuota umum,Menikah,Perempuan,Siang,34,28-35 th,Lunas,Tidak,Tidak,Ya,132.1,151.0,5,2,10.0,5,4,12.0,0.4,0.8,0.3445,Aman,Sedang
JJI-01274,Dropout,1,Basic Education,Pindah institusi/prodi,Menikah,Perempuan,Siang,35,28-35 th,Lunas,Tidak,Tidak,Tidak,120.3,130.0,7,0,0.0,6,0,0.0,0.0,0.0,0.985,Berisiko,Sangat Tinggi
JJI-01275,Graduate,0,Management (kelas malam),Pemegang gelar pendidikan tinggi lain,Lajang,Perempuan,Malam,32,28-35 th,Lunas,Tidak,Tidak,Tidak,120.0,120.0,5,5,11.6,5,5,12.33,1.0,1.0,0.2873,Aman,Sedang
JJI-01276,Graduate,0,Tourism,Fase 2 - kuota umum,Lajang,Perempuan,Siang,19,≤20 th,Lunas,Tidak,Tidak,Ya,123.1,136.0,6,6,12.17,6,6,13.5,1.0,1.0,0.158,Aman,Rendah
JJI-01277,Graduate,0,Advertising & Marketing Management,Fase 2 - kuota umum,Lajang,Perempuan,Siang,18,≤20 th,Lunas,Tidak,Tidak,Ya,119.4,125.0,6,4,13.6,6,5,12.67,0.667,0.833,0.3481,Aman,Sedang
JJI-01278,Dropout,1,Management,Usia di atas 23 tahun,Menikah,Perempuan,Siang,35,28-35 th,Menunggak,Tidak,Tidak,Tidak,140.0,133.1,5,4,12.5,5,5,11.8,0.8,1.0,0.5391,Berisiko,Tinggi
JJI-01279,Enrolled,0,Social Service (kelas malam),Usia di atas 23 tahun,Lajang,Laki-laki,Malam,24,24-27 th,Lunas,Tidak,Ya,Tidak,116.5,133.1,6,4,12.25,6,4,11.5,0.667,0.667,0.298,Aman,Sedang
JJI-01280,Graduate,0,Social Service,Fase 2 - kuota umum,Lajang,Perempuan,Siang,20,≤20 th,Lunas,Tidak,Ya,Ya,113.0,120.0,6,6,11.71,6,6,12.62,1.0,1.0,0.0798,Aman,Rendah
JJI-01281,Graduate,0,Journalism & Communication,Fase 1 - kuota umum,Lajang,Laki-laki,Siang,18,≤20 th,Lunas,Tidak,Ya,Ya,133.9,143.0,6,6,13.5,6,6,13.0,1.0,1.0,0.124,Aman,Rendah
JJI-01282,Graduate,0,Nursing,Fase 1 - kuota umum,Lajang,Laki-laki,Siang,20,≤20 th,Lunas,Tidak,Ya,Ya,115.5,133.1,8,7,13.02,8,7,13.02,0.875,0.875,0.1267,Aman,Rendah
JJI-01283,Dropout,1,Tourism,Fase 2 - kuota umum,Lajang,Laki-laki,Siang,18,≤20 th,Menunggak,Tidak,Tidak,Ya,116.5,121.0,6,0,0.0,6,0,0.0,0.0,0.0,0.995,Berisiko,Sangat Tinggi
JJI-01284,Graduate,0,Informatics Engineering,Fase 1 - kuota umum,Lajang,Laki-laki,Siang,18,≤20 th,Lunas,Tidak,Ya,Tidak,171.2,168.0,5,5,17.33,5,5,18.57,1.0,1.0,0.0507,Aman,Rendah
JJI-01285,Graduate,0,Advertising & Marketing Management,Fase 1 - kuota umum,Lajang,Laki-laki,Siang,20,≤20 th,Lunas,Tidak,Ya,Tidak,119.1,124.0,5,4,11.0,5,4,11.5,0.8,0.8,0.2295,Aman,Rendah
JJI-01286,Dropout,1,Basic Education,Fase 2 - kuota umum,Lajang,Laki-laki,Siang,19,≤20 th,Lunas,Tidak,Tidak,Ya,121.1,127.0,7,6,13.67,7,6,12.5,0.857,0.857,0.4033,Aman,Sedang
JJI-01287,Enrolled,0,Communication Design,Fase 1 - kuota umum,Lajang,Laki-laki,Siang,20,≤20 th,Lunas,Tidak,Ya,Ya,132.9,129.0,6,6,11.38,6,5,13.8,1.0,0.833,0.1404,Aman,Rendah
JJI-01288,Graduate,0,Social Service,Fase 1 - kuota umum,Lajang,Laki-laki,Siang,19,≤20 th,Lunas,Tidak,Tidak,Tidak,132.8,137.0,6,6,12.83,6,6,11.83,1.0,1.0,0.0985,Aman,Rendah
JJI-01289,Graduate,0,Journalism & Communication,Fase 1 - kuota umum,Lajang,Laki-laki,Siang,20,≤20 th,Lunas,Tidak,Tidak,Ya,126.7,120.0,6,5,12.6,6,4,11.5,0.833,0.667,0.4472,Berisiko,Tinggi
JJI-01290,Graduate,0,Nursing,Fase 1 - kuota umum,Lajang,Laki-laki,Siang,22,21-23 th,Lunas,Tidak,Tidak,Ya,105.8,110.0,7,6,14.33,8,7,13.77,0.857,0.875,0.1629,Aman,Rendah
JJI-01291,Enrolled,0,Informatics Engineering,Fase 2 - kuota umum,Lajang,Laki-laki,Siang,18,≤20 th,Lunas,Tidak,Ya,Tidak,117.2,120.0,5,4,13.5,6,6,13.62,0.8,1.0,0.1158,Aman,Rendah
JJI-01292,Graduate,0,Nursing,Fase 1 - kuota umum,Lajang,Laki-laki,Siang,19,≤20 th,Lunas,Tidak,Tidak,Tidak,140.0,143.0,8,7,14.29,8,7,14.29,0.875,0.875,0.1252,Aman,Rendah
JJI-01293,Dropout,1,Agronomy,Pemegang diploma spesialisasi teknologi,Lajang,Laki-laki,Siang,22,21-23 th,Lunas,Tidak,Tidak,Tidak,120.0,120.0,6,3,11.75,6,2,10.0,0.5,0.333,0.6964,Berisiko,Tinggi
JJI-01294,Graduate,0,Informatics Engineering,Fase 2 - kuota umum,Lajang,Laki-laki,Siang,20,≤20 th,Lunas,Tidak,Tidak,Ya,119.5,124.0,5,5,14.8,5,5,17.6,1.0,1.0,0.1622,Aman,Rendah
JJI-01295,Dropout,1,Agronomy,Usia di atas 23 tahun,Menikah,Laki-laki,Siang,34,28-35 th,Menunggak,Ya,Tidak,Tidak,153.9,168.0,6,0,0.0,6,0,0.0,0.0,0.0,0.9976,Berisiko,Sangat Tinggi
JJI-01296,Dropout,1,Social Service (kelas malam),Usia di atas 23 tahun,Menikah,Laki-laki,Malam,24,24-27 th,Lunas,Tidak,Tidak,Tidak,130.0,133.1,6,1,10.0,5,0,0.0,0.167,0.0,0.9551,Berisiko,Sangat Tinggi
JJI-01297,Dropout,1,Advertising & Marketing Management,Usia di atas 23 tahun,Lajang,Laki-laki,Siang,26,24-27 th,Lunas,Tidak,Tidak,Ya,107.0,150.0,5,0,0.0,5,0,0.0,0.0,0.0,0.9802,Berisiko,Sangat Tinggi
JJI-01298,Dropout,1,Nursing,Usia di atas 23 tahun,Lajang,Laki-laki,Siang,35,28-35 th,Lunas,Tidak,Tidak,Tidak,132.8,140.0,7,4,12.6,7,5,12.38,0.571,0.714,0.5544,Berisiko,Tinggi
JJI-01299,Graduate,0,Management (kelas malam),Fase 1 - kuota umum,Lajang,Laki-laki,Malam,22,21-23 th,Lunas,Tidak,Tidak,Ya,127.5,145.0,5,5,12.43,5,5,11.8,1.0,1.0,0.2453,Aman,Rendah
JJI-01300,Enrolled,0,Tourism,Fase 3 - kuota umum,Lajang,Laki-laki,Siang,26,24-27 th,Lunas,Tidak,Tidak,Ya,123.3,118.0,6,4,10.0,6,3,12.0,0.667,0.5,0.6148,Berisiko,Tinggi
JJI-01301,Dropout,1,Management,Fase 2 - kuota umum,Lajang,Laki-laki,Siang,19,≤20 th,Lunas,Tidak,Tidak,Tidak,122.0,123.0,5,3,12.33,5,0,0.0,0.6,0.0,0.9068,Berisiko,Sangat Tinggi
JJI-01302,Dropout,1,Tourism,Fase 1 - kuota umum,Lajang,Laki-laki,Siang,19,≤20 th,Menunggak,Tidak,Tidak,Ya,114.8,120.0,6,0,0.0,6,0,0.0,0.0,0.0,0.994,Berisiko,Sangat Tinggi
JJI-01303,Graduate,0,Animation & Multimedia Design,Pemegang diploma spesialisasi teknologi,Lajang,Laki-laki,Siang,20,≤20 th,Lunas,Ya,Tidak,Tidak,140.0,140.0,0,0,0.0,0,0,0.0,,,0.669,Berisiko,Tinggi
JJI-01304,Graduate,0,Advertising & Marketing Management,Pindah institusi/prodi,Lajang,Laki-laki,Siang,21,21-23 th,Lunas,Ya,Tidak,Tidak,111.0,126.0,11,10,12.1,8,8,13.33,0.909,1.0,0.2505,Aman,Sedang
JJI-01305,Graduate,0,Journalism & Communication,Fase 1 - kuota umum,Lajang,Perempuan,Siang,19,≤20 th,Lunas,Tidak,Ya,Ya,133.2,137.0,6,6,14.71,6,6,15.0,1.0,1.0,0.0887,Aman,Rendah
JJI-01306,Graduate,0,Journalism & Communication,Fase 1 - kuota umum,Lajang,Perempuan,Siang,18,≤20 th,Lunas,Tidak,Tidak,Ya,123.0,130.0,6,6,12.67,6,6,12.83,1.0,1.0,0.1538,Aman,Rendah
JJI-01307,Graduate,0,Agronomy,Pemegang diploma short cycle,Lajang,Perempuan,Siang,23,21-23 th,Lunas,Tidak,Ya,Tidak,150.0,150.0,12,12,14.38,10,10,13.3,1.0,1.0,0.0387,Aman,Rendah
JJI-01308,Graduate,0,Management,Fase 2 - kuota umum,Lajang,Perempuan,Siang,18,≤20 th,Lunas,Tidak,Ya,Ya,132.3,147.0,5,5,13.4,5,5,12.2,1.0,1.0,0.1056,Aman,Rendah
JJI-01309,Graduate,0,Nursing,Fase 3 - kuota umum,Lajang,Perempuan,Siang,18,≤20 th,Lunas,Tidak,Tidak,Ya,126.0,140.0,8,7,13.31,8,7,13.31,0.875,0.875,0.1427,Aman,Rendah
JJI-01310,Graduate,0,Nursing,Fase 1 - kuota umum,Lajang,Perempuan,Siang,19,≤20 th,Lunas,Tidak,Tidak,Ya,119.3,132.0,8,7,11.99,8,7,11.99,0.875,0.875,0.1402,Aman,Rendah
JJI-01311,Graduate,0,Management,Pemegang diploma short cycle,Lajang,Perempuan,Siang,21,21-23 th,Lunas,Tidak,Tidak,Ya,133.8,130.0,11,11,11.55,9,8,12.89,1.0,0.889,0.1172,Aman,Rendah
JJI-01312,Graduate,0,Veterinary Nursing,Fase 1 - kuota umum,Lajang,Perempuan,Siang,18,≤20 th,Lunas,Tidak,Ya,Ya,126.5,130.0,6,6,16.46,6,6,13.88,1.0,1.0,0.0474,Aman,Rendah
JJI-01313,Graduate,0,Journalism & Communication,Fase 1 - kuota umum,Lajang,Perempuan,Siang,24,24-27 th,Lunas,Tidak,Ya,Ya,138.4,151.0,6,6,13.67,6,6,12.83,1.0,1.0,0.1211,Aman,Rendah
JJI-01314,Dropout,1,Nursing,Fase 1 - kuota umum,Lajang,Perempuan,Siang,18,≤20 th,Lunas,Tidak,Tidak,Ya,129.0,144.0,7,7,12.65,8,8,13.41,1.0,1.0,0.0726,Aman,Rendah
JJI-01315,Enrolled,0,Advertising & Marketing Management,Fase 1 - kuota umum,Lajang,Perempuan,Siang,18,≤20 th,Lunas,Tidak,Tidak,Ya,118.3,127.0,6,6,12.33,6,3,12.0,1.0,0.5,0.3602,Aman,Sedang
JJI-01316,Graduate,0,Nursing,Fase 2 - kuota umum,Lajang,Perempuan,Siang,20,≤20 th,Lunas,Tidak,Tidak,Ya,129.8,131.0,7,6,14.37,8,7,14.65,0.857,0.875,0.1433,Aman,Rendah
JJI-01317,Enrolled,0,Veterinary Nursing,Fase 2 - kuota umum,Lajang,Perempuan,Siang,19,≤20 th,Lunas,Tidak,Tidak,Ya,113.6,123.0,5,3,12.0,5,4,11.75,0.6,0.8,0.3437,Aman,Sedang
JJI-01318,Dropout,1,Journalism & Communication,Fase 1 - kuota umum,Lajang,Perempuan,Siang,18,≤20 th,Menunggak,Tidak,Ya,Ya,128.3,130.0,6,3,12.0,6,3,10.67,0.5,0.5,0.7997,Berisiko,Sangat Tinggi
JJI-01319,Dropout,1,Tourism,Pindah program studi,Lajang,Perempuan,Siang,19,≤20 th,Lunas,Tidak,Ya,Tidak,130.0,130.0,6,4,12.0,6,3,11.0,0.667,0.5,0.3178,Aman,Sedang
JJI-01320,Graduate,0,Basic Education,Fase 2 - kuota umum,Lajang,Perempuan,Siang,19,≤20 th,Lunas,Tidak,Tidak,Ya,121.9,131.0,6,5,12.6,6,5,11.2,0.833,0.833,0.3946,Aman,Sedang
JJI-01321,Graduate,0,Social Service,Fase 1 - kuota umum,Lajang,Perempuan,Siang,18,≤20 th,Lunas,Ya,Tidak,Tidak,129.4,135.0,6,6,12.17,6,6,12.33,1.0,1.0,0.1305,Aman,Rendah
JJI-01322,Enrolled,0,Basic Education,Fase 1 - kuota umum,Lajang,Perempuan,Siang,20,≤20 th,Lunas,Tidak,Tidak,Ya,115.3,123.0,7,6,13.5,7,6,14.0,0.857,0.857,0.246,Aman,Rendah
JJI-01323,Graduate,0,Nursing,Fase 1 - kuota umum,Lajang,Perempuan,Siang,18,≤20 th,Lunas,Tidak,Ya,Ya,125.5,145.0,8,8,13.76,8,8,13.76,1.0,1.0,0.0451,Aman,Rendah
JJI-01324,Graduate,0,Oral Hygiene,Fase 2 - kuota umum,Lajang,Perempuan,Siang,19,≤20 th,Lunas,Tidak,Ya,Ya,117.8,118.0,7,6,12.4,7,6,12.8,0.857,0.857,0.1698,Aman,Rendah
JJI-01325,Enrolled,0,Management,Fase 2 - kuota umum,Lajang,Perempuan,Siang,18,≤20 th,Lunas,Tidak,Tidak,Ya,118.7,125.0,5,4,10.67,5,2,12.0,0.8,0.4,0.5267,Berisiko,Tinggi
JJI-01326,Graduate,0,Nursing,Fase 1 - kuota umum,Lajang,Perempuan,Siang,18,≤20 th,Lunas,Tidak,Tidak,Ya,139.0,152.0,7,6,14.33,7,6,14.33,0.857,0.857,0.1152,Aman,Rendah
JJI-01327,Enrolled,0,Veterinary Nursing,Fase 1 - kuota umum,Lajang,Perempuan,Siang,21,21-23 th,Lunas,Tidak,Tidak,Ya,98.9,101.0,6,4,12.5,6,2,12.67,0.667,0.333,0.5056,Berisiko,Tinggi
JJI-01328,Dropout,1,Tourism,Fase 2 - kuota umum,Lajang,Perempuan,Siang,19,≤20 th,Menunggak,Ya,Tidak,Ya,137.7,137.0,6,1,10.0,6,0,0.0,0.167,0.0,0.9947,Berisiko,Sangat Tinggi
JJI-01329,Graduate,0,Nursing,Fase 1 - kuota umum,Lajang,Perempuan,Siang,21,21-23 th,Lunas,Tidak,Tidak,Ya,113.6,123.0,7,7,14.7,8,8,14.62,1.0,1.0,0.0726,Aman,Rendah
JJI-01330,Enrolled,0,Veterinary Nursing,Fase 1 - kuota umum,Lajang,Perempuan,Siang,18,≤20 th,Lunas,Tidak,Tidak,Tidak,113.4,120.0,6,4,11.5,6,3,13.75,0.667,0.5,0.3144,Aman,Sedang
JJI-01331,Graduate,0,Oral Hygiene,Fase 2 - kuota umum,Lajang,Perempuan,Siang,18,≤20 th,Lunas,Tidak,Ya,Tidak,128.5,131.0,7,7,12.86,8,8,13.91,1.0,1.0,0.0656,Aman,Rendah
JJI-01332,Graduate,0,Nursing,Fase 1 - kuota umum,Lajang,Perempuan,Siang,18,≤20 th,Lunas,Tidak,Tidak,Tidak,142.8,141.0,7,7,13.7,8,8,13.99,1.0,1.0,0.0521,Aman,Rendah
JJI-01333,Dropout,1,Equinculture,Fase 1 - kuota umum,Lajang,Perempuan,Siang,23,21-23 th,Menunggak,Tidak,Tidak,Tidak,137.7,144.0,5,0,0.0,5,1,12.0,0.0,0.2,0.9381,Berisiko,Sangat Tinggi
JJI-01334,Enrolled,0,Social Service,Fase 1 - kuota umum,Lajang,Perempuan,Siang,20,≤20 th,Lunas,Tidak,Tidak,Ya,103.5,107.0,6,3,11.2,6,4,12.0,0.5,0.667,0.292,Aman,Sedang
JJI-01335,Graduate,0,Nursing,Fase 1 - kuota umum,Lajang,Perempuan,Siang,18,≤20 th,Lunas,Tidak,Tidak,Tidak,123.2,133.0,7,7,13.29,8,8,13.33,1.0,1.0,0.0493,Aman,Rendah
JJI-01336,Enrolled,0,Basic Education,Fase 2 - kuota umum,Lajang,Perempuan,Siang,19,≤20 th,Lunas,Tidak,Tidak,Ya,126.0,126.0,6,5,13.0,6,5,10.4,0.833,0.833,0.4322,Berisiko,Tinggi
JJI-01337,Enrolled,0,Nursing,Usia di atas 23 tahun,Lajang,Perempuan,Siang,27,24-27 th,Lunas,Tidak,Ya,Tidak,121.7,133.1,7,6,12.6,7,6,11.69,0.857,0.857,0.1613,Aman,Rendah
JJI-01338,Enrolled,0,Management,Fase 2 - kuota umum,Lajang,Perempuan,Siang,19,≤20 th,Menunggak,Ya,Ya,Ya,142.8,147.0,5,5,12.8,5,4,12.0,1.0,0.8,0.5184,Berisiko,Tinggi
JJI-01339,Dropout,1,Equinculture,Pindah program studi,Lajang,Perempuan,Siang,21,21-23 th,Lunas,Tidak,Tidak,Ya,120.0,120.0,6,5,11.5,6,5,11.0,0.833,0.833,0.3572,Aman,Sedang
JJI-01340,Graduate,0,Nursing,Fase 3 - kuota umum,Lajang,Perempuan,Siang,19,≤20 th,Lunas,Tidak,Ya,Ya,119.3,130.0,8,7,11.4,8,7,11.4,0.875,0.875,0.1118,Aman,Rendah
JJI-01341,Graduate,0,Social Service,Pemegang diploma spesialisasi teknologi,Lajang,Perempuan,Siang,21,21-23 th,Lunas,Tidak,Ya,Tidak,121.0,120.0,6,6,12.33,6,6,11.33,1.0,1.0,0.0604,Aman,Rendah
JJI-01342,Graduate,0,Journalism & Communication,Fase 1 - kuota umum,Lajang,Perempuan,Siang,18,≤20 th,Lunas,Tidak,Tidak,Ya,139.4,138.0,6,5,12.8,6,4,12.2,0.833,0.667,0.3596,Aman,Sedang
JJI-01343,Graduate,0,Veterinary Nursing,Fase 2 - kuota umum,Lajang,Perempuan,Siang,20,≤20 th,Lunas,Tidak,Ya,Ya,113.9,124.0,5,5,12.0,5,4,15.0,1.0,0.8,0.1296,Aman,Rendah
JJI-01344,Graduate,0,Basic Education,Fase 1 - kuota umum,Lajang,Perempuan,Siang,18,≤20 th,Lunas,Tidak,Ya,Ya,124.6,133.0,6,5,13.0,6,5,13.5,0.833,0.833,0.184,Aman,Rendah
JJI-01345,Dropout,1,Communication Design,Fase 2 - kuota umum,Lajang,Perempuan,Siang,18,≤20 th,Menunggak,Ya,Ya,Ya,123.8,122.0,6,6,11.83,6,6,11.0,1.0,1.0,0.3936,Aman,Sedang
JJI-01346,Graduate,0,Veterinary Nursing,Fase 1 - kuota umum,Lajang,Perempuan,Siang,18,≤20 th,Lunas,Tidak,Tidak,Ya,126.3,138.0,6,6,14.0,6,6,13.33,1.0,1.0,0.1018,Aman,Rendah
JJI-01347,Graduate,0,Journalism & Communication,Fase 2 - kuota umum,Lajang,Perempuan,Siang,18,≤20 th,Lunas,Tidak,Ya,Ya,120.4,134.0,6,6,12.33,6,6,13.5,1.0,1.0,0.1453,Aman,Rendah
JJI-01348,Enrolled,0,Nursing,Fase 1 - kuota umum,Lajang,Perempuan,Siang,19,≤20 th,Lunas,Tidak,Ya,Ya,120.5,128.0,7,5,13.04,7,7,12.5,0.714,1.0,0.0869,Aman,Rendah
JJI-01349,Enrolled,0,Veterinary Nursing,Pemegang diploma short cycle,Lajang,Perempuan,Siang,23,21-23 th,Menunggak,Ya,Tidak,Ya,144.9,140.0,11,11,13.17,9,8,13.33,1.0,0.889,0.5149,Berisiko,Tinggi
JJI-01350,Graduate,0,Veterinary Nursing,Usia di atas 23 tahun,Lajang,Perempuan,Siang,24,24-27 th,Lunas,Tidak,Ya,Ya,139.9,133.1,6,6,12.5,6,6,12.83,1.0,1.0,0.0873,Aman,Rendah
JJI-01351,Graduate,0,Animation & Multimedia Design,Fase 1 - kuota umum,Lajang,Perempuan,Siang,19,≤20 th,Lunas,Tidak,Tidak,Ya,133.3,142.0,0,0,0.0,0,0,0.0,,,0.474,Berisiko,Tinggi
JJI-01352,Graduate,0,Nursing,Fase 1 - kuota umum,Lajang,Perempuan,Siang,18,≤20 th,Lunas,Tidak,Tidak,Ya,126.0,141.0,8,7,15.66,8,7,15.66,0.875,0.875,0.099,Aman,Rendah
JJI-01353,Graduate,0,Communication Design,Fase 1 - kuota umum,Lajang,Perempuan,Siang,19,≤20 th,Lunas,Tidak,Tidak,Tidak,133.5,145.0,6,6,12.17,6,6,11.33,1.0,1.0,0.1102,Aman,Rendah
JJI-01354,Dropout,1,Basic Education,Fase 2 - kuota umum,Lajang,Perempuan,Siang,19,≤20 th,Lunas,Tidak,Tidak,Ya,127.9,145.0,6,0,0.0,6,0,0.0,0.0,0.0,0.9821,Berisiko,Sangat Tinggi
JJI-01355,Enrolled,0,Social Service,Fase 1 - kuota umum,Lajang,Perempuan,Siang,20,≤20 th,Lunas,Tidak,Ya,Tidak,105.9,108.0,6,5,10.6,6,5,11.17,0.833,0.833,0.1006,Aman,Rendah
JJI-01356,Enrolled,0,Veterinary Nursing,Fase 1 - kuota umum,Lajang,Perempuan,Siang,20,≤20 th,Lunas,Tidak,Tidak,Tidak,124.3,132.0,6,6,13.43,6,5,12.67,1.0,0.833,0.1292,Aman,Rendah
JJI-01357,Dropout,1,Journalism & Communication,Usia di atas 23 tahun,Lajang,Perempuan,Siang,26,24-27 th,Lunas,Tidak,Tidak,Tidak,102.5,140.0,6,4,11.75,6,0,0.0,0.667,0.0,0.9467,Berisiko,Sangat Tinggi
JJI-01358,Dropout,1,Tourism,Usia di atas 23 tahun,Lajang,Laki-laki,Siang,36,>35 th,Menunggak,Ya,Tidak,Tidak,97.0,133.1,5,0,0.0,5,0,0.0,0.0,0.0,0.9964,Berisiko,Sangat Tinggi
JJI-01359,Dropout,1,Animation & Multimedia Design,Fase 2 - kuota umum,Lajang,Laki-laki,Siang,19,≤20 th,Menunggak,Tidak,Tidak,Tidak,134.7,128.0,0,0,0.0,0,0,0.0,,,0.8427,Berisiko,Sangat Tinggi
JJI-01360,Dropout,1,Informatics Engineering,Transfer,Lajang,Laki-laki,Siang,27,24-27 th,Menunggak,Tidak,Tidak,Tidak,113.8,120.0,5,0,0.0,5,0,0.0,0.0,0.0,0.9908,Berisiko,Sangat Tinggi
JJI-01361,Dropout,1,Informatics Engineering,Fase 1 - kuota umum,Lajang,Laki-laki,Siang,18,≤20 th,Lunas,Tidak,Tidak,Tidak,116.9,120.0,5,1,13.0,5,0,0.0,0.2,0.0,0.9342,Berisiko,Sangat Tinggi
JJI-01362,Graduate,0,Nursing,Fase 1 - kuota umum,Lajang,Laki-laki,Siang,18,≤20 th,Lunas,Tidak,Ya,Ya,124.0,139.0,8,7,13.33,8,7,13.33,0.875,0.875,0.1234,Aman,Rendah
JJI-01363,Dropout,1,Communication Design,Usia di atas 23 tahun,Lajang,Laki-laki,Siang,28,28-35 th,Lunas,Tidak,Tidak,Tidak,117.5,139.3,6,0,0.0,6,0,0.0,0.0,0.0,0.983,Berisiko,Sangat Tinggi
JJI-01364,Graduate,0,Animation & Multimedia Design,Pemegang diploma spesialisasi teknologi,Lajang,Laki-laki,Siang,21,21-23 th,Lunas,Tidak,Tidak,Ya,154.8,150.0,0,0,0.0,0,0,0.0,,,0.5775,Berisiko,Tinggi
JJI-01365,Graduate,0,Nursing,Fase 1 - kuota umum,Lajang,Laki-laki,Siang,19,≤20 th,Lunas,Tidak,Tidak,Tidak,141.0,138.0,7,6,13.7,7,6,13.7,0.857,0.857,0.1271,Aman,Rendah
JJI-01366,Dropout,1,Advertising & Marketing Management,Usia di atas 23 tahun,Lajang,Laki-laki,Siang,26,24-27 th,Menunggak,Ya,Tidak,Tidak,120.0,133.1,5,0,0.0,5,0,0.0,0.0,0.0,0.9941,Berisiko,Sangat Tinggi
JJI-01367,Dropout,1,Informatics Engineering,Pindah institusi/prodi,Lajang,Laki-laki,Siang,20,≤20 th,Lunas,Tidak,Tidak,Ya,133.6,136.0,9,9,13.45,7,6,13.88,1.0,0.857,0.2281,Aman,Rendah
JJI-01368,Graduate,0,Nursing,Fase 1 - kuota umum,Lajang,Laki-laki,Siang,19,≤20 th,Lunas,Tidak,Tidak,Ya,122.0,134.0,8,7,12.2,8,7,12.2,0.875,0.875,0.2204,Aman,Rendah
JJI-01369,Dropout,1,Management,Fase 1 - kuota umum,Lajang,Laki-laki,Siang,21,21-23 th,Lunas,Tidak,Tidak,Ya,120.0,140.0,5,3,10.0,5,4,11.0,0.6,0.8,0.3044,Aman,Sedang
JJI-01370,Graduate,0,Advertising & Marketing Management,Pemegang diploma short cycle,Lajang,Laki-laki,Siang,23,21-23 th,Lunas,Tidak,Ya,Tidak,114.2,110.0,6,5,13.0,6,6,12.86,0.833,1.0,0.1446,Aman,Rendah
JJI-01371,Graduate,0,Social Service (kelas malam),Usia di atas 23 tahun,Lajang,Laki-laki,Malam,29,28-35 th,Lunas,Tidak,Tidak,Tidak,95.5,133.1,6,6,12.0,6,6,14.0,1.0,1.0,0.172,Aman,Rendah
JJI-01372,Graduate,0,Nursing,Fase 1 - kuota umum,Lajang,Laki-laki,Siang,20,≤20 th,Lunas,Tidak,Tidak,Tidak,120.0,129.0,8,7,15.03,8,7,15.03,0.875,0.875,0.1245,Aman,Rendah
JJI-01373,Graduate,0,Social Service,Fase 1 - kuota umum,Lajang,Laki-laki,Siang,18,≤20 th,Lunas,Tidak,Tidak,Tidak,111.1,116.0,6,6,12.0,6,6,11.71,1.0,1.0,0.0994,Aman,Rendah
JJI-01374,Graduate,0,Journalism & Communication,Fase 1 - kuota umum,Lajang,Laki-laki,Siang,19,≤20 th,Lunas,Tidak,Tidak,Ya,128.6,130.0,6,5,12.0,6,5,12.4,0.833,0.833,0.2852,Aman,Sedang
JJI-01375,Dropout,1,Oral Hygiene,Pemegang gelar pendidikan tinggi lain,Lajang,Laki-laki,Siang,23,21-23 th,Menunggak,Tidak,Tidak,Tidak,130.0,130.0,7,3,13.67,8,3,11.33,0.429,0.375,0.9443,Berisiko,Sangat Tinggi
JJI-01376,Dropout,1,Animation & Multimedia Design,Fase 1 - kuota umum,Lajang,Laki-laki,Siang,21,21-23 th,Lunas,Tidak,Tidak,Tidak,111.1,116.0,0,0,0.0,0,0,0.0,,,0.5054,Berisiko,Tinggi
JJI-01377,Enrolled,0,Management,Fase 2 - kuota umum,Lajang,Laki-laki,Siang,18,≤20 th,Lunas,Tidak,Tidak,Ya,122.7,136.0,5,5,12.0,5,4,12.5,1.0,0.8,0.2539,Aman,Sedang
JJI-01378,Graduate,0,Animation & Multimedia Design,Fase 1 - kuota umum,Lajang,Laki-laki,Siang,18,≤20 th,Lunas,Tidak,Ya,Ya,134.4,147.0,0,0,0.0,0,0,0.0,,,0.4212,Berisiko,Tinggi
JJI-01379,Dropout,1,Communication Design,Fase 1 - kuota umum,Lajang,Laki-laki,Siang,21,21-23 th,Menunggak,Ya,Tidak,Ya,131.0,117.0,6,1,14.0,6,0,0.0,0.167,0.0,0.9941,Berisiko,Sangat Tinggi
JJI-01380,Dropout,1,Social Service,Pindah institusi/prodi,Lajang,Laki-laki,Siang,22,21-23 th,Lunas,Tidak,Tidak,Tidak,125.0,141.0,6,0,0.0,6,0,0.0,0.0,0.0,0.9581,Berisiko,Sangat Tinggi
JJI-01381,Graduate,0,Oral Hygiene,Fase 3 - kuota umum,Lajang,Laki-laki,Siang,21,21-23 th,Lunas,Tidak,Tidak,Ya,106.0,133.1,7,7,12.38,7,5,12.58,1.0,0.714,0.3462,Aman,Sedang
JJI-01382,Dropout,1,Nursing,Usia di atas 23 tahun,Lajang,Laki-laki,Siang,32,28-35 th,Menunggak,Tidak,Tidak,Ya,128.0,133.1,7,0,0.0,8,0,0.0,0.0,0.0,0.9973,Berisiko,Sangat Tinggi
JJI-01383,Graduate,0,Agronomy,Pemegang gelar pendidikan tinggi lain,Lajang,Laki-laki,Siang,27,24-27 th,Lunas,Tidak,Tidak,Ya,120.0,120.0,18,18,11.42,13,13,11.08,1.0,1.0,0.1647,Aman,Rendah
JJI-01384,Graduate,0,Nursing,Fase 1 - kuota umum,Lajang,Laki-laki,Siang,18,≤20 th,Lunas,Tidak,Tidak,Ya,134.8,148.0,7,6,13.35,7,6,13.35,0.857,0.857,0.155,Aman,Rendah
JJI-01385,Graduate,0,Communication Design,Usia di atas 23 tahun,Lajang,Laki-laki,Siang,24,24-27 th,Lunas,Tidak,Ya,Ya,112.0,130.0,6,6,15.0,6,2,16.0,1.0,0.333,0.3988,Aman,Sedang
JJI-01386,Dropout,1,Equinculture,Fase 1 - kuota umum,Lajang,Laki-laki,Siang,22,21-23 th,Lunas,Tidak,Tidak,Ya,116.1,120.0,5,2,10.5,5,0,0.0,0.4,0.0,0.947,Berisiko,Sangat Tinggi
JJI-01387,Dropout,1,Equinculture,Pindah program studi,Lajang,Laki-laki,Siang,22,21-23 th,Menunggak,Tidak,Tidak,Ya,120.0,120.0,6,0,0.0,4,0,0.0,0.0,0.0,0.9909,Berisiko,Sangat Tinggi
JJI-01388,Graduate,0,Management,Fase 1 - kuota umum,Lajang,Laki-laki,Siang,19,≤20 th,Lunas,Tidak,Tidak,Ya,119.7,133.0,5,5,13.25,5,5,11.83,1.0,1.0,0.1741,Aman,Rendah
JJI-01389,Dropout,1,Informatics Engineering,Fase 2 - kuota umum,Lajang,Laki-laki,Siang,19,≤20 th,Lunas,Tidak,Tidak,Ya,117.1,129.0,5,0,0.0,5,0,0.0,0.0,0.0,0.9677,Berisiko,Sangat Tinggi
JJI-01390,Enrolled,0,Veterinary Nursing,Fase 1 - kuota umum,Lajang,Laki-laki,Siang,21,21-23 th,Lunas,Tidak,Tidak,Ya,112.4,118.0,5,4,11.5,5,3,10.6,0.8,0.6,0.3891,Aman,Sedang
JJI-01391,Graduate,0,Nursing,Fase 1 - kuota umum,Lajang,Perempuan,Siang,18,≤20 th,Lunas,Tidak,Ya,Ya,131.0,140.0,8,8,13.88,8,8,13.88,1.0,1.0,0.0381,Aman,Rendah
JJI-01392,Graduate,0,Tourism,Fase 1 - kuota umum,Lajang,Perempuan,Siang,18,≤20 th,Lunas,Tidak,Tidak,Ya,130.9,127.0,6,6,11.33,6,5,12.6,1.0,0.833,0.1808,Aman,Rendah
JJI-01393,Dropout,1,Animation & Multimedia Design,Fase 1 - kuota umum,Lajang,Perempuan,Siang,20,≤20 th,Lunas,Ya,Tidak,Ya,134.9,131.0,0,0,0.0,0,0,0.0,,,0.6058,Berisiko,Tinggi
JJI-01394,Graduate,0,Social Service,Fase 2 - kuota umum,Lajang,Perempuan,Siang,19,≤20 th,Lunas,Tidak,Tidak,Ya,127.1,132.0,6,6,12.86,6,6,13.67,1.0,1.0,0.089,Aman,Rendah
JJI-01395,Graduate,0,Journalism & Communication,Fase 2 - kuota umum,Lajang,Perempuan,Siang,19,≤20 th,Lunas,Ya,Tidak,Ya,110.2,113.0,6,5,11.6,6,6,12.5,0.833,1.0,0.378,Aman,Sedang
JJI-01396,Graduate,0,Tourism,Fase 2 - kuota umum,Lajang,Perempuan,Siang,18,≤20 th,Lunas,Tidak,Ya,Ya,108.7,115.0,6,5,11.4,6,6,11.33,0.833,1.0,0.1394,Aman,Rendah
JJI-01397,Enrolled,0,Equinculture,Fase 1 - kuota umum,Lajang,Perempuan,Siang,20,≤20 th,Lunas,Tidak,Tidak,Ya,138.0,133.1,6,6,13.33,6,6,13.0,1.0,1.0,0.1487,Aman,Rendah
JJI-01398,Graduate,0,Communication Design,Pemegang diploma spesialisasi teknologi,Lajang,Perempuan,Siang,22,21-23 th,Lunas,Ya,Ya,Tidak,147.7,150.0,7,7,13.57,9,9,13.78,1.0,1.0,0.0716,Aman,Rendah
JJI-01399,Graduate,0,Oral Hygiene,Usia di atas 23 tahun,Menikah,Perempuan,Siang,31,28-35 th,Lunas,Tidak,Tidak,Tidak,123.0,133.1,7,6,11.83,7,7,12.23,0.857,1.0,0.1871,Aman,Rendah
JJI-01400,Graduate,0,Basic Education,Fase 2 - kuota umum,Lajang,Perempuan,Siang,19,≤20 th,Lunas,Tidak,Ya,Tidak,142.8,141.0,7,7,14.43,7,7,14.14,1.0,1.0,0.0997,Aman,Rendah
JJI-01401,Enrolled,0,Animation & Multimedia Design,Fase 1 - kuota umum,Lajang,Perempuan,Siang,18,≤20 th,Lunas,Tidak,Tidak,Ya,138.3,140.0,0,0,0.0,0,0,0.0,,,0.4858,Berisiko,Tinggi
JJI-01402,Graduate,0,Tourism,Fase 1 - kuota umum,Lajang,Perempuan,Siang,18,≤20 th,Lunas,Tidak,Ya,Ya,125.2,136.0,6,6,12.29,6,5,12.4,1.0,0.833,0.117,Aman,Rendah
JJI-01403,Graduate,0,Veterinary Nursing,Fase 1 - kuota umum,Lajang,Perempuan,Siang,21,21-23 th,Lunas,Tidak,Tidak,Tidak,141.8,140.0,5,5,14.4,5,5,13.8,1.0,1.0,0.0921,Aman,Rendah
JJI-01404,Graduate,0,Nursing,Fase 2 - kuota umum,Lajang,Perempuan,Siang,18,≤20 th,Lunas,Tidak,Ya,Ya,130.6,143.0,7,7,13.15,8,8,15.07,1.0,1.0,0.0595,Aman,Rendah
JJI-01405,Dropout,1,Management,Pemegang diploma spesialisasi teknologi,Lajang,Laki-laki,Siang,25,24-27 th,Menunggak,Ya,Tidak,Tidak,130.0,130.0,5,0,0.0,5,0,0.0,0.0,0.0,0.9904,Berisiko,Sangat Tinggi
JJI-01406,Dropout,1,Informatics Engineering,Mahasiswa internasional (S1),Lajang,Laki-laki,Siang,21,21-23 th,Lunas,Ya,Tidak,Tidak,100.0,133.1,5,0,0.0,6,0,0.0,0.0,0.0,0.9689,Berisiko,Sangat Tinggi
JJI-01407,Graduate,0,Nursing,Fase 3 - kuota umum,Lajang,Perempuan,Siang,19,≤20 th,Lunas,Tidak,Ya,Ya,119.0,129.0,8,7,12.34,8,7,12.34,0.875,0.875,0.1171,Aman,Rendah
JJI-01408,Enrolled,0,Journalism & Communication,Fase 1 - kuota umum,Lajang,Perempuan,Siang,19,≤20 th,Lunas,Tidak,Tidak,Ya,124.3,132.0,6,5,12.2,6,5,10.8,0.833,0.833,0.268,Aman,Sedang
JJI-01409,Dropout,1,Tourism,Fase 2 - kuota umum,Lajang,Perempuan,Siang,22,21-23 th,Lunas,Tidak,Tidak,Ya,122.2,118.0,6,4,10.5,6,1,11.0,0.667,0.167,0.7769,Berisiko,Sangat Tinggi
JJI-01410,Graduate,0,Management,Mahasiswa internasional (S1),Lajang,Laki-laki,Siang,19,≤20 th,Lunas,Tidak,Tidak,Tidak,150.0,150.0,5,5,10.6,5,5,11.6,1.0,1.0,0.1313,Aman,Rendah
JJI-01411,Dropout,1,Social Service (kelas malam),Usia di atas 23 tahun,Lajang,Perempuan,Malam,58,>35 th,Lunas,Tidak,Tidak,Tidak,135.5,133.1,6,0,0.0,6,0,0.0,0.0,0.0,0.9897,Berisiko,Sangat Tinggi
JJI-01412,Graduate,0,Social Service,Fase 1 - kuota khusus (Madeira),Lajang,Perempuan,Siang,19,≤20 th,Lunas,Tidak,Ya,Ya,127.3,122.0,6,4,11.25,6,6,12.0,0.667,1.0,0.0959,Aman,Rendah
JJI-01413,Graduate,0,Advertising & Marketing Management,Pindah program studi,Lajang,Laki-laki,Siang,23,21-23 th,Lunas,Tidak,Tidak,Ya,127.0,127.0,9,6,10.5,10,10,11.7,0.667,1.0,0.2346,Aman,Rendah
JJI-01414,Enrolled,0,Journalism & Communication,Fase 1 - kuota umum,Lajang,Perempuan,Siang,19,≤20 th,Lunas,Tidak,Ya,Ya,126.9,122.0,6,4,11.0,6,3,11.67,0.667,0.5,0.4205,Berisiko,Tinggi
JJI-01415,Graduate,0,Nursing,Fase 3 - kuota umum,Lajang,Perempuan,Siang,18,≤20 th,Lunas,Tidak,Tidak,Ya,127.5,131.0,7,7,13.46,8,8,14.51,1.0,1.0,0.0808,Aman,Rendah
JJI-01416,Graduate,0,Veterinary Nursing,Fase 1 - kuota umum,Lajang,Perempuan,Siang,20,≤20 th,Lunas,Tidak,Tidak,Tidak,122.0,130.0,5,5,12.6,5,4,12.33,1.0,0.8,0.1494,Aman,Rendah
JJI-01417,Dropout,1,Veterinary Nursing,Fase 2 - kuota umum,Lajang,Perempuan,Siang,18,≤20 th,Menunggak,Tidak,Tidak,Tidak,115.8,130.0,6,0,0.0,6,0,0.0,0.0,0.0,0.9873,Berisiko,Sangat Tinggi
JJI-01418,Graduate,0,Advertising & Marketing Management,Fase 2 - kuota umum,Lajang,Perempuan,Siang,18,≤20 th,Lunas,Tidak,Tidak,Tidak,121.6,130.0,6,6,13.67,6,5,13.6,1.0,0.833,0.187,Aman,Rendah
JJI-01419,Graduate,0,Management,Fase 2 - kuota umum,Lajang,Perempuan,Siang,18,≤20 th,Lunas,Ya,Ya,Ya,116.4,122.0,5,5,11.6,5,5,11.8,1.0,1.0,0.1953,Aman,Rendah
JJI-01420,Dropout,1,Equinculture,Usia di atas 23 tahun,Lajang,Perempuan,Siang,24,24-27 th,Lunas,Tidak,Tidak,Tidak,120.0,114.0,6,6,12.57,6,5,12.83,1.0,0.833,0.2799,Aman,Sedang
JJI-01421,Dropout,1,Basic Education,Fase 2 - kuota umum,Lajang,Perempuan,Siang,18,≤20 th,Lunas,Tidak,Tidak,Ya,127.3,143.0,6,5,11.8,6,5,11.4,0.833,0.833,0.3953,Aman,Sedang
JJI-01422,Enrolled,0,Management,Fase 1 - kuota umum,Lajang,Perempuan,Siang,19,≤20 th,Lunas,Tidak,Ya,Ya,123.5,127.0,5,5,11.6,5,3,12.67,1.0,0.6,0.1773,Aman,Rendah
JJI-01423,Graduate,0,Social Service,Fase 2 - kuota umum,Lajang,Perempuan,Siang,19,≤20 th,Lunas,Tidak,Ya,Ya,125.6,141.0,6,6,11.33,6,6,11.83,1.0,1.0,0.0797,Aman,Rendah
JJI-01424,Graduate,0,Tourism,Fase 1 - kuota umum,Lajang,Perempuan,Siang,18,≤20 th,Lunas,Tidak,Tidak,Ya,118.5,129.0,6,6,10.67,6,6,11.5,1.0,1.0,0.1165,Aman,Rendah
JJI-01425,Enrolled,0,Equinculture,Fase 1 - kuota umum,Lajang,Perempuan,Siang,18,≤20 th,Lunas,Tidak,Tidak,Ya,129.5,140.0,5,4,13.5,5,5,13.4,0.8,1.0,0.1984,Aman,Rendah
JJI-01426,Graduate,0,Animation & Multimedia Design,Fase 1 - kuota umum,Lajang,Perempuan,Siang,19,≤20 th,Lunas,Tidak,Ya,Ya,134.6,137.0,0,0,0.0,0,0,0.0,,,0.3641,Aman,Sedang
JJI-01427,Graduate,0,Veterinary Nursing,Pemegang diploma spesialisasi teknologi,Lajang,Perempuan,Siang,22,21-23 th,Lunas,Tidak,Tidak,Tidak,140.0,140.0,6,6,13.33,6,4,11.5,1.0,0.667,0.2407,Aman,Rendah
JJI-01428,Enrolled,0,Tourism,Fase 1 - kuota umum,Lajang,Perempuan,Siang,19,≤20 th,Lunas,Tidak,Tidak,Ya,133.2,143.0,6,5,13.4,6,2,13.5,0.833,0.333,0.4233,Berisiko,Tinggi
JJI-01429,Enrolled,0,Social Service,Fase 2 - kuota umum,Janda/Duda,Perempuan,Siang,21,21-23 th,Lunas,Tidak,Ya,Ya,133.5,138.0,6,3,10.2,6,4,12.25,0.5,0.667,0.2275,Aman,Rendah
JJI-01430,Graduate,0,Journalism & Communication,Fase 2 - kuota umum,Lajang,Perempuan,Siang,21,21-23 th,Lunas,Tidak,Ya,Ya,117.9,120.0,6,5,13.0,6,6,12.83,0.833,1.0,0.1467,Aman,Rendah
JJI-01431,Graduate,0,Nursing,Fase 1 - kuota umum,Lajang,Perempuan,Siang,18,≤20 th,Lunas,Tidak,Ya,Ya,128.0,144.0,8,7,12.91,8,7,12.91,0.875,0.875,0.0913,Aman,Rendah
JJI-01432,Dropout,1,Basic Education,Fase 1 - kuota umum,Lajang,Perempuan,Siang,20,≤20 th,Lunas,Tidak,Tidak,Ya,113.2,123.0,6,4,12.0,6,1,10.0,0.667,0.167,0.8341,Berisiko,Sangat Tinggi
JJI-01433,Enrolled,0,Tourism,Fase 1 - kuota umum,Lajang,Perempuan,Siang,18,≤20 th,Lunas,Tidak,Ya,Ya,122.0,129.0,6,6,10.83,6,5,11.0,1.0,0.833,0.1416,Aman,Rendah
JJI-01434,Graduate,0,Communication Design,Fase 1 - kuota khusus (Madeira),Lajang,Perempuan,Siang,19,≤20 th,Lunas,Tidak,Tidak,Ya,156.9,152.0,6,6,15.33,6,6,15.83,1.0,1.0,0.0977,Aman,Rendah
JJI-01435,Enrolled,0,Nursing,Fase 1 - kuota umum,Lajang,Perempuan,Siang,18,≤20 th,Lunas,Tidak,Ya,Ya,125.1,130.0,7,6,12.82,8,6,12.88,0.857,0.75,0.1192,Aman,Rendah
JJI-01436,Dropout,1,Management,Mahasiswa internasional (S1),Lajang,Laki-laki,Siang,26,24-27 th,Menunggak,Ya,Tidak,Tidak,100.0,133.1,7,6,13.0,6,2,14.0,0.857,0.333,0.8791,Berisiko,Sangat Tinggi
JJI-01437,Enrolled,0,Informatics Engineering,Mahasiswa internasional (S1),Lajang,Perempuan,Siang,19,≤20 th,Lunas,Ya,Tidak,Tidak,160.0,160.0,6,2,13.5,5,2,11.0,0.333,0.4,0.6902,Berisiko,Tinggi
JJI-01438,Graduate,0,Social Service (kelas malam),Usia di atas 23 tahun,Menikah,Perempuan,Malam,35,28-35 th,Lunas,Tidak,Tidak,Tidak,101.0,140.0,6,6,12.5,6,6,12.17,1.0,1.0,0.1695,Aman,Rendah
JJI-01439,Graduate,0,Advertising & Marketing Management,Fase 3 - kuota umum,Lajang,Perempuan,Siang,19,≤20 th,Lunas,Tidak,Ya,Ya,121.5,133.0,6,6,13.0,6,6,14.33,1.0,1.0,0.0964,Aman,Rendah
JJI-01440,Graduate,0,Veterinary Nursing,Fase 1 - kuota umum,Lajang,Laki-laki,Siang,18,≤20 th,Lunas,Tidak,Tidak,Ya,126.8,138.0,5,4,11.75,5,5,12.57,0.8,1.0,0.1498,Aman,Rendah
JJI-01441,Graduate,0,Advertising & Marketing Management,Fase 1 - kuota umum,Lajang,Laki-laki,Siang,19,≤20 th,Lunas,Tidak,Tidak,Tidak,132.9,142.0,5,4,12.5,5,4,14.25,0.8,0.8,0.2488,Aman,Rendah
JJI-01442,Graduate,0,Animation & Multimedia Design,Fase 1 - kuota umum,Lajang,Laki-laki,Siang,25,24-27 th,Lunas,Tidak,Tidak,Ya,134.3,115.0,17,17,11.61,17,17,12.06,1.0,1.0,0.0688,Aman,Rendah
JJI-01443,Graduate,0,Tourism,Fase 2 - kuota umum,Lajang,Laki-laki,Siang,18,≤20 th,Lunas,Tidak,Tidak,Ya,120.5,125.0,6,6,14.0,6,6,14.67,1.0,1.0,0.1936,Aman,Rendah
JJI-01444,Dropout,1,Agronomy,Fase 2 - kuota umum,Lajang,Laki-laki,Siang,26,24-27 th,Menunggak,Ya,Tidak,Ya,144.1,170.0,6,0,0.0,6,0,0.0,0.0,0.0,0.9959,Berisiko,Sangat Tinggi
JJI-01445,Graduate,0,Management (kelas malam),Pindah program studi,Lajang,Laki-laki,Malam,34,28-35 th,Lunas,Tidak,Tidak,Tidak,100.0,140.0,5,5,13.8,5,5,13.83,1.0,1.0,0.2907,Aman,Sedang
JJI-01446,Dropout,1,Tourism,Fase 1 - kuota umum,Lajang,Laki-laki,Siang,18,≤20 th,Menunggak,Tidak,Tidak,Ya,114.8,110.0,5,0,0.0,5,0,0.0,0.0,0.0,0.9866,Berisiko,Sangat Tinggi
JJI-01447,Dropout,1,Animation & Multimedia Design,Fase 1 - kuota umum,Lajang,Laki-laki,Siang,18,≤20 th,Menunggak,Tidak,Tidak,Tidak,111.9,114.0,0,0,0.0,0,0,0.0,,,0.7814,Berisiko,Sangat Tinggi
JJI-01448,Dropout,1,Informatics Engineering,Fase 2 - kuota umum,Lajang,Laki-laki,Siang,18,≤20 th,Lunas,Tidak,Ya,Ya,125.4,138.0,5,4,12.25,5,3,12.33,0.8,0.6,0.3729,Aman,Sedang
JJI-01449,Dropout,1,Agronomy,Pemegang diploma spesialisasi teknologi,Lajang,Laki-laki,Siang,20,≤20 th,Lunas,Tidak,Tidak,Tidak,140.0,140.0,6,3,11.5,6,3,13.67,0.5,0.5,0.4783,Berisiko,Tinggi
JJI-01450,Graduate,0,Communication Design,Pemegang diploma spesialisasi teknologi,Lajang,Laki-laki,Siang,25,24-27 th,Lunas,Tidak,Tidak,Tidak,140.0,140.0,7,6,12.57,9,9,12.56,0.857,1.0,0.1288,Aman,Rendah
JJI-01451,Dropout,1,Equinculture,Fase 2 - kuota umum,Lajang,Laki-laki,Siang,18,≤20 th,Lunas,Tidak,Tidak,Tidak,127.8,132.0,6,6,12.0,6,5,12.17,1.0,0.833,0.2993,Aman,Sedang
JJI-01452,Graduate,0,Agronomy,Fase 1 - kuota umum,Lajang,Laki-laki,Siang,19,≤20 th,Lunas,Tidak,Tidak,Ya,131.6,148.0,12,11,12.0,12,12,12.31,0.917,1.0,0.092,Aman,Rendah
JJI-01453,Dropout,1,Animation & Multimedia Design,Fase 1 - kuota umum,Lajang,Laki-laki,Siang,20,≤20 th,Lunas,Tidak,Tidak,Ya,119.4,132.0,0,0,0.0,0,0,0.0,,,0.5616,Berisiko,Tinggi
JJI-01454,Graduate,0,Social Service,Fase 3 - kuota umum,Lajang,Laki-laki,Siang,20,≤20 th,Lunas,Tidak,Ya,Ya,129.9,126.0,7,6,12.0,6,6,11.17,0.857,1.0,0.1201,Aman,Rendah
JJI-01455,Enrolled,0,Informatics Engineering,Fase 1 - kuota umum,Lajang,Laki-laki,Siang,20,≤20 th,Lunas,Tidak,Tidak,Tidak,114.0,121.0,5,4,11.6,5,4,12.25,0.8,0.8,0.2382,Aman,Rendah
JJI-01456,Dropout,1,Management,Fase 1 - kuota umum,Lajang,Laki-laki,Siang,19,≤20 th,Lunas,Tidak,Ya,Ya,113.4,120.0,5,0,0.0,5,0,0.0,0.0,0.0,0.9001,Berisiko,Sangat Tinggi
JJI-01457,Enrolled,0,Management,Fase 1 - kuota umum,Lajang,Laki-laki,Siang,20,≤20 th,Lunas,Tidak,Tidak,Tidak,117.8,123.0,5,5,12.0,5,4,13.0,1.0,0.8,0.198,Aman,Rendah
JJI-01458,Enrolled,0,Nursing,Fase 1 - kuota umum,Lajang,Laki-laki,Siang,18,≤20 th,Lunas,Tidak,Tidak,Ya,114.3,122.0,7,6,13.98,8,6,12.04,0.857,0.75,0.2963,Aman,Sedang
JJI-01459,Enrolled,0,Advertising & Marketing Management,Fase 1 - kuota umum,Lajang,Laki-laki,Siang,19,≤20 th,Lunas,Tidak,Tidak,Ya,129.7,136.0,6,4,12.5,6,1,10.0,0.667,0.167,0.7826,Berisiko,Sangat Tinggi
JJI-01460,Dropout,1,Management,Fase 3 - kuota umum,Lajang,Laki-laki,Siang,20,≤20 th,Menunggak,Tidak,Tidak,Ya,112.0,119.0,5,0,0.0,5,0,0.0,0.0,0.0,0.9867,Berisiko,Sangat Tinggi
JJI-01461,Dropout,1,Advertising & Marketing Management,Usia di atas 23 tahun,Lajang,Laki-laki,Siang,24,24-27 th,Lunas,Tidak,Tidak,Tidak,140.0,120.0,6,4,10.5,6,4,12.5,0.667,0.667,0.514,Berisiko,Tinggi
JJI-01462,Graduate,0,Agronomy,Pemegang diploma spesialisasi teknologi,Lajang,Laki-laki,Siang,20,≤20 th,Lunas,Tidak,Tidak,Ya,150.0,150.0,6,5,12.86,6,6,12.3,0.833,1.0,0.1625,Aman,Rendah
JJI-01463,Enrolled,0,Advertising & Marketing Management,Fase 1 - kuota umum,Lajang,Laki-laki,Siang,19,≤20 th,Lunas,Tidak,Tidak,Ya,122.4,121.0,5,3,11.67,5,4,12.0,0.6,0.8,0.362,Aman,Sedang
JJI-01464,Dropout,1,Informatics Engineering,Pindah institusi/prodi,Lajang,Laki-laki,Siang,23,21-23 th,Lunas,Tidak,Tidak,Tidak,150.0,140.0,5,2,13.0,5,1,10.0,0.4,0.2,0.7537,Berisiko,Sangat Tinggi
JJI-01465,Enrolled,0,Tourism,Fase 2 - kuota umum,Lajang,Laki-laki,Siang,20,≤20 th,Lunas,Tidak,Tidak,Ya,135.0,135.0,6,6,11.83,6,5,10.4,1.0,0.833,0.3629,Aman,Sedang
JJI-01466,Graduate,0,Social Service (kelas malam),Pindah program studi,Lajang,Laki-laki,Malam,21,21-23 th,Lunas,Tidak,Tidak,Tidak,116.2,116.0,11,11,12.45,11,8,12.75,1.0,0.727,0.2115,Aman,Rendah
JJI-01467,Dropout,1,Informatics Engineering,Fase 2 - kuota umum,Lajang,Laki-laki,Siang,20,≤20 th,Lunas,Tidak,Tidak,Ya,120.4,120.0,5,3,11.0,5,0,0.0,0.6,0.0,0.9273,Berisiko,Sangat Tinggi
JJI-01468,Enrolled,0,Informatics Engineering,Fase 2 - kuota umum,Menikah,Laki-laki,Siang,21,21-23 th,Lunas,Tidak,Tidak,Ya,122.9,126.0,5,4,13.2,5,4,14.25,0.8,0.8,0.3515,Aman,Sedang
JJI-01469,Graduate,0,Journalism & Communication,Fase 1 - kuota umum,Lajang,Laki-laki,Siang,18,≤20 th,Lunas,Tidak,Ya,Tidak,155.0,170.0,6,6,15.5,6,6,14.17,1.0,1.0,0.0921,Aman,Rendah
JJI-01470,Graduate,0,Tourism,Fase 1 - kuota umum,Lajang,Laki-laki,Siang,18,≤20 th,Lunas,Tidak,Tidak,Ya,123.4,123.0,6,6,12.33,6,6,13.67,1.0,1.0,0.1399,Aman,Rendah
JJI-01471,Enrolled,0,Management,Fase 2 - kuota umum,Lajang,Laki-laki,Siang,18,≤20 th,Lunas,Tidak,Tidak,Ya,124.2,120.0,5,5,12.0,5,4,11.4,1.0,0.8,0.2839,Aman,Sedang
JJI-01472,Enrolled,0,Agronomy,Pemegang diploma spesialisasi teknologi,Lajang,Laki-laki,Siang,20,≤20 th,Lunas,Tidak,Tidak,Ya,130.0,130.0,6,4,11.6,6,5,11.5,0.667,0.833,0.2886,Aman,Sedang
JJI-01473,Graduate,0,Journalism & Communication,Fase 2 - kuota umum,Lajang,Laki-laki,Siang,18,≤20 th,Lunas,Tidak,Ya,Tidak,126.2,130.0,6,6,11.33,6,6,12.29,1.0,1.0,0.1315,Aman,Rendah
JJI-01474,Dropout,1,Journalism & Communication,Fase 2 - kuota umum,Lajang,Laki-laki,Siang,19,≤20 th,Lunas,Tidak,Tidak,Ya,120.5,117.0,6,0,0.0,6,0,0.0,0.0,0.0,0.9778,Berisiko,Sangat Tinggi
JJI-01475,Enrolled,0,Informatics Engineering,Fase 2 - kuota umum,Lajang,Laki-laki,Siang,20,≤20 th,Lunas,Tidak,Tidak,Ya,123.7,131.0,5,4,12.0,5,2,12.5,0.8,0.4,0.5612,Berisiko,Tinggi
JJI-01476,Graduate,0,Equinculture,Fase 2 - kuota umum,Lajang,Laki-laki,Siang,19,≤20 th,Lunas,Tidak,Tidak,Tidak,122.5,130.0,5,4,12.0,5,5,12.6,0.8,1.0,0.3076,Aman,Sedang
JJI-01477,Dropout,1,Management (kelas malam),Usia di atas 23 tahun,Lajang,Laki-laki,Malam,33,28-35 th,Lunas,Ya,Tidak,Ya,139.2,133.0,5,2,12.5,5,2,11.5,0.4,0.4,0.8742,Berisiko,Sangat Tinggi
JJI-01478,Graduate,0,Animation & Multimedia Design,Pindah institusi/prodi,Lajang,Laki-laki,Siang,21,21-23 th,Lunas,Tidak,Tidak,Ya,131.2,128.0,12,12,13.67,11,11,13.0,1.0,1.0,0.1087,Aman,Rendah
JJI-01479,Dropout,1,Agronomy,Usia di atas 23 tahun,Menikah,Laki-laki,Siang,25,24-27 th,Menunggak,Ya,Tidak,Tidak,120.0,133.1,6,2,14.5,6,0,0.0,0.333,0.0,0.9923,Berisiko,Sangat Tinggi
JJI-01480,Dropout,1,Veterinary Nursing,Fase 1 - kuota umum,Lajang,Laki-laki,Siang,20,≤20 th,Lunas,Tidak,Ya,Ya,116.7,123.0,6,4,13.2,6,0,0.0,0.667,0.0,0.8723,Berisiko,Sangat Tinggi
JJI-01481,Dropout,1,Veterinary Nursing,Pemegang diploma short cycle,Lajang,Laki-laki,Siang,22,21-23 th,Lunas,Tidak,Ya,Ya,150.0,150.0,7,5,12.17,8,5,14.8,0.714,0.625,0.2352,Aman,Rendah
JJI-01482,Graduate,0,Journalism & Communication,Usia di atas 23 tahun,Bercerai,Perempuan,Siang,39,>35 th,Lunas,Tidak,Tidak,Tidak,117.5,133.1,6,4,11.25,6,6,11.33,0.667,1.0,0.3528,Aman,Sedang
JJI-01483,Graduate,0,Advertising & Marketing Management,Fase 1 - kuota umum,Lajang,Laki-laki,Siang,21,21-23 th,Lunas,Tidak,Ya,Ya,137.6,140.0,6,6,15.17,6,6,14.43,1.0,1.0,0.1191,Aman,Rendah
JJI-01484,Graduate,0,Tourism,Fase 2 - kuota umum,Lajang,Perempuan,Siang,19,≤20 th,Lunas,Tidak,Ya,Tidak,124.3,126.0,6,6,11.17,6,4,13.4,1.0,0.667,0.1802,Aman,Rendah
JJI-01485,Graduate,0,Nursing,Usia di atas 23 tahun,Lajang,Perempuan,Siang,26,24-27 th,Lunas,Tidak,Ya,Tidak,116.0,133.1,7,6,10.98,7,6,10.98,0.857,0.857,0.1677,Aman,Rendah
JJI-01486,Graduate,0,Social Service,Fase 3 - kuota umum,Lajang,Perempuan,Siang,19,≤20 th,Lunas,Tidak,Ya,Ya,121.4,121.0,6,4,10.75,6,5,11.5,0.667,0.833,0.1778,Aman,Rendah
JJI-01487,Graduate,0,Veterinary Nursing,Pemegang diploma short cycle,Lajang,Perempuan,Siang,20,≤20 th,Menunggak,Tidak,Ya,Ya,142.8,140.0,12,11,13.38,9,7,14.29,0.917,0.778,0.3675,Aman,Sedang
JJI-01488,Enrolled,0,Advertising & Marketing Management,Fase 2 - kuota umum,Lajang,Perempuan,Siang,25,24-27 th,Lunas,Tidak,Ya,Ya,96.0,133.1,6,6,11.29,6,5,12.2,1.0,0.833,0.1984,Aman,Rendah
JJI-01489,Dropout,1,Social Service (kelas malam),Pindah program studi,Lajang,Laki-laki,Malam,24,24-27 th,Lunas,Tidak,Tidak,Tidak,125.0,131.0,6,0,0.0,6,0,0.0,0.0,0.0,0.9622,Berisiko,Sangat Tinggi
JJI-01490,Graduate,0,Informatics Engineering,Fase 2 - kuota umum,Lajang,Laki-laki,Siang,20,≤20 th,Lunas,Tidak,Tidak,Ya,126.1,124.0,5,4,13.0,5,5,14.83,0.8,1.0,0.2628,Aman,Sedang
JJI-01491,Graduate,0,Agronomy,Usia di atas 23 tahun,Menikah,Laki-laki,Siang,29,28-35 th,Lunas,Tidak,Tidak,Tidak,155.8,120.0,6,6,16.11,6,6,13.5,1.0,1.0,0.1604,Aman,Rendah
JJI-01492,Graduate,0,Journalism & Communication,Fase 1 - kuota umum,Lajang,Laki-laki,Siang,20,≤20 th,Lunas,Tidak,Tidak,Tidak,116.0,133.1,6,6,11.5,6,6,11.0,1.0,1.0,0.2,Aman,Rendah
JJI-01493,Dropout,1,Equinculture,Pemegang diploma spesialisasi teknologi,Lajang,Laki-laki,Siang,20,≤20 th,Lunas,Tidak,Tidak,Ya,110.0,110.0,6,4,10.75,6,2,10.5,0.667,0.333,0.7744,Berisiko,Sangat Tinggi
JJI-01494,Graduate,0,Advertising & Marketing Management,Usia di atas 23 tahun,Lajang,Laki-laki,Siang,24,24-27 th,Lunas,Tidak,Ya,Ya,97.2,133.1,6,4,11.6,6,5,13.0,0.667,0.833,0.3463,Aman,Sedang
JJI-01495,Dropout,1,Nursing,Usia di atas 23 tahun,Lajang,Laki-laki,Siang,24,24-27 th,Lunas,Ya,Tidak,Tidak,100.0,133.1,7,0,0.0,7,0,0.0,0.0,0.0,0.9916,Berisiko,Sangat Tinggi
JJI-01496,Graduate,0,Informatics Engineering,Pemegang gelar pendidikan tinggi lain,Lajang,Laki-laki,Siang,23,21-23 th,Lunas,Tidak,Tidak,Tidak,140.0,140.0,5,5,13.8,5,5,14.14,1.0,1.0,0.2023,Aman,Rendah
JJI-01497,Graduate,0,Oral Hygiene,Pindah program studi,Lajang,Laki-laki,Siang,20,≤20 th,Lunas,Tidak,Tidak,Ya,128.0,130.0,7,7,13.59,8,8,14.69,1.0,1.0,0.1207,Aman,Rendah
JJI-01498,Graduate,0,Advertising & Marketing Management,Fase 2 - kuota umum,Lajang,Laki-laki,Siang,19,≤20 th,Lunas,Tidak,Tidak,Ya,115.3,110.0,6,6,13.86,6,5,13.0,1.0,0.833,0.2989,Aman,Sedang
JJI-01499,Enrolled,0,Agronomy,Usia di atas 23 tahun,Bercerai,Laki-laki,Siang,28,28-35 th,Lunas,Tidak,Tidak,Tidak,150.0,140.0,6,5,12.0,6,6,12.33,0.833,1.0,0.2092,Aman,Rendah
JJI-01500,Graduate,0,Agronomy,Pemegang diploma spesialisasi teknologi,Lajang,Laki-laki,Siang,20,≤20 th,Lunas,Tidak,Ya,Ya,160.0,160.0,6,6,13.44,6,5,12.6,1.0,0.833,0.1454,Aman,Rendah
JJI-01501,Graduate,0,Communication Design,Fase 1 - kuota umum,Lajang,Laki-laki,Siang,18,≤20 th,Lunas,Tidak,Tidak,Tidak,133.1,138.0,6,6,14.0,6,6,13.86,1.0,1.0,0.0963,Aman,Rendah
JJI-01502,Dropout,1,Advertising & Marketing Management,Fase 1 - kuota umum,Lajang,Laki-laki,Siang,20,≤20 th,Lunas,Ya,Tidak,Ya,119.0,126.0,6,1,12.0,6,0,0.0,0.167,0.0,0.9766,Berisiko,Sangat Tinggi
JJI-01503,Graduate,0,Management (kelas malam),Usia di atas 23 tahun,Menikah,Laki-laki,Malam,33,28-35 th,Lunas,Tidak,Tidak,Ya,156.0,120.0,5,5,14.2,5,5,13.83,1.0,1.0,0.3026,Aman,Sedang
JJI-01504,Enrolled,0,Nursing,Usia di atas 23 tahun,Menikah,Perempuan,Siang,35,28-35 th,Lunas,Tidak,Tidak,Tidak,163.7,130.0,7,5,13.34,7,5,10.84,0.714,0.714,0.4026,Aman,Sedang
JJI-01505,Enrolled,0,Nursing,Usia di atas 23 tahun,Lajang,Perempuan,Siang,27,24-27 th,Lunas,Tidak,Tidak,Tidak,130.0,130.0,8,7,12.46,8,7,12.46,0.875,0.875,0.1873,Aman,Rendah
JJI-01506,Dropout,1,Journalism & Communication,Fase 2 - kuota umum,Lajang,Perempuan,Siang,19,≤20 th,Menunggak,Tidak,Tidak,Ya,123.1,122.0,6,3,11.0,6,3,12.0,0.5,0.5,0.885,Berisiko,Sangat Tinggi
JJI-01507,Enrolled,0,Management (kelas malam),Usia di atas 23 tahun,Lajang,Perempuan,Malam,31,28-35 th,Lunas,Tidak,Ya,Tidak,160.0,160.0,5,4,10.5,5,4,10.5,0.8,0.8,0.3166,Aman,Sedang
JJI-01508,Graduate,0,Animation & Multimedia Design,Fase 1 - kuota umum,Lajang,Laki-laki,Siang,19,≤20 th,Lunas,Tidak,Tidak,Ya,136.1,134.0,0,0,0.0,0,0,0.0,,,0.5229,Berisiko,Tinggi
JJI-01509,Graduate,0,Communication Design,Pindah program studi,Lajang,Laki-laki,Siang,22,21-23 th,Lunas,Tidak,Tidak,Ya,132.7,134.0,13,13,14.0,12,12,13.0,1.0,1.0,0.0975,Aman,Rendah
JJI-01510,Dropout,1,Nursing,Pindah program studi,Lajang,Perempuan,Siang,39,>35 th,Lunas,Tidak,Tidak,Tidak,128.2,140.0,7,0,0.0,8,0,0.0,0.0,0.0,0.9869,Berisiko,Sangat Tinggi
JJI-01511,Dropout,1,Tourism,Fase 2 - kuota umum,Lajang,Laki-laki,Siang,22,21-23 th,Menunggak,Tidak,Tidak,Ya,126.7,127.0,1,0,0.0,6,0,0.0,0.0,0.0,0.9835,Berisiko,Sangat Tinggi
JJI-01512,Enrolled,0,Management (kelas malam),Usia di atas 23 tahun,Menikah,Laki-laki,Malam,47,>35 th,Lunas,Tidak,Tidak,Tidak,150.0,133.1,5,4,10.0,5,4,12.5,0.8,0.8,0.5921,Berisiko,Tinggi
JJI-01513,Graduate,0,Animation & Multimedia Design,Fase 2 - kuota umum,Lajang,Laki-laki,Siang,19,≤20 th,Lunas,Tidak,Ya,Ya,156.3,143.0,0,0,0.0,0,0,0.0,,,0.5509,Berisiko,Tinggi
JJI-01514,Graduate,0,Tourism,Ordinance No. 854-B/99,Lajang,Perempuan,Siang,19,≤20 th,Lunas,Tidak,Tidak,Ya,116.1,115.0,6,6,13.5,6,6,14.33,1.0,1.0,0.1185,Aman,Rendah
JJI-01515,Dropout,1,Nursing,Fase 2 - kuota umum,Lajang,Perempuan,Siang,19,≤20 th,Lunas,Tidak,Tidak,Ya,123.8,131.0,7,0,0.0,8,0,0.0,0.0,0.0,0.983,Berisiko,Sangat Tinggi
JJI-01516,Graduate,0,Animation & Multimedia Design,Fase 1 - kuota umum,Lajang,Perempuan,Siang,21,21-23 th,Lunas,Tidak,Ya,Ya,153.0,146.0,17,17,13.39,17,17,14.89,1.0,1.0,0.0177,Aman,Rendah
JJI-01517,Dropout,1,Nursing,Pemegang gelar pendidikan tinggi lain,Lajang,Perempuan,Siang,39,>35 th,Menunggak,Tidak,Tidak,Ya,140.0,140.0,7,0,0.0,8,0,0.0,0.0,0.0,0.9977,Berisiko,Sangat Tinggi
JJI-01518,Graduate,0,Animation & Multimedia Design,Fase 2 - kuota umum,Lajang,Laki-laki,Siang,19,≤20 th,Lunas,Tidak,Tidak,Ya,131.9,135.0,12,12,13.58,11,11,13.58,1.0,1.0,0.1125,Aman,Rendah
JJI-01519,Enrolled,0,Animation & Multimedia Design,Fase 1 - kuota umum,Lajang,Laki-laki,Siang,20,≤20 th,Lunas,Tidak,Ya,Tidak,141.4,133.0,0,0,0.0,0,0,0.0,,,0.3961,Aman,Sedang
JJI-01520,Dropout,1,Management,Usia di atas 23 tahun,Lajang,Laki-laki,Siang,24,24-27 th,Menunggak,Ya,Tidak,Ya,140.0,133.1,5,0,0.0,5,0,0.0,0.0,0.0,0.995,Berisiko,Sangat Tinggi
JJI-01521,Dropout,1,Management (kelas malam),Usia di atas 23 tahun,Lajang,Laki-laki,Malam,27,24-27 th,Lunas,Tidak,Tidak,Ya,115.0,120.0,5,1,10.0,5,0,0.0,0.2,0.0,0.9663,Berisiko,Sangat Tinggi
JJI-01522,Graduate,0,Management (kelas malam),Usia di atas 23 tahun,Menikah,Laki-laki,Malam,29,28-35 th,Lunas,Tidak,Tidak,Tidak,168.0,133.1,5,5,15.2,5,5,15.2,1.0,1.0,0.2011,Aman,Rendah
JJI-01523,Dropout,1,Veterinary Nursing,Fase 2 - kuota umum,Lajang,Laki-laki,Siang,20,≤20 th,Lunas,Tidak,Tidak,Ya,101.3,130.0,6,4,12.8,6,0,0.0,0.667,0.0,0.9485,Berisiko,Sangat Tinggi
JJI-01524,Dropout,1,Advertising & Marketing Management,Fase 1 - kuota umum,Lajang,Laki-laki,Siang,21,21-23 th,Lunas,Tidak,Tidak,Tidak,122.6,125.0,5,5,11.17,5,4,11.0,1.0,0.8,0.2592,Aman,Sedang
JJI-01525,Enrolled,0,Animation & Multimedia Design,Fase 1 - kuota umum,Lajang,Laki-laki,Siang,18,≤20 th,Lunas,Tidak,Tidak,Ya,141.7,134.0,0,0,0.0,0,0,0.0,,,0.5633,Berisiko,Tinggi
JJI-01526,Graduate,0,Nursing,Fase 1 - kuota umum,Lajang,Laki-laki,Siang,19,≤20 th,Lunas,Tidak,Tidak,Tidak,132.3,151.0,8,7,12.83,8,7,12.83,0.875,0.875,0.1469,Aman,Rendah
JJI-01527,Dropout,1,Journalism & Communication,Fase 2 - kuota umum,Lajang,Laki-laki,Siang,19,≤20 th,Menunggak,Ya,Tidak,Tidak,111.7,112.0,6,6,12.5,6,4,12.6,1.0,0.667,0.8035,Berisiko,Sangat Tinggi
JJI-01528,Graduate,0,Informatics Engineering,Usia di atas 23 tahun,Lajang,Laki-laki,Siang,28,28-35 th,Lunas,Tidak,Ya,Tidak,98.7,120.0,5,3,10.0,5,3,12.4,0.6,0.6,0.4723,Berisiko,Tinggi
JJI-01529,Graduate,0,Tourism,Mahasiswa internasional (S1),Lajang,Perempuan,Siang,21,21-23 th,Menunggak,Tidak,Tidak,Ya,140.0,140.0,6,6,11.5,6,4,13.25,1.0,0.667,0.5401,Berisiko,Tinggi
JJI-01530,Dropout,1,Nursing,Ordinance No. 854-B/99,Lajang,Perempuan,Siang,23,21-23 th,Menunggak,Ya,Tidak,Ya,140.0,140.0,8,7,11.33,8,7,11.33,0.875,0.875,0.6048,Berisiko,Tinggi
JJI-01531,Enrolled,0,Agronomy,Usia di atas 23 tahun,Bercerai,Perempuan,Siang,39,>35 th,Lunas,Tidak,Tidak,Tidak,100.7,133.1,6,2,13.0,6,3,13.0,0.333,0.5,0.6609,Berisiko,Tinggi
JJI-01532,Graduate,0,Nursing,Fase 2 - kuota umum,Lajang,Perempuan,Siang,18,≤20 th,Lunas,Tidak,Tidak,Ya,133.8,143.0,7,6,13.03,7,6,13.03,0.857,0.857,0.1807,Aman,Rendah
JJI-01533,Graduate,0,Journalism & Communication,Mahasiswa internasional (S1),Menikah,Perempuan,Siang,59,>35 th,Lunas,Tidak,Tidak,Tidak,100.0,133.1,6,6,12.17,6,4,11.75,1.0,0.667,0.6557,Berisiko,Tinggi
JJI-01534,Enrolled,0,Informatics Engineering,Pemegang gelar pendidikan tinggi lain,Lajang,Laki-laki,Siang,30,28-35 th,Lunas,Ya,Tidak,Tidak,180.0,180.0,5,4,14.5,5,3,16.2,0.8,0.6,0.5729,Berisiko,Tinggi
JJI-01535,Graduate,0,Veterinary Nursing,Fase 1 - kuota umum,Lajang,Perempuan,Siang,18,≤20 th,Lunas,Tidak,Tidak,Ya,130.8,136.0,5,5,14.4,5,5,13.6,1.0,1.0,0.0899,Aman,Rendah
JJI-01536,Enrolled,0,Management (kelas malam),Pemegang diploma spesialisasi teknologi,Menikah,Perempuan,Malam,41,>35 th,Lunas,Tidak,Tidak,Tidak,140.0,140.0,6,4,12.25,7,6,12.5,0.667,0.857,0.3658,Aman,Sedang
JJI-01537,Dropout,1,Nursing,Usia di atas 23 tahun,Lajang,Perempuan,Siang,27,24-27 th,Lunas,Tidak,Tidak,Ya,106.2,130.0,7,0,0.0,7,0,0.0,0.0,0.0,0.9822,Berisiko,Sangat Tinggi
JJI-01538,Graduate,0,Social Service,Fase 1 - kuota umum,Lajang,Perempuan,Siang,18,≤20 th,Lunas,Tidak,Ya,Ya,125.6,141.0,6,6,12.67,6,6,12.0,1.0,1.0,0.0559,Aman,Rendah
JJI-01539,Dropout,1,Basic Education,Fase 3 - kuota umum,Lajang,Perempuan,Siang,20,≤20 th,Menunggak,Ya,Tidak,Ya,117.5,121.0,6,2,12.0,6,3,11.67,0.333,0.5,0.957,Berisiko,Sangat Tinggi
JJI-01540,Dropout,1,Informatics Engineering,Usia di atas 23 tahun,Menikah,Perempuan,Siang,32,28-35 th,Menunggak,Tidak,Tidak,Tidak,122.5,120.0,5,0,0.0,5,0,0.0,0.0,0.0,0.9884,Berisiko,Sangat Tinggi
JJI-01541,Dropout,1,Management,Fase 2 - kuota umum,Lajang,Perempuan,Siang,19,≤20 th,Lunas,Tidak,Tidak,Ya,132.9,129.0,5,3,11.67,5,4,10.8,0.6,0.8,0.3056,Aman,Sedang
JJI-01542,Dropout,1,Basic Education,Usia di atas 23 tahun,Menikah,Perempuan,Siang,41,>35 th,Lunas,Tidak,Tidak,Tidak,103.0,133.1,6,0,0.0,6,0,0.0,0.0,0.0,0.9865,Berisiko,Sangat Tinggi
JJI-01543,Dropout,1,Social Service (kelas malam),Fase 2 - kuota umum,Bercerai,Perempuan,Malam,38,>35 th,Lunas,Tidak,Tidak,Tidak,107.0,100.0,5,1,10.0,5,0,0.0,0.2,0.0,0.9431,Berisiko,Sangat Tinggi
JJI-01544,Dropout,1,Equinculture,Pemegang gelar pendidikan tinggi lain,Lajang,Laki-laki,Siang,35,28-35 th,Lunas,Tidak,Tidak,Tidak,100.0,133.1,7,0,0.0,6,0,0.0,0.0,0.0,0.9919,Berisiko,Sangat Tinggi
JJI-01545,Dropout,1,Social Service (kelas malam),Usia di atas 23 tahun,Lajang,Perempuan,Malam,27,24-27 th,Lunas,Tidak,Tidak,Ya,100.0,133.1,6,4,12.25,6,3,12.0,0.667,0.5,0.5312,Berisiko,Tinggi
JJI-01546,Graduate,0,Communication Design,Fase 2 - kuota umum,Lajang,Perempuan,Siang,19,≤20 th,Lunas,Tidak,Tidak,Ya,131.3,139.0,6,4,12.0,6,6,12.5,0.667,1.0,0.2033,Aman,Rendah
JJI-01547,Enrolled,0,Journalism & Communication,Fase 3 - kuota umum,Lajang,Perempuan,Siang,18,≤20 th,Menunggak,Tidak,Tidak,Tidak,122.2,125.0,6,5,12.6,6,5,11.8,0.833,0.833,0.5867,Berisiko,Tinggi
JJI-01548,Dropout,1,Management (kelas malam),Usia di atas 23 tahun,Menikah,Perempuan,Malam,39,>35 th,Menunggak,Tidak,Tidak,Tidak,118.4,133.1,5,0,0.0,5,0,0.0,0.0,0.0,0.9931,Berisiko,Sangat Tinggi
JJI-01549,Dropout,1,Tourism,Pemegang gelar pendidikan tinggi lain,Menikah,Perempuan,Siang,37,>35 th,Menunggak,Tidak,Tidak,Tidak,100.0,100.0,5,0,0.0,5,0,0.0,0.0,0.0,0.9921,Berisiko,Sangat Tinggi
JJI-01550,Dropout,1,Nursing,Usia di atas 23 tahun,Kumpul kebo,Perempuan,Siang,37,>35 th,Menunggak,Tidak,Tidak,Tidak,110.0,110.0,8,0,0.0,8,0,0.0,0.0,0.0,0.9978,Berisiko,Sangat Tinggi
JJI-01551,Graduate,0,Social Service (kelas malam),Pindah program studi,Menikah,Perempuan,Malam,35,28-35 th,Lunas,Tidak,Ya,Tidak,100.0,133.1,16,16,12.69,13,13,12.0,1.0,1.0,0.051,Aman,Rendah
JJI-01552,Graduate,0,Management,Pindah program studi,Lajang,Perempuan,Siang,49,>35 th,Lunas,Tidak,Tidak,Tidak,106.2,123.0,13,10,10.4,9,6,10.67,0.769,0.667,0.7229,Berisiko,Tinggi
JJI-01553,Graduate,0,Management,Pemegang gelar pendidikan tinggi lain,Lajang,Perempuan,Siang,52,>35 th,Lunas,Tidak,Tidak,Tidak,110.0,110.0,15,14,10.47,12,12,10.92,0.933,1.0,0.3168,Aman,Sedang
JJI-01554,Graduate,0,Veterinary Nursing,Fase 1 - kuota umum,Lajang,Perempuan,Siang,18,≤20 th,Lunas,Tidak,Tidak,Ya,122.3,130.0,5,5,14.33,5,5,13.0,1.0,1.0,0.1164,Aman,Rendah
JJI-01555,Graduate,0,Social Service (kelas malam),Usia di atas 23 tahun,Lajang,Perempuan,Malam,30,28-35 th,Lunas,Tidak,Ya,Tidak,112.5,133.1,7,6,14.67,6,6,14.33,0.857,1.0,0.0989,Aman,Rendah
JJI-01556,Graduate,0,Nursing,Fase 1 - kuota umum,Lajang,Perempuan,Siang,21,21-23 th,Lunas,Tidak,Tidak,Ya,98.1,97.0,7,7,12.84,8,8,14.23,1.0,1.0,0.0607,Aman,Rendah
JJI-01557,Dropout,1,Informatics Engineering,Fase 1 - kuota umum,Lajang,Laki-laki,Siang,20,≤20 th,Lunas,Tidak,Tidak,Ya,140.2,130.0,5,0,0.0,5,0,0.0,0.0,0.0,0.9423,Berisiko,Sangat Tinggi
JJI-01558,Enrolled,0,Management,Fase 2 - kuota umum,Lajang,Laki-laki,Siang,18,≤20 th,Lunas,Ya,Tidak,Ya,143.6,139.0,5,0,0.0,5,0,0.0,0.0,0.0,0.965,Berisiko,Sangat Tinggi
JJI-01559,Dropout,1,Animation & Multimedia Design,Fase 1 - kuota khusus (Madeira),Lajang,Laki-laki,Siang,19,≤20 th,Lunas,Tidak,Tidak,Ya,134.6,150.0,0,0,0.0,0,0,0.0,,,0.6075,Berisiko,Tinggi
JJI-01560,Graduate,0,Nursing,Fase 1 - kuota umum,Lajang,Laki-laki,Siang,18,≤20 th,Lunas,Tidak,Tidak,Ya,126.8,141.0,8,8,13.25,8,8,13.25,1.0,1.0,0.1002,Aman,Rendah
JJI-01561,Enrolled,0,Biofuel Production Technologies,Mahasiswa internasional (S1),Lajang,Laki-laki,Siang,20,≤20 th,Lunas,Tidak,Tidak,Tidak,100.0,133.1,7,7,12.86,7,4,12.75,1.0,0.571,0.3308,Aman,Sedang
JJI-01562,Enrolled,0,Equinculture,Fase 2 - kuota umum,Lajang,Perempuan,Siang,21,21-23 th,Lunas,Tidak,Tidak,Ya,130.0,137.0,6,5,13.6,6,4,14.25,0.833,0.667,0.4283,Berisiko,Tinggi
JJI-01563,Graduate,0,Management,Fase 1 - kuota umum,Lajang,Perempuan,Siang,22,21-23 th,Lunas,Tidak,Ya,Ya,113.6,116.0,5,3,14.0,5,5,12.4,0.6,1.0,0.1486,Aman,Rendah
JJI-01564,Enrolled,0,Equinculture,Pemegang diploma spesialisasi teknologi,Lajang,Perempuan,Siang,20,≤20 th,Menunggak,Ya,Tidak,Ya,140.0,140.0,6,3,12.0,6,2,11.0,0.5,0.333,0.9461,Berisiko,Sangat Tinggi
JJI-01565,Enrolled,0,Veterinary Nursing,Fase 2 - kuota umum,Lajang,Perempuan,Siang,20,≤20 th,Lunas,Tidak,Tidak,Tidak,106.0,106.0,6,6,13.17,6,4,14.0,1.0,0.667,0.2264,Aman,Rendah
JJI-01566,Graduate,0,Social Service,Fase 2 - kuota umum,Lajang,Perempuan,Siang,19,≤20 th,Lunas,Tidak,Ya,Ya,126.6,135.0,6,6,13.62,6,6,12.17,1.0,1.0,0.0895,Aman,Rendah
JJI-01567,Graduate,0,Nursing,Fase 2 - kuota umum,Lajang,Perempuan,Siang,18,≤20 th,Lunas,Tidak,Ya,Ya,130.7,144.0,7,7,14.85,8,8,15.61,1.0,1.0,0.053,Aman,Rendah
JJI-01568,Graduate,0,Management,Fase 1 - kuota umum,Lajang,Laki-laki,Siang,21,21-23 th,Lunas,Tidak,Tidak,Ya,105.9,108.0,5,4,10.75,5,5,11.4,0.8,1.0,0.2305,Aman,Rendah
JJI-01569,Enrolled,0,Oral Hygiene,Mahasiswa internasional (S1),Lajang,Perempuan,Siang,19,≤20 th,Lunas,Ya,Tidak,Tidak,137.0,137.0,7,0,0.0,7,2,11.67,0.0,0.286,0.876,Berisiko,Sangat Tinggi
JJI-01570,Dropout,1,Equinculture,Pindah program studi,Lajang,Perempuan,Siang,37,>35 th,Lunas,Tidak,Tidak,Tidak,100.0,133.1,6,0,0.0,6,0,0.0,0.0,0.0,0.9828,Berisiko,Sangat Tinggi
JJI-01571,Enrolled,0,Social Service (kelas malam),Fase 1 - kuota umum,Menikah,Perempuan,Malam,45,>35 th,Lunas,Tidak,Tidak,Ya,114.4,121.0,12,12,14.0,7,7,13.86,1.0,1.0,0.1914,Aman,Rendah
JJI-01572,Dropout,1,Agronomy,Usia di atas 23 tahun,Lajang,Laki-laki,Siang,38,>35 th,Menunggak,Ya,Tidak,Tidak,120.0,133.1,6,0,0.0,6,0,0.0,0.0,0.0,0.997,Berisiko,Sangat Tinggi
JJI-01573,Dropout,1,Management (kelas malam),Usia di atas 23 tahun,Pisah secara hukum,Laki-laki,Malam,55,>35 th,Menunggak,Tidak,Tidak,Ya,119.0,130.0,5,0,0.0,5,0,0.0,0.0,0.0,0.9976,Berisiko,Sangat Tinggi
JJI-01574,Dropout,1,Agronomy,Usia di atas 23 tahun,Kumpul kebo,Perempuan,Siang,28,28-35 th,Menunggak,Ya,Tidak,Tidak,110.0,133.1,6,5,13.0,6,4,11.75,0.833,0.667,0.795,Berisiko,Sangat Tinggi
JJI-01575,Graduate,0,Management (kelas malam),Pemegang gelar pendidikan tinggi lain,Kumpul kebo,Perempuan,Malam,46,>35 th,Lunas,Tidak,Tidak,Tidak,120.0,120.0,8,8,12.38,9,5,12.4,1.0,0.556,0.7014,Berisiko,Tinggi
JJI-01576,Graduate,0,Animation & Multimedia Design,Fase 1 - kuota umum,Lajang,Perempuan,Siang,22,21-23 th,Lunas,Tidak,Tidak,Ya,119.8,131.0,0,0,0.0,0,0,0.0,,,0.5656,Berisiko,Tinggi
JJI-01577,Dropout,1,Advertising & Marketing Management,Usia di atas 23 tahun,Menikah,Perempuan,Siang,46,>35 th,Lunas,Tidak,Tidak,Tidak,135.6,133.1,6,5,11.4,6,4,13.75,0.833,0.667,0.5915,Berisiko,Tinggi
JJI-01578,Enrolled,0,Management (kelas malam),Usia di atas 23 tahun,Lajang,Perempuan,Malam,28,28-35 th,Lunas,Tidak,Tidak,Tidak,120.7,100.0,5,4,11.25,5,4,13.0,0.8,0.8,0.3398,Aman,Sedang
JJI-01579,Dropout,1,Veterinary Nursing,Fase 1 - kuota umum,Lajang,Perempuan,Siang,18,≤20 th,Menunggak,Ya,Tidak,Ya,136.3,131.0,5,3,13.0,5,3,12.0,0.6,0.6,0.7876,Berisiko,Sangat Tinggi
JJI-01580,Enrolled,0,Animation & Multimedia Design,Fase 1 - kuota khusus (Madeira),Lajang,Laki-laki,Siang,18,≤20 th,Lunas,Tidak,Ya,Ya,164.3,158.0,0,0,0.0,0,0,0.0,,,0.4445,Berisiko,Tinggi
JJI-01581,Graduate,0,Journalism & Communication,Fase 1 - kuota umum,Lajang,Laki-laki,Siang,21,21-23 th,Lunas,Tidak,Ya,Ya,149.2,146.0,6,6,13.5,6,6,14.17,1.0,1.0,0.1129,Aman,Rendah
JJI-01582,Enrolled,0,Communication Design,Fase 1 - kuota khusus (Madeira),Lajang,Perempuan,Siang,18,≤20 th,Lunas,Tidak,Tidak,Ya,122.5,133.0,6,1,11.0,6,4,11.0,0.167,0.667,0.5142,Berisiko,Tinggi
JJI-01583,Dropout,1,Management (kelas malam),Pindah program studi,Lajang,Perempuan,Malam,34,28-35 th,Lunas,Tidak,Tidak,Tidak,100.0,120.0,5,0,0.0,5,1,11.0,0.0,0.2,0.8924,Berisiko,Sangat Tinggi
JJI-01584,Dropout,1,Basic Education,Fase 2 - kuota umum,Lajang,Perempuan,Siang,21,21-23 th,Lunas,Tidak,Ya,Ya,125.0,119.0,6,5,12.0,6,5,11.2,0.833,0.833,0.3107,Aman,Sedang
JJI-01585,Graduate,0,Journalism & Communication,Fase 1 - kuota umum,Lajang,Perempuan,Siang,18,≤20 th,Lunas,Tidak,Ya,Ya,131.0,132.0,6,5,13.0,6,6,13.0,0.833,1.0,0.1053,Aman,Rendah
JJI-01586,Graduate,0,Animation & Multimedia Design,Fase 1 - kuota umum,Lajang,Laki-laki,Siang,20,≤20 th,Lunas,Tidak,Tidak,Ya,122.0,130.0,0,0,0.0,0,0,0.0,,,0.5938,Berisiko,Tinggi
JJI-01587,Enrolled,0,Management,Fase 1 - kuota umum,Lajang,Perempuan,Siang,18,≤20 th,Lunas,Tidak,Tidak,Ya,131.3,132.0,5,4,12.0,5,4,12.25,0.8,0.8,0.2117,Aman,Rendah
JJI-01588,Enrolled,0,Informatics Engineering,Fase 2 - kuota umum,Lajang,Laki-laki,Siang,21,21-23 th,Lunas,Tidak,Tidak,Ya,117.0,133.1,5,5,11.17,5,3,10.8,1.0,0.6,0.4991,Berisiko,Tinggi
JJI-01589,Dropout,1,Tourism,Fase 2 - kuota umum,Lajang,Laki-laki,Siang,19,≤20 th,Lunas,Tidak,Tidak,Ya,118.0,119.0,6,2,10.5,6,1,12.0,0.333,0.167,0.8244,Berisiko,Sangat Tinggi
JJI-01590,Graduate,0,Social Service (kelas malam),Fase 2 - kuota umum,Lajang,Laki-laki,Malam,22,21-23 th,Lunas,Tidak,Tidak,Ya,126.0,134.0,6,6,12.67,6,6,12.17,1.0,1.0,0.193,Aman,Rendah
JJI-01591,Dropout,1,Agronomy,Pemegang diploma spesialisasi teknologi,Lajang,Laki-laki,Siang,23,21-23 th,Lunas,Tidak,Tidak,Tidak,120.0,120.0,6,1,11.0,6,0,0.0,0.167,0.0,0.9469,Berisiko,Sangat Tinggi
JJI-01592,Dropout,1,Animation & Multimedia Design,Fase 2 - kuota umum,Lajang,Laki-laki,Siang,19,≤20 th,Lunas,Tidak,Tidak,Ya,155.6,172.0,0,0,0.0,0,0,0.0,,,0.6529,Berisiko,Tinggi
JJI-01593,Enrolled,0,Management,Fase 1 - kuota umum,Lajang,Laki-laki,Siang,18,≤20 th,Lunas,Tidak,Tidak,Ya,122.8,120.0,5,4,11.5,5,2,10.33,0.8,0.4,0.5158,Berisiko,Tinggi
JJI-01594,Dropout,1,Animation & Multimedia Design,Fase 1 - kuota umum,Lajang,Laki-laki,Siang,19,≤20 th,Menunggak,Ya,Ya,Ya,127.3,129.0,0,0,0.0,0,0,0.0,,,0.8679,Berisiko,Sangat Tinggi
JJI-01595,Enrolled,0,Management,Fase 2 - kuota umum,Lajang,Laki-laki,Siang,19,≤20 th,Lunas,Tidak,Tidak,Ya,118.4,118.0,5,2,10.5,5,4,11.75,0.4,0.8,0.4431,Berisiko,Tinggi
JJI-01596,Enrolled,0,Advertising & Marketing Management,Fase 1 - kuota umum,Lajang,Laki-laki,Siang,19,≤20 th,Lunas,Tidak,Tidak,Tidak,128.1,127.0,5,4,12.5,5,4,11.0,0.8,0.8,0.3165,Aman,Sedang
JJI-01597,Enrolled,0,Nursing,Fase 1 - kuota umum,Lajang,Laki-laki,Siang,22,21-23 th,Lunas,Tidak,Tidak,Ya,99.0,133.1,7,6,12.83,8,6,12.5,0.857,0.75,0.2913,Aman,Sedang
JJI-01598,Graduate,0,Journalism & Communication,Fase 1 - kuota umum,Lajang,Laki-laki,Siang,18,≤20 th,Lunas,Tidak,Ya,Tidak,161.2,164.0,6,6,15.57,6,6,16.14,1.0,1.0,0.0713,Aman,Rendah
JJI-01599,Dropout,1,Social Service,Fase 2 - kuota umum,Lajang,Laki-laki,Siang,18,≤20 th,Lunas,Tidak,Tidak,Ya,140.9,136.0,6,4,12.0,6,5,11.8,0.667,0.833,0.2789,Aman,Sedang
JJI-01600,Dropout,1,Journalism & Communication,Fase 2 - kuota umum,Lajang,Laki-laki,Siang,19,≤20 th,Lunas,Ya,Tidak,Tidak,111.1,117.0,6,4,11.25,6,3,11.33,0.667,0.5,0.7254,Berisiko,Tinggi
JJI-01601,Graduate,0,Animation & Multimedia Design,Fase 1 - kuota umum,Lajang,Laki-laki,Siang,18,≤20 th,Lunas,Tidak,Tidak,Ya,149.9,131.0,0,0,0.0,0,0,0.0,,,0.5904,Berisiko,Tinggi
JJI-01602,Enrolled,0,Advertising & Marketing Management,Fase 2 - kuota umum,Lajang,Laki-laki,Siang,21,21-23 th,Lunas,Tidak,Tidak,Tidak,111.3,110.0,6,6,12.29,6,4,14.25,1.0,0.667,0.4017,Aman,Sedang
JJI-01603,Enrolled,0,Tourism,Fase 1 - kuota umum,Lajang,Laki-laki,Siang,18,≤20 th,Lunas,Tidak,Tidak,Ya,121.5,125.0,6,5,11.0,6,3,10.33,0.833,0.5,0.5364,Berisiko,Tinggi
JJI-01604,Graduate,0,Agronomy,Pemegang diploma spesialisasi teknologi,Lajang,Laki-laki,Siang,19,≤20 th,Lunas,Tidak,Tidak,Ya,120.0,120.0,6,6,12.14,6,5,13.6,1.0,0.833,0.1721,Aman,Rendah
JJI-01605,Dropout,1,Agronomy,Usia di atas 23 tahun,Lajang,Laki-laki,Siang,27,24-27 th,Menunggak,Ya,Tidak,Tidak,120.0,133.1,6,2,11.5,6,0,0.0,0.333,0.0,0.9937,Berisiko,Sangat Tinggi
JJI-01606,Enrolled,0,Agronomy,Pemegang diploma short cycle,Lajang,Laki-laki,Siang,20,≤20 th,Lunas,Ya,Tidak,Ya,130.0,130.0,12,11,12.55,10,8,11.62,0.917,0.8,0.3834,Aman,Sedang
JJI-01607,Graduate,0,Tourism,Fase 1 - kuota umum,Lajang,Laki-laki,Siang,20,≤20 th,Lunas,Tidak,Tidak,Ya,98.9,101.0,6,4,13.0,6,6,13.0,0.667,1.0,0.2553,Aman,Sedang
JJI-01608,Graduate,0,Nursing,Fase 1 - kuota umum,Lajang,Laki-laki,Siang,18,≤20 th,Lunas,Tidak,Tidak,Ya,136.3,141.0,8,8,12.89,8,8,12.89,1.0,1.0,0.1068,Aman,Rendah
JJI-01609,Enrolled,0,Journalism & Communication,Fase 2 - kuota umum,Lajang,Laki-laki,Siang,18,≤20 th,Lunas,Tidak,Tidak,Ya,125.2,128.0,6,6,12.67,6,5,13.6,1.0,0.833,0.2866,Aman,Sedang
JJI-01610,Graduate,0,Communication Design,Fase 1 - kuota umum,Lajang,Laki-laki,Siang,18,≤20 th,Lunas,Tidak,Tidak,Ya,130.0,145.0,6,6,12.83,6,6,12.57,1.0,1.0,0.1475,Aman,Rendah
JJI-01611,Dropout,1,Management,Fase 1 - kuota umum,Lajang,Laki-laki,Siang,18,≤20 th,Lunas,Tidak,Tidak,Ya,141.5,160.0,5,3,10.67,5,2,12.5,0.6,0.4,0.5116,Berisiko,Tinggi
JJI-01612,Enrolled,0,Veterinary Nursing,Fase 1 - kuota khusus (Madeira),Lajang,Laki-laki,Siang,18,≤20 th,Lunas,Tidak,Tidak,Ya,123.9,134.0,5,5,13.0,5,5,12.4,1.0,1.0,0.2104,Aman,Rendah
JJI-01613,Graduate,0,Nursing,Fase 2 - kuota umum,Lajang,Perempuan,Siang,18,≤20 th,Lunas,Tidak,Tidak,Ya,114.5,125.0,7,6,11.98,8,8,12.28,0.857,1.0,0.1323,Aman,Rendah
JJI-01614,Dropout,1,Social Service (kelas malam),Usia di atas 23 tahun,Lajang,Perempuan,Malam,37,>35 th,Menunggak,Tidak,Tidak,Ya,100.0,133.1,5,0,0.0,5,0,0.0,0.0,0.0,0.9905,Berisiko,Sangat Tinggi
JJI-01615,Graduate,0,Social Service (kelas malam),Usia di atas 23 tahun,Menikah,Perempuan,Malam,36,>35 th,Lunas,Tidak,Ya,Tidak,110.5,120.0,6,6,11.83,6,6,11.5,1.0,1.0,0.1122,Aman,Rendah
JJI-01616,Dropout,1,Veterinary Nursing,Usia di atas 23 tahun,Menikah,Perempuan,Siang,26,24-27 th,Lunas,Tidak,Tidak,Ya,101.0,133.1,6,3,12.67,6,2,11.0,0.5,0.333,0.7177,Berisiko,Tinggi
JJI-01617,Graduate,0,Veterinary Nursing,Fase 1 - kuota umum,Lajang,Perempuan,Siang,19,≤20 th,Lunas,Tidak,Tidak,Tidak,121.0,121.0,5,4,13.75,5,4,14.5,0.8,0.8,0.1485,Aman,Rendah
JJI-01618,Dropout,1,Social Service (kelas malam),Usia di atas 23 tahun,Lajang,Perempuan,Malam,24,24-27 th,Lunas,Tidak,Tidak,Ya,95.0,120.0,6,5,11.4,6,5,11.8,0.833,0.833,0.245,Aman,Rendah
JJI-01619,Dropout,1,Journalism & Communication,Fase 1 - kuota umum,Lajang,Perempuan,Siang,19,≤20 th,Lunas,Tidak,Ya,Ya,126.9,130.0,6,6,13.17,6,6,13.0,1.0,1.0,0.095,Aman,Rendah
JJI-01620,Graduate,0,Advertising & Marketing Management,Transfer,Lajang,Perempuan,Siang,20,≤20 th,Lunas,Tidak,Ya,Ya,116.3,130.0,7,6,12.83,8,5,11.8,0.857,0.625,0.3481,Aman,Sedang
JJI-01621,Graduate,0,Advertising & Marketing Management,Fase 3 - kuota umum,Lajang,Perempuan,Siang,19,≤20 th,Lunas,Tidak,Tidak,Ya,120.0,128.0,6,6,14.12,6,5,14.5,1.0,0.833,0.2088,Aman,Rendah
JJI-01622,Graduate,0,Veterinary Nursing,Fase 1 - kuota umum,Lajang,Perempuan,Siang,21,21-23 th,Lunas,Tidak,Tidak,Ya,123.6,126.0,5,3,11.67,5,5,13.0,0.6,1.0,0.1535,Aman,Rendah
JJI-01623,Dropout,1,Oral Hygiene,Usia di atas 23 tahun,Menikah,Perempuan,Siang,50,>35 th,Menunggak,Tidak,Tidak,Tidak,150.0,120.0,7,6,10.25,7,4,11.25,0.857,0.571,0.8836,Berisiko,Sangat Tinggi
JJI-01624,Dropout,1,Oral Hygiene,Usia di atas 23 tahun,Menikah,Perempuan,Siang,47,>35 th,Lunas,Tidak,Tidak,Tidak,120.0,100.0,7,6,12.51,7,4,11.75,0.857,0.571,0.6444,Berisiko,Tinggi
JJI-01625,Dropout,1,Basic Education,Transfer,Lajang,Perempuan,Siang,24,24-27 th,Lunas,Tidak,Tidak,Tidak,111.3,120.0,13,10,11.5,13,9,10.44,0.769,0.692,0.6515,Berisiko,Tinggi
JJI-01626,Dropout,1,Management (kelas malam),Usia di atas 23 tahun,Lajang,Perempuan,Malam,48,>35 th,Menunggak,Tidak,Tidak,Tidak,150.0,110.0,5,1,10.0,5,0,0.0,0.2,0.0,0.9941,Berisiko,Sangat Tinggi
JJI-01627,Graduate,0,Veterinary Nursing,Fase 1 - kuota umum,Lajang,Perempuan,Siang,18,≤20 th,Lunas,Tidak,Ya,Ya,123.2,127.0,6,6,15.71,6,5,12.78,1.0,0.833,0.0893,Aman,Rendah
JJI-01628,Dropout,1,Management (kelas malam),Pemegang diploma spesialisasi teknologi,Lajang,Laki-laki,Malam,32,28-35 th,Lunas,Tidak,Tidak,Ya,130.0,130.0,6,4,12.5,7,4,11.0,0.667,0.571,0.6858,Berisiko,Tinggi
JJI-01629,Dropout,1,Advertising & Marketing Management,Fase 1 - kuota umum,Lajang,Laki-laki,Siang,20,≤20 th,Menunggak,Tidak,Tidak,Ya,137.9,141.0,5,3,12.0,5,4,12.75,0.6,0.8,0.7021,Berisiko,Tinggi
JJI-01630,Dropout,1,Informatics Engineering,Usia di atas 23 tahun,Lajang,Laki-laki,Siang,24,24-27 th,Lunas,Ya,Tidak,Tidak,100.0,120.0,5,0,0.0,5,0,0.0,0.0,0.0,0.9748,Berisiko,Sangat Tinggi
JJI-01631,Graduate,0,Equinculture,Usia di atas 23 tahun,Menikah,Laki-laki,Siang,53,>35 th,Lunas,Tidak,Tidak,Tidak,120.0,133.1,5,4,12.25,5,4,11.75,0.8,0.8,0.7146,Berisiko,Tinggi
JJI-01632,Dropout,1,Journalism & Communication,Usia di atas 23 tahun,Menikah,Laki-laki,Siang,42,>35 th,Menunggak,Ya,Tidak,Tidak,131.0,133.1,4,0,0.0,4,0,0.0,0.0,0.0,0.9958,Berisiko,Sangat Tinggi
JJI-01633,Graduate,0,Management (kelas malam),Usia di atas 23 tahun,Menikah,Laki-laki,Malam,52,>35 th,Lunas,Tidak,Tidak,Ya,133.8,133.1,5,5,13.6,5,5,14.2,1.0,1.0,0.4344,Berisiko,Tinggi
JJI-01634,Enrolled,0,Social Service (kelas malam),Pindah program studi,Lajang,Laki-laki,Malam,54,>35 th,Lunas,Tidak,Tidak,Tidak,100.0,130.0,13,13,13.31,11,11,12.82,1.0,1.0,0.2467,Aman,Rendah
JJI-01635,Graduate,0,Management (kelas malam),Usia di atas 23 tahun,Menikah,Laki-laki,Malam,49,>35 th,Lunas,Tidak,Tidak,Tidak,150.0,110.0,5,5,12.2,5,5,11.8,1.0,1.0,0.4643,Berisiko,Tinggi
JJI-01636,Graduate,0,Advertising & Marketing Management,Fase 2 - kuota umum,Lajang,Laki-laki,Siang,18,≤20 th,Lunas,Tidak,Ya,Tidak,126.4,125.0,6,6,12.29,6,6,13.33,1.0,1.0,0.1284,Aman,Rendah
JJI-01637,Graduate,0,Equinculture,Usia di atas 23 tahun,Menikah,Laki-laki,Siang,37,>35 th,Lunas,Tidak,Tidak,Ya,154.0,130.0,5,3,12.0,5,4,13.0,0.6,0.8,0.5726,Berisiko,Tinggi
JJI-01638,Graduate,0,Nursing,Fase 1 - kuota umum,Lajang,Laki-laki,Siang,21,21-23 th,Lunas,Tidak,Ya,Tidak,114.9,121.0,7,6,13.34,8,7,11.65,0.857,0.875,0.1117,Aman,Rendah
JJI-01639,Dropout,1,Advertising & Marketing Management,Usia di atas 23 tahun,Lajang,Laki-laki,Siang,26,24-27 th,Lunas,Ya,Tidak,Tidak,110.0,133.1,5,0,0.0,5,0,0.0,0.0,0.0,0.9784,Berisiko,Sangat Tinggi
JJI-01640,Graduate,0,Communication Design,Fase 1 - kuota umum,Lajang,Laki-laki,Siang,20,≤20 th,Lunas,Tidak,Tidak,Ya,149.8,147.0,12,11,14.27,12,11,14.82,0.917,0.917,0.1029,Aman,Rendah
JJI-01641,Graduate,0,Nursing,Fase 1 - kuota umum,Lajang,Perempuan,Siang,19,≤20 th,Lunas,Tidak,Ya,Ya,117.9,128.0,7,7,12.14,8,8,12.91,1.0,1.0,0.054,Aman,Rendah
JJI-01642,Graduate,0,Communication Design,Fase 1 - kuota umum,Lajang,Perempuan,Siang,18,≤20 th,Lunas,Tidak,Tidak,Ya,165.8,164.0,6,6,14.17,6,6,14.86,1.0,1.0,0.082,Aman,Rendah
JJI-01643,Graduate,0,Nursing,Fase 2 - kuota umum,Lajang,Perempuan,Siang,18,≤20 th,Lunas,Tidak,Tidak,Ya,127.6,137.0,7,7,13.53,8,8,14.66,1.0,1.0,0.0909,Aman,Rendah
JJI-01644,Graduate,0,Social Service (kelas malam),Fase 2 - kuota umum,Lajang,Perempuan,Malam,20,≤20 th,Lunas,Tidak,Tidak,Tidak,123.8,122.0,6,5,12.0,6,6,11.0,0.833,1.0,0.1415,Aman,Rendah
JJI-01645,Dropout,1,Tourism,Fase 2 - kuota umum,Lajang,Perempuan,Siang,20,≤20 th,Lunas,Tidak,Tidak,Ya,126.1,124.0,5,5,11.4,6,1,11.0,1.0,0.167,0.6613,Berisiko,Tinggi
JJI-01646,Dropout,1,Animation & Multimedia Design,Fase 1 - kuota umum,Lajang,Perempuan,Siang,21,21-23 th,Lunas,Tidak,Tidak,Ya,119.7,120.0,0,0,0.0,0,0,0.0,,,0.4774,Berisiko,Tinggi
JJI-01647,Graduate,0,Animation & Multimedia Design,Fase 1 - kuota umum,Lajang,Perempuan,Siang,22,21-23 th,Lunas,Tidak,Tidak,Ya,121.6,117.0,12,12,12.92,11,11,14.5,1.0,1.0,0.07,Aman,Rendah
JJI-01648,Graduate,0,Nursing,Pindah program studi,Lajang,Perempuan,Siang,18,≤20 th,Lunas,Tidak,Ya,Tidak,100.0,140.0,7,7,13.64,8,8,14.39,1.0,1.0,0.0405,Aman,Rendah
JJI-01649,Dropout,1,Nursing,Fase 1 - kuota umum,Lajang,Perempuan,Siang,18,≤20 th,Lunas,Tidak,Tidak,Ya,127.6,130.0,7,7,12.9,8,7,12.14,1.0,0.875,0.1104,Aman,Rendah
JJI-01650,Graduate,0,Nursing,Fase 1 - kuota umum,Lajang,Perempuan,Siang,19,≤20 th,Lunas,Tidak,Ya,Ya,132.5,138.0,8,7,14.36,8,7,14.36,0.875,0.875,0.0706,Aman,Rendah
JJI-01651,Enrolled,0,Nursing,Fase 1 - kuota umum,Lajang,Perempuan,Siang,19,≤20 th,Lunas,Tidak,Tidak,Tidak,124.3,141.0,8,7,14.51,8,7,14.51,0.875,0.875,0.0895,Aman,Rendah
JJI-01652,Graduate,0,Nursing,Fase 1 - kuota umum,Lajang,Perempuan,Siang,18,≤20 th,Lunas,Tidak,Tidak,Ya,131.0,142.0,8,7,14.7,8,7,14.7,0.875,0.875,0.1054,Aman,Rendah
JJI-01653,Enrolled,0,Management (kelas malam),Pemegang gelar pendidikan tinggi lain,Lajang,Perempuan,Malam,27,24-27 th,Lunas,Tidak,Tidak,Tidak,120.0,120.0,5,5,15.2,5,5,14.0,1.0,1.0,0.2172,Aman,Rendah
JJI-01654,Graduate,0,Oral Hygiene,Fase 1 - kuota umum,Lajang,Perempuan,Siang,20,≤20 th,Lunas,Tidak,Ya,Ya,113.3,122.0,7,7,13.0,8,8,15.06,1.0,1.0,0.0562,Aman,Rendah
JJI-01655,Dropout,1,Basic Education,Fase 1 - kuota umum,Lajang,Perempuan,Siang,20,≤20 th,Lunas,Tidak,Tidak,Ya,121.9,131.0,6,6,13.5,6,0,0.0,1.0,0.0,0.9117,Berisiko,Sangat Tinggi
JJI-01656,Graduate,0,Veterinary Nursing,Fase 1 - kuota umum,Lajang,Perempuan,Siang,20,≤20 th,Lunas,Tidak,Tidak,Ya,118.3,120.0,5,5,12.33,5,5,12.6,1.0,1.0,0.1288,Aman,Rendah
JJI-01657,Graduate,0,Management,Fase 1 - kuota umum,Lajang,Perempuan,Siang,19,≤20 th,Lunas,Tidak,Tidak,Tidak,118.8,131.0,5,5,13.4,5,5,13.0,1.0,1.0,0.0913,Aman,Rendah
JJI-01658,Enrolled,0,Veterinary Nursing,Fase 1 - kuota umum,Lajang,Perempuan,Siang,20,≤20 th,Lunas,Tidak,Tidak,Tidak,129.0,130.0,5,4,11.75,5,2,10.5,0.8,0.4,0.3872,Aman,Sedang
JJI-01659,Graduate,0,Animation & Multimedia Design,Pindah program studi,Lajang,Perempuan,Siang,20,≤20 th,Lunas,Tidak,Ya,Ya,143.3,120.0,0,0,0.0,0,0,0.0,,,0.3836,Aman,Sedang
JJI-01660,Enrolled,0,Animation & Multimedia Design,Fase 1 - kuota umum,Lajang,Perempuan,Siang,20,≤20 th,Lunas,Tidak,Tidak,Ya,152.5,136.0,0,0,0.0,0,0,0.0,,,0.5105,Berisiko,Tinggi
JJI-01661,Graduate,0,Veterinary Nursing,Pemegang diploma short cycle,Lajang,Perempuan,Siang,27,24-27 th,Lunas,Tidak,Tidak,Ya,155.7,160.0,12,11,14.73,9,7,14.14,0.917,0.778,0.2794,Aman,Sedang
JJI-01662,Graduate,0,Veterinary Nursing,Fase 1 - kuota umum,Lajang,Perempuan,Siang,18,≤20 th,Lunas,Tidak,Tidak,Ya,153.9,157.0,6,6,16.57,6,6,15.67,1.0,1.0,0.0772,Aman,Rendah
JJI-01663,Graduate,0,Nursing,Fase 1 - kuota umum,Lajang,Perempuan,Siang,18,≤20 th,Lunas,Tidak,Tidak,Tidak,137.8,150.0,7,7,15.14,8,8,15.74,1.0,1.0,0.0413,Aman,Rendah
JJI-01664,Graduate,0,Nursing,Fase 2 - kuota umum,Lajang,Perempuan,Siang,18,≤20 th,Lunas,Tidak,Ya,Tidak,143.3,148.0,7,7,13.44,8,8,15.08,1.0,1.0,0.0389,Aman,Rendah
JJI-01665,Graduate,0,Veterinary Nursing,Fase 1 - kuota umum,Lajang,Perempuan,Siang,20,≤20 th,Lunas,Tidak,Tidak,Tidak,123.2,120.0,5,5,14.17,5,4,11.75,1.0,0.8,0.136,Aman,Rendah
JJI-01666,Enrolled,0,Journalism & Communication,Fase 1 - kuota umum,Lajang,Perempuan,Siang,19,≤20 th,Lunas,Tidak,Tidak,Ya,138.1,150.0,6,6,14.0,6,5,15.0,1.0,0.833,0.15,Aman,Rendah
JJI-01667,Graduate,0,Social Service,Fase 2 - kuota umum,Lajang,Perempuan,Siang,20,≤20 th,Lunas,Tidak,Ya,Tidak,140.5,158.0,6,6,11.33,6,6,12.33,1.0,1.0,0.0739,Aman,Rendah
JJI-01668,Graduate,0,Nursing,Fase 1 - kuota umum,Lajang,Perempuan,Siang,18,≤20 th,Lunas,Tidak,Tidak,Ya,130.0,145.0,8,8,13.76,8,8,13.76,1.0,1.0,0.0712,Aman,Rendah
JJI-01669,Dropout,1,Communication Design,Pemegang diploma spesialisasi teknologi,Lajang,Perempuan,Siang,22,21-23 th,Menunggak,Ya,Tidak,Tidak,104.8,100.0,7,5,11.6,9,5,10.0,0.714,0.556,0.8673,Berisiko,Sangat Tinggi
JJI-01670,Graduate,0,Social Service (kelas malam),Fase 2 - kuota umum,Lajang,Perempuan,Malam,22,21-23 th,Lunas,Ya,Ya,Tidak,132.5,136.0,6,4,12.75,6,5,13.0,0.667,0.833,0.2159,Aman,Rendah
JJI-01671,Enrolled,0,Management (kelas malam),Usia di atas 23 tahun,Lajang,Perempuan,Malam,25,24-27 th,Lunas,Tidak,Tidak,Tidak,127.7,133.1,5,4,12.5,5,4,11.0,0.8,0.8,0.3652,Aman,Sedang
JJI-01672,Graduate,0,Veterinary Nursing,Fase 1 - kuota umum,Lajang,Perempuan,Siang,19,≤20 th,Lunas,Tidak,Tidak,Tidak,136.5,148.0,6,6,15.31,6,6,14.0,1.0,1.0,0.0843,Aman,Rendah
JJI-01673,Dropout,1,Equinculture,Pemegang diploma spesialisasi teknologi,Lajang,Perempuan,Siang,21,21-23 th,Menunggak,Tidak,Tidak,Ya,130.0,130.0,6,5,13.29,6,4,12.0,0.833,0.667,0.7203,Berisiko,Tinggi
JJI-01674,Graduate,0,Nursing,Usia di atas 23 tahun,Lajang,Perempuan,Siang,27,24-27 th,Lunas,Tidak,Tidak,Ya,190.0,130.0,7,7,14.76,8,8,14.08,1.0,1.0,0.0983,Aman,Rendah
JJI-01675,Graduate,0,Nursing,Fase 2 - kuota umum,Lajang,Perempuan,Siang,18,≤20 th,Lunas,Tidak,Tidak,Ya,128.5,136.0,7,6,12.77,7,6,12.77,0.857,0.857,0.1936,Aman,Rendah
JJI-01676,Dropout,1,Tourism,Fase 2 - kuota umum,Lajang,Perempuan,Siang,18,≤20 th,Menunggak,Tidak,Tidak,Tidak,126.6,122.0,5,5,10.4,6,0,0.0,1.0,0.0,0.9682,Berisiko,Sangat Tinggi
JJI-01677,Dropout,1,Oral Hygiene,Fase 2 - kuota umum,Lajang,Laki-laki,Siang,19,≤20 th,Lunas,Tidak,Tidak,Ya,131.6,140.0,7,0,0.0,7,0,0.0,0.0,0.0,0.988,Berisiko,Sangat Tinggi
JJI-01678,Graduate,0,Management (kelas malam),Usia di atas 23 tahun,Kumpul kebo,Laki-laki,Malam,35,28-35 th,Lunas,Tidak,Ya,Tidak,119.0,110.0,5,4,10.5,5,5,12.6,0.8,1.0,0.2412,Aman,Rendah
JJI-01679,Graduate,0,Veterinary Nursing,Fase 2 - kuota umum,Lajang,Laki-laki,Siang,23,21-23 th,Lunas,Tidak,Tidak,Tidak,127.6,130.0,5,4,14.25,5,5,13.4,0.8,1.0,0.1886,Aman,Rendah
JJI-01680,Dropout,1,Nursing,Usia di atas 23 tahun,Lajang,Laki-laki,Siang,28,28-35 th,Lunas,Tidak,Tidak,Tidak,100.0,133.1,7,3,11.92,7,0,0.0,0.429,0.0,0.9719,Berisiko,Sangat Tinggi
JJI-01681,Enrolled,0,Informatics Engineering,Fase 1 - kuota umum,Lajang,Laki-laki,Siang,19,≤20 th,Lunas,Tidak,Tidak,Ya,124.5,128.0,5,3,10.67,5,2,14.0,0.6,0.4,0.5189,Berisiko,Tinggi
JJI-01682,Enrolled,0,Journalism & Communication,Fase 1 - kuota umum,Lajang,Laki-laki,Siang,19,≤20 th,Lunas,Tidak,Tidak,Tidak,109.3,117.0,6,4,12.25,6,3,12.67,0.667,0.5,0.5018,Berisiko,Tinggi
JJI-01683,Dropout,1,Advertising & Marketing Management,Fase 1 - kuota umum,Lajang,Laki-laki,Siang,20,≤20 th,Lunas,Ya,Tidak,Ya,117.7,124.0,5,4,12.0,5,5,11.6,0.8,1.0,0.3573,Aman,Sedang
JJI-01684,Dropout,1,Advertising & Marketing Management,Fase 1 - kuota umum,Lajang,Laki-laki,Siang,21,21-23 th,Lunas,Tidak,Tidak,Ya,124.7,124.0,5,3,11.0,5,4,12.75,0.6,0.8,0.3465,Aman,Sedang
JJI-01685,Graduate,0,Communication Design,Fase 2 - kuota umum,Lajang,Laki-laki,Siang,18,≤20 th,Lunas,Tidak,Tidak,Ya,124.5,128.0,6,6,14.17,6,5,13.0,1.0,0.833,0.2569,Aman,Sedang
JJI-01686,Graduate,0,Communication Design,Fase 1 - kuota umum,Lajang,Laki-laki,Siang,22,21-23 th,Lunas,Tidak,Tidak,Ya,140.8,125.0,6,6,14.67,6,6,15.0,1.0,1.0,0.1498,Aman,Rendah
JJI-01687,Graduate,0,Veterinary Nursing,Fase 2 - kuota umum,Lajang,Laki-laki,Siang,21,21-23 th,Lunas,Tidak,Tidak,Ya,111.9,121.0,5,0,0.0,5,5,12.29,0.0,1.0,0.4513,Berisiko,Tinggi
JJI-01688,Dropout,1,Oral Hygiene,Pemegang gelar pendidikan tinggi lain,Lajang,Laki-laki,Siang,38,>35 th,Menunggak,Ya,Tidak,Tidak,140.0,140.0,7,3,12.67,5,0,0.0,0.429,0.0,0.9955,Berisiko,Sangat Tinggi
JJI-01689,Enrolled,0,Animation & Multimedia Design,Fase 1 - kuota umum,Lajang,Laki-laki,Siang,20,≤20 th,Lunas,Tidak,Tidak,Ya,121.2,124.0,0,0,0.0,0,0,0.0,,,0.5639,Berisiko,Tinggi
JJI-01690,Dropout,1,Animation & Multimedia Design,Pindah program studi,Lajang,Laki-laki,Siang,19,≤20 th,Lunas,Tidak,Tidak,Ya,123.8,136.0,0,0,0.0,0,0,0.0,,,0.6545,Berisiko,Tinggi
JJI-01691,Dropout,1,Informatics Engineering,Pemegang gelar pendidikan tinggi lain,Lajang,Laki-laki,Siang,24,24-27 th,Lunas,Tidak,Tidak,Tidak,134.0,140.8,5,0,0.0,5,0,0.0,0.0,0.0,0.9586,Berisiko,Sangat Tinggi
JJI-01692,Dropout,1,Communication Design,Fase 3 - kuota umum,Lajang,Laki-laki,Siang,19,≤20 th,Menunggak,Tidak,Tidak,Ya,130.8,142.0,6,0,0.0,6,0,0.0,0.0,0.0,0.9928,Berisiko,Sangat Tinggi
JJI-01693,Graduate,0,Nursing,Fase 1 - kuota umum,Lajang,Laki-laki,Siang,19,≤20 th,Lunas,Tidak,Ya,Ya,130.2,133.0,7,7,13.7,8,8,14.02,1.0,1.0,0.0536,Aman,Rendah
JJI-01694,Enrolled,0,Management,Fase 1 - kuota umum,Lajang,Laki-laki,Siang,19,≤20 th,Lunas,Tidak,Tidak,Tidak,123.3,131.0,5,5,11.8,5,4,12.4,1.0,0.8,0.1716,Aman,Rendah
JJI-01695,Dropout,1,Informatics Engineering,Usia di atas 23 tahun,Lajang,Laki-laki,Siang,31,28-35 th,Lunas,Tidak,Tidak,Tidak,147.6,130.0,5,0,0.0,5,0,0.0,0.0,0.0,0.9597,Berisiko,Sangat Tinggi
JJI-01696,Graduate,0,Advertising & Marketing Management,Fase 2 - kuota umum,Lajang,Laki-laki,Siang,19,≤20 th,Lunas,Tidak,Ya,Ya,113.4,120.0,6,6,13.33,6,6,13.29,1.0,1.0,0.1411,Aman,Rendah
JJI-01697,Graduate,0,Communication Design,Fase 2 - kuota umum,Lajang,Laki-laki,Siang,22,21-23 th,Lunas,Tidak,Tidak,Ya,133.7,141.0,6,5,11.4,6,6,12.17,0.833,1.0,0.2542,Aman,Sedang
JJI-01698,Dropout,1,Veterinary Nursing,Usia di atas 23 tahun,Lajang,Laki-laki,Siang,25,24-27 th,Lunas,Tidak,Tidak,Tidak,128.2,130.0,5,0,0.0,5,0,0.0,0.0,0.0,0.951,Berisiko,Sangat Tinggi
JJI-01699,Dropout,1,Nursing,Fase 1 - kuota umum,Lajang,Laki-laki,Siang,18,≤20 th,Lunas,Tidak,Tidak,Ya,161.0,168.0,7,7,16.14,8,0,0.0,1.0,0.0,0.8999,Berisiko,Sangat Tinggi
JJI-01700,Dropout,1,Nursing,Pemegang gelar pendidikan tinggi lain,Lajang,Laki-laki,Siang,30,28-35 th,Lunas,Tidak,Tidak,Ya,130.0,130.0,8,0,0.0,8,0,0.0,0.0,0.0,0.9922,Berisiko,Sangat Tinggi
JJI-01701,Graduate,0,Nursing,Fase 1 - kuota umum,Lajang,Laki-laki,Siang,18,≤20 th,Lunas,Tidak,Ya,Tidak,156.3,156.0,8,8,15.63,8,8,15.63,1.0,1.0,0.0378,Aman,Rendah
JJI-01702,Graduate,0,Journalism & Communication,Fase 1 - kuota umum,Lajang,Laki-laki,Siang,18,≤20 th,Lunas,Tidak,Tidak,Ya,129.3,137.0,6,6,13.67,6,6,14.5,1.0,1.0,0.1334,Aman,Rendah
JJI-01703,Dropout,1,Journalism & Communication,Fase 2 - kuota umum,Lajang,Laki-laki,Siang,18,≤20 th,Lunas,Tidak,Tidak,Tidak,129.3,131.0,6,0,0.0,6,0,0.0,0.0,0.0,0.9749,Berisiko,Sangat Tinggi
JJI-01704,Graduate,0,Social Service,Fase 1 - kuota umum,Lajang,Laki-laki,Siang,18,≤20 th,Lunas,Tidak,Tidak,Ya,136.3,130.0,6,6,12.5,6,6,11.5,1.0,1.0,0.1068,Aman,Rendah
JJI-01705,Graduate,0,Advertising & Marketing Management,Usia di atas 23 tahun,Lajang,Laki-laki,Siang,25,24-27 th,Lunas,Tidak,Ya,Tidak,140.0,133.1,6,6,12.29,6,6,13.0,1.0,1.0,0.1821,Aman,Rendah
JJI-01706,Enrolled,0,Informatics Engineering,Fase 1 - kuota umum,Lajang,Laki-laki,Siang,18,≤20 th,Lunas,Tidak,Tidak,Tidak,135.9,131.0,5,2,14.0,5,3,11.0,0.4,0.6,0.4299,Berisiko,Tinggi
JJI-01707,Dropout,1,Animation & Multimedia Design,Fase 1 - kuota umum,Lajang,Laki-laki,Siang,18,≤20 th,Lunas,Tidak,Tidak,Tidak,139.7,160.0,0,0,0.0,0,0,0.0,,,0.5674,Berisiko,Tinggi
JJI-01708,Enrolled,0,Management,Fase 1 - kuota umum,Lajang,Laki-laki,Siang,19,≤20 th,Lunas,Tidak,Tidak,Ya,117.0,117.0,5,4,10.75,5,4,12.25,0.8,0.8,0.2909,Aman,Sedang
JJI-01709,Dropout,1,Oral Hygiene,Usia di atas 23 tahun,Lajang,Laki-laki,Siang,25,24-27 th,Lunas,Tidak,Tidak,Tidak,105.0,133.1,7,4,12.95,7,4,13.12,0.571,0.571,0.5889,Berisiko,Tinggi
JJI-01710,Graduate,0,Nursing,Fase 1 - kuota umum,Lajang,Perempuan,Siang,19,≤20 th,Lunas,Tidak,Tidak,Ya,130.5,130.0,7,6,12.45,7,6,12.45,0.857,0.857,0.1445,Aman,Rendah
JJI-01711,Enrolled,0,Management (kelas malam),Pemegang diploma spesialisasi teknologi,Lajang,Perempuan,Malam,31,28-35 th,Lunas,Tidak,Tidak,Tidak,130.0,130.0,6,4,12.25,7,7,12.0,0.667,1.0,0.2507,Aman,Sedang
JJI-01712,Graduate,0,Nursing,Fase 1 - kuota umum,Lajang,Perempuan,Siang,20,≤20 th,Lunas,Tidak,Ya,Ya,131.5,137.0,8,8,13.38,8,8,13.38,1.0,1.0,0.0488,Aman,Rendah
JJI-01713,Dropout,1,Nursing,Transfer,Lajang,Perempuan,Siang,33,28-35 th,Menunggak,Tidak,Tidak,Ya,100.0,133.1,7,5,12.16,6,5,11.34,0.714,0.833,0.7383,Berisiko,Tinggi
JJI-01714,Enrolled,0,Veterinary Nursing,Pemegang diploma spesialisasi teknologi,Lajang,Perempuan,Siang,24,24-27 th,Menunggak,Ya,Tidak,Tidak,140.0,140.0,6,4,12.5,6,2,11.5,0.667,0.333,0.8796,Berisiko,Sangat Tinggi
JJI-01715,Graduate,0,Social Service,Fase 2 - kuota umum,Lajang,Perempuan,Siang,18,≤20 th,Lunas,Tidak,Ya,Ya,130.2,140.0,6,6,12.75,6,6,12.17,1.0,1.0,0.0866,Aman,Rendah
JJI-01716,Graduate,0,Nursing,Fase 2 - kuota umum,Lajang,Perempuan,Siang,19,≤20 th,Lunas,Tidak,Tidak,Ya,133.5,135.0,8,8,13.34,8,8,13.34,1.0,1.0,0.088,Aman,Rendah
JJI-01717,Graduate,0,Nursing,Fase 1 - kuota umum,Lajang,Perempuan,Siang,20,≤20 th,Lunas,Tidak,Ya,Ya,133.2,140.0,7,7,14.18,8,6,13.03,1.0,0.75,0.1279,Aman,Rendah
JJI-01718,Enrolled,0,Nursing,Usia di atas 23 tahun,Menikah,Laki-laki,Siang,33,28-35 th,Lunas,Tidak,Ya,Tidak,130.0,100.0,8,1,10.0,8,1,10.0,0.125,0.125,0.9212,Berisiko,Sangat Tinggi
JJI-01719,Dropout,1,Informatics Engineering,Usia di atas 23 tahun,Lajang,Laki-laki,Siang,24,24-27 th,Lunas,Tidak,Tidak,Tidak,129.0,160.0,5,0,0.0,5,2,14.5,0.0,0.4,0.7211,Berisiko,Tinggi
JJI-01720,Dropout,1,Management (kelas malam),Usia di atas 23 tahun,Lajang,Laki-laki,Malam,24,24-27 th,Lunas,Tidak,Tidak,Tidak,100.0,133.1,5,0,0.0,5,0,0.0,0.0,0.0,0.967,Berisiko,Sangat Tinggi
JJI-01721,Graduate,0,Veterinary Nursing,Fase 2 - kuota umum,Lajang,Laki-laki,Siang,18,≤20 th,Lunas,Tidak,Tidak,Ya,116.5,128.0,5,5,12.0,5,5,12.14,1.0,1.0,0.1681,Aman,Rendah
JJI-01722,Graduate,0,Tourism,Fase 1 - kuota umum,Lajang,Perempuan,Siang,18,≤20 th,Lunas,Tidak,Ya,Ya,124.2,121.0,6,6,10.57,6,5,11.4,1.0,0.833,0.1413,Aman,Rendah
JJI-01723,Graduate,0,Veterinary Nursing,Pindah institusi/prodi,Lajang,Perempuan,Siang,22,21-23 th,Lunas,Tidak,Tidak,Ya,138.8,127.0,12,11,14.15,12,12,15.43,0.917,1.0,0.067,Aman,Rendah
JJI-01724,Graduate,0,Journalism & Communication,Fase 1 - kuota umum,Lajang,Perempuan,Siang,18,≤20 th,Lunas,Tidak,Ya,Ya,126.4,132.0,6,6,11.17,6,5,12.4,1.0,0.833,0.1263,Aman,Rendah
JJI-01725,Graduate,0,Animation & Multimedia Design,Fase 1 - kuota umum,Lajang,Perempuan,Siang,21,21-23 th,Lunas,Tidak,Tidak,Ya,151.9,147.0,17,17,12.0,17,17,12.67,1.0,1.0,0.0348,Aman,Rendah
JJI-01726,Dropout,1,Management (kelas malam),Usia di atas 23 tahun,Menikah,Perempuan,Malam,38,>35 th,Lunas,Tidak,Tidak,Ya,120.0,110.0,5,3,11.33,5,4,12.0,0.6,0.8,0.4965,Berisiko,Tinggi
JJI-01727,Graduate,0,Social Service,Pindah program studi,Lajang,Perempuan,Siang,29,28-35 th,Lunas,Tidak,Ya,Tidak,131.9,142.0,16,16,12.59,13,13,13.36,1.0,1.0,0.0325,Aman,Rendah
JJI-01728,Enrolled,0,Equinculture,Pemegang diploma spesialisasi teknologi,Lajang,Perempuan,Siang,20,≤20 th,Lunas,Tidak,Ya,Ya,130.0,130.0,6,4,12.0,6,4,10.75,0.667,0.667,0.3627,Aman,Sedang
JJI-01729,Dropout,1,Tourism,Fase 2 - kuota umum,Lajang,Perempuan,Siang,18,≤20 th,Menunggak,Tidak,Tidak,Ya,131.7,131.0,6,0,0.0,6,0,0.0,0.0,0.0,0.991,Berisiko,Sangat Tinggi
JJI-01730,Graduate,0,Management (kelas malam),Pindah program studi,Menikah,Laki-laki,Malam,37,>35 th,Lunas,Tidak,Tidak,Tidak,132.5,110.0,12,12,12.25,13,13,12.85,1.0,1.0,0.1383,Aman,Rendah
JJI-01731,Graduate,0,Management,Fase 1 - kuota umum,Lajang,Laki-laki,Siang,20,≤20 th,Lunas,Tidak,Tidak,Tidak,116.5,128.0,5,5,11.6,5,5,12.8,1.0,1.0,0.1437,Aman,Rendah
JJI-01732,Dropout,1,Equinculture,Fase 1 - kuota umum,Lajang,Laki-laki,Siang,20,≤20 th,Menunggak,Tidak,Tidak,Ya,133.9,136.0,5,4,13.0,5,3,12.0,0.8,0.6,0.7693,Berisiko,Sangat Tinggi
JJI-01733,Dropout,1,Informatics Engineering,Usia di atas 23 tahun,Menikah,Laki-laki,Siang,40,>35 th,Lunas,Ya,Tidak,Tidak,145.4,120.0,5,3,10.67,5,2,12.5,0.6,0.4,0.8426,Berisiko,Sangat Tinggi
JJI-01734,Enrolled,0,Social Service (kelas malam),Usia di atas 23 tahun,Menikah,Laki-laki,Malam,44,>35 th,Lunas,Tidak,Tidak,Tidak,172.0,140.0,11,9,12.33,11,9,11.0,0.818,0.818,0.4709,Berisiko,Tinggi
JJI-01735,Dropout,1,Management,Fase 1 - kuota umum,Lajang,Laki-laki,Siang,21,21-23 th,Menunggak,Tidak,Tidak,Tidak,111.0,118.0,5,2,11.0,5,3,11.43,0.4,0.6,0.7318,Berisiko,Tinggi
JJI-01736,Graduate,0,Communication Design,Pemegang diploma spesialisasi teknologi,Lajang,Laki-laki,Siang,21,21-23 th,Lunas,Tidak,Tidak,Tidak,120.0,120.0,7,6,13.43,9,8,13.12,0.857,0.889,0.1706,Aman,Rendah
JJI-01737,Graduate,0,Nursing,Fase 1 - kuota umum,Lajang,Laki-laki,Siang,18,≤20 th,Lunas,Tidak,Tidak,Ya,129.8,151.0,8,8,13.05,8,8,13.05,1.0,1.0,0.1048,Aman,Rendah
JJI-01738,Enrolled,0,Nursing,Fase 1 - kuota umum,Lajang,Laki-laki,Siang,18,≤20 th,Lunas,Tidak,Tidak,Ya,118.1,130.0,7,6,12.04,8,7,13.75,0.857,0.875,0.1803,Aman,Rendah
JJI-01739,Graduate,0,Agronomy,Usia di atas 23 tahun,Lajang,Laki-laki,Siang,27,24-27 th,Lunas,Tidak,Tidak,Tidak,130.0,140.0,6,6,14.17,6,6,13.83,1.0,1.0,0.1566,Aman,Rendah
JJI-01740,Dropout,1,Communication Design,Usia di atas 23 tahun,Menikah,Laki-laki,Siang,38,>35 th,Menunggak,Tidak,Tidak,Tidak,126.3,133.1,6,0,0.0,6,0,0.0,0.0,0.0,0.9965,Berisiko,Sangat Tinggi
JJI-01741,Dropout,1,Equinculture,Fase 3 - kuota umum,Lajang,Laki-laki,Siang,18,≤20 th,Lunas,Tidak,Tidak,Tidak,137.8,146.0,6,5,13.6,6,3,12.67,0.833,0.5,0.5445,Berisiko,Tinggi
JJI-01742,Enrolled,0,Tourism,Fase 2 - kuota umum,Lajang,Laki-laki,Siang,19,≤20 th,Lunas,Tidak,Tidak,Ya,116.1,122.0,6,5,12.2,6,2,12.0,0.833,0.333,0.7038,Berisiko,Tinggi
JJI-01743,Dropout,1,Equinculture,Fase 1 - kuota umum,Lajang,Laki-laki,Siang,18,≤20 th,Lunas,Tidak,Tidak,Ya,115.4,121.0,6,6,13.71,6,5,13.33,1.0,0.833,0.2774,Aman,Sedang
JJI-01744,Dropout,1,Journalism & Communication,Pindah program studi,Lajang,Laki-laki,Siang,19,≤20 th,Menunggak,Ya,Tidak,Tidak,110.0,127.0,6,3,11.67,6,2,10.0,0.5,0.333,0.955,Berisiko,Sangat Tinggi
JJI-01745,Dropout,1,Advertising & Marketing Management,Usia di atas 23 tahun,Lajang,Laki-laki,Siang,44,>35 th,Menunggak,Ya,Tidak,Tidak,97.4,133.1,6,1,14.0,6,0,0.0,0.167,0.0,0.9978,Berisiko,Sangat Tinggi
JJI-01746,Dropout,1,Veterinary Nursing,Pemegang diploma spesialisasi teknologi,Lajang,Laki-laki,Siang,26,24-27 th,Lunas,Tidak,Tidak,Ya,130.0,130.0,6,4,12.5,6,3,10.0,0.667,0.5,0.5915,Berisiko,Tinggi
JJI-01747,Dropout,1,Equinculture,Pindah program studi,Lajang,Laki-laki,Siang,24,24-27 th,Menunggak,Ya,Tidak,Tidak,156.0,156.0,6,5,11.83,6,4,11.5,0.833,0.667,0.856,Berisiko,Sangat Tinggi
JJI-01748,Dropout,1,Agronomy,Usia di atas 23 tahun,Lajang,Laki-laki,Siang,27,24-27 th,Menunggak,Tidak,Tidak,Ya,126.1,130.0,6,0,0.0,6,0,0.0,0.0,0.0,0.9949,Berisiko,Sangat Tinggi
JJI-01749,Dropout,1,Agronomy,Usia di atas 23 tahun,Lajang,Laki-laki,Siang,27,24-27 th,Menunggak,Ya,Tidak,Tidak,120.0,110.0,6,0,0.0,6,0,0.0,0.0,0.0,0.9967,Berisiko,Sangat Tinggi
JJI-01750,Dropout,1,Communication Design,Pindah program studi,Lajang,Laki-laki,Siang,25,24-27 th,Lunas,Tidak,Tidak,Ya,105.2,108.0,17,13,11.54,15,10,12.4,0.765,0.667,0.669,Berisiko,Tinggi
JJI-01751,Enrolled,0,Agronomy,Pemegang diploma spesialisasi teknologi,Lajang,Laki-laki,Siang,21,21-23 th,Lunas,Tidak,Tidak,Ya,120.0,120.0,9,7,11.29,8,4,12.25,0.778,0.5,0.5657,Berisiko,Tinggi
JJI-01752,Graduate,0,Animation & Multimedia Design,Fase 1 - kuota umum,Lajang,Laki-laki,Siang,19,≤20 th,Lunas,Tidak,Ya,Ya,137.8,150.0,0,0,0.0,0,0,0.0,,,0.4649,Berisiko,Tinggi
JJI-01753,Enrolled,0,Communication Design,Fase 2 - kuota umum,Lajang,Laki-laki,Siang,20,≤20 th,Lunas,Tidak,Tidak,Ya,134.2,152.0,6,5,11.8,6,4,12.0,0.833,0.667,0.4541,Berisiko,Tinggi
JJI-01754,Enrolled,0,Informatics Engineering,Pemegang diploma spesialisasi teknologi,Lajang,Laki-laki,Siang,20,≤20 th,Lunas,Tidak,Tidak,Tidak,150.0,150.0,5,0,0.0,5,2,10.5,0.0,0.4,0.742,Berisiko,Tinggi
JJI-01755,Dropout,1,Informatics Engineering,Fase 2 - kuota umum,Lajang,Laki-laki,Siang,20,≤20 th,Menunggak,Ya,Tidak,Ya,116.0,123.0,5,0,0.0,5,0,0.0,0.0,0.0,0.9939,Berisiko,Sangat Tinggi
JJI-01756,Enrolled,0,Informatics Engineering,Fase 1 - kuota umum,Lajang,Laki-laki,Siang,18,≤20 th,Menunggak,Tidak,Ya,Tidak,143.4,150.0,5,5,14.2,5,5,14.2,1.0,1.0,0.2477,Aman,Rendah
JJI-01757,Enrolled,0,Animation & Multimedia Design,Fase 2 - kuota umum,Lajang,Laki-laki,Siang,19,≤20 th,Lunas,Ya,Tidak,Tidak,143.6,145.0,12,10,12.7,11,10,12.27,0.833,0.909,0.2755,Aman,Sedang
JJI-01758,Dropout,1,Equinculture,Pemegang diploma spesialisasi teknologi,Lajang,Perempuan,Siang,22,21-23 th,Menunggak,Tidak,Tidak,Ya,150.0,150.0,6,3,12.67,6,0,0.0,0.5,0.0,0.9876,Berisiko,Sangat Tinggi
JJI-01759,Graduate,0,Advertising & Marketing Management,Fase 1 - kuota umum,Lajang,Perempuan,Siang,19,≤20 th,Lunas,Tidak,Tidak,Ya,118.0,125.0,6,6,14.43,6,6,15.0,1.0,1.0,0.116,Aman,Rendah
JJI-01760,Graduate,0,Nursing,Fase 1 - kuota umum,Lajang,Perempuan,Siang,18,≤20 th,Lunas,Tidak,Ya,Ya,109.3,117.0,7,7,13.12,8,7,12.6,1.0,0.875,0.0824,Aman,Rendah
JJI-01761,Graduate,0,Social Service,Fase 1 - kuota umum,Lajang,Perempuan,Siang,20,≤20 th,Lunas,Ya,Tidak,Ya,119.3,121.0,6,6,12.67,6,6,11.83,1.0,1.0,0.1363,Aman,Rendah
JJI-01762,Dropout,1,Animation & Multimedia Design,Fase 2 - kuota umum,Lajang,Perempuan,Siang,18,≤20 th,Lunas,Tidak,Ya,Ya,146.3,140.0,0,0,0.0,0,0,0.0,,,0.4234,Berisiko,Tinggi
JJI-01763,Graduate,0,Journalism & Communication,Usia di atas 23 tahun,Lajang,Laki-laki,Siang,36,>35 th,Lunas,Tidak,Tidak,Tidak,161.5,130.0,6,6,15.29,6,6,16.5,1.0,1.0,0.2523,Aman,Sedang
JJI-01764,Graduate,0,Management,Mahasiswa internasional (S1),Lajang,Laki-laki,Siang,19,≤20 th,Lunas,Ya,Tidak,Tidak,140.0,140.0,5,3,10.5,5,4,11.25,0.6,0.8,0.3801,Aman,Sedang
JJI-01765,Graduate,0,Management,Pemegang diploma short cycle,Lajang,Laki-laki,Siang,21,21-23 th,Lunas,Tidak,Ya,Tidak,142.2,140.0,11,11,12.64,9,9,12.6,1.0,1.0,0.0518,Aman,Rendah
JJI-01766,Dropout,1,Management,Fase 1 - kuota umum,Lajang,Perempuan,Siang,26,24-27 th,Lunas,Tidak,Tidak,Ya,129.2,140.0,5,0,0.0,5,0,0.0,0.0,0.0,0.9242,Berisiko,Sangat Tinggi
JJI-01767,Dropout,1,Agronomy,Usia di atas 23 tahun,Lajang,Perempuan,Siang,29,28-35 th,Menunggak,Ya,Tidak,Tidak,100.0,140.0,9,3,14.33,7,1,14.0,0.333,0.143,0.9718,Berisiko,Sangat Tinggi
JJI-01768,Enrolled,0,Tourism,Pemegang diploma spesialisasi teknologi,Lajang,Laki-laki,Siang,26,24-27 th,Menunggak,Tidak,Tidak,Tidak,170.0,170.0,8,8,15.12,6,6,13.67,1.0,1.0,0.4492,Berisiko,Tinggi
JJI-01769,Dropout,1,Nursing,Pemegang gelar pendidikan tinggi lain,Lajang,Laki-laki,Siang,27,24-27 th,Lunas,Tidak,Tidak,Tidak,140.0,140.0,7,0,0.0,8,0,0.0,0.0,0.0,0.9856,Berisiko,Sangat Tinggi
JJI-01770,Enrolled,0,Management,Pindah institusi/prodi,Lajang,Laki-laki,Siang,32,28-35 th,Lunas,Ya,Tidak,Tidak,115.2,116.0,7,3,12.0,8,3,10.33,0.429,0.375,0.9106,Berisiko,Sangat Tinggi
JJI-01771,Enrolled,0,Basic Education,Fase 1 - kuota khusus (Madeira),Lajang,Perempuan,Siang,23,21-23 th,Lunas,Tidak,Ya,Ya,121.4,134.0,6,4,14.25,6,5,12.0,0.667,0.833,0.3429,Aman,Sedang
JJI-01772,Enrolled,0,Management,Usia di atas 23 tahun,Lajang,Perempuan,Siang,24,24-27 th,Lunas,Tidak,Tidak,Tidak,134.8,133.1,5,2,10.5,5,4,10.0,0.4,0.8,0.4267,Berisiko,Tinggi
JJI-01773,Graduate,0,Journalism & Communication,Fase 1 - kuota umum,Lajang,Perempuan,Siang,19,≤20 th,Lunas,Tidak,Ya,Ya,136.9,140.0,6,6,13.5,6,6,14.43,1.0,1.0,0.083,Aman,Rendah
JJI-01774,Enrolled,0,Agronomy,Transfer,Lajang,Laki-laki,Siang,25,24-27 th,Lunas,Tidak,Tidak,Ya,140.0,140.0,6,5,11.67,6,4,12.0,0.833,0.667,0.4943,Berisiko,Tinggi
JJI-01775,Enrolled,0,Tourism,Fase 2 - kuota umum,Lajang,Laki-laki,Siang,19,≤20 th,Lunas,Tidak,Tidak,Ya,112.2,108.0,6,5,10.8,6,3,10.0,0.833,0.5,0.6662,Berisiko,Tinggi
JJI-01776,Dropout,1,Journalism & Communication,Fase 1 - kuota umum,Lajang,Laki-laki,Siang,20,≤20 th,Menunggak,Tidak,Tidak,Tidak,148.7,149.0,4,0,0.0,4,0,0.0,0.0,0.0,0.9787,Berisiko,Sangat Tinggi
JJI-01777,Graduate,0,Tourism,Fase 1 - kuota umum,Menikah,Laki-laki,Siang,33,28-35 th,Lunas,Tidak,Tidak,Tidak,133.0,140.0,9,9,12.8,7,7,11.43,1.0,1.0,0.1969,Aman,Rendah
JJI-01778,Dropout,1,Management (kelas malam),Usia di atas 23 tahun,Menikah,Laki-laki,Malam,35,28-35 th,Lunas,Ya,Tidak,Tidak,150.0,140.0,5,5,10.8,5,5,12.0,1.0,1.0,0.4102,Aman,Sedang
JJI-01779,Graduate,0,Management,Fase 1 - kuota umum,Lajang,Laki-laki,Siang,23,21-23 th,Lunas,Tidak,Tidak,Ya,98.0,133.1,5,4,11.4,5,4,11.0,0.8,0.8,0.3427,Aman,Sedang
JJI-01780,Graduate,0,Nursing,Fase 1 - kuota umum,Lajang,Laki-laki,Siang,19,≤20 th,Lunas,Tidak,Tidak,Ya,122.4,125.0,7,7,13.73,8,8,14.5,1.0,1.0,0.0725,Aman,Rendah
JJI-01781,Enrolled,0,Advertising & Marketing Management,Fase 1 - kuota umum,Lajang,Laki-laki,Siang,21,21-23 th,Lunas,Tidak,Tidak,Tidak,139.0,133.1,6,5,12.8,6,5,12.25,0.833,0.833,0.24,Aman,Rendah
JJI-01782,Graduate,0,Communication Design,Fase 1 - kuota umum,Lajang,Laki-laki,Siang,21,21-23 th,Lunas,Tidak,Ya,Ya,112.0,133.1,6,6,13.5,6,6,11.17,1.0,1.0,0.1418,Aman,Rendah
JJI-01783,Dropout,1,Nursing,Usia di atas 23 tahun,Lajang,Laki-laki,Siang,27,24-27 th,Lunas,Tidak,Tidak,Tidak,143.8,130.0,8,7,15.57,8,7,15.57,0.875,0.875,0.1625,Aman,Rendah
JJI-01784,Enrolled,0,Management,Fase 2 - kuota umum,Lajang,Laki-laki,Siang,19,≤20 th,Lunas,Ya,Tidak,Ya,116.1,122.0,5,4,11.0,5,2,12.0,0.8,0.4,0.7195,Berisiko,Tinggi
JJI-01785,Dropout,1,Nursing,Pemegang gelar pendidikan tinggi lain,Lajang,Laki-laki,Siang,28,28-35 th,Lunas,Tidak,Tidak,Tidak,138.0,140.0,7,7,14.11,8,8,15.91,1.0,1.0,0.127,Aman,Rendah
JJI-01786,Enrolled,0,Management,Pindah program studi,Lajang,Laki-laki,Siang,25,24-27 th,Lunas,Tidak,Tidak,Tidak,110.0,123.0,5,3,11.0,5,4,11.5,0.6,0.8,0.3839,Aman,Sedang
JJI-01787,Dropout,1,Social Service,Usia di atas 23 tahun,Menikah,Laki-laki,Siang,42,>35 th,Lunas,Tidak,Tidak,Tidak,103.5,133.1,6,0,0.0,6,0,0.0,0.0,0.0,0.9861,Berisiko,Sangat Tinggi
JJI-01788,Graduate,0,Management (kelas malam),Pemegang gelar pendidikan tinggi lain,Lajang,Laki-laki,Malam,27,24-27 th,Lunas,Tidak,Tidak,Tidak,140.0,140.0,5,4,13.5,5,4,13.75,0.8,0.8,0.4198,Berisiko,Tinggi
JJI-01789,Dropout,1,Communication Design,Fase 1 - kuota umum,Lajang,Laki-laki,Siang,23,21-23 th,Lunas,Tidak,Tidak,Ya,108.7,116.0,6,4,11.25,6,0,0.0,0.667,0.0,0.939,Berisiko,Sangat Tinggi
JJI-01790,Graduate,0,Tourism,Fase 2 - kuota umum,Lajang,Laki-laki,Siang,18,≤20 th,Lunas,Tidak,Ya,Ya,115.9,118.0,6,6,12.14,6,6,11.33,1.0,1.0,0.1734,Aman,Rendah
JJI-01791,Graduate,0,Nursing,Usia di atas 23 tahun,Menikah,Laki-laki,Siang,26,24-27 th,Lunas,Tidak,Tidak,Tidak,127.3,140.0,8,7,13.08,8,7,13.08,0.875,0.875,0.1894,Aman,Rendah
JJI-01792,Dropout,1,Management,Fase 1 - kuota umum,Lajang,Laki-laki,Siang,18,≤20 th,Lunas,Tidak,Tidak,Tidak,138.7,146.0,5,0,0.0,5,0,0.0,0.0,0.0,0.9314,Berisiko,Sangat Tinggi
JJI-01793,Dropout,1,Management (kelas malam),Usia di atas 23 tahun,Lajang,Laki-laki,Malam,29,28-35 th,Lunas,Ya,Tidak,Tidak,135.8,150.0,5,3,11.0,5,2,13.5,0.6,0.4,0.7815,Berisiko,Sangat Tinggi
JJI-01794,Dropout,1,Veterinary Nursing,Fase 2 - kuota umum,Lajang,Laki-laki,Siang,22,21-23 th,Lunas,Tidak,Tidak,Ya,134.6,137.0,6,0,0.0,6,0,0.0,0.0,0.0,0.9695,Berisiko,Sangat Tinggi
JJI-01795,Enrolled,0,Nursing,Pindah program studi,Lajang,Perempuan,Siang,21,21-23 th,Lunas,Tidak,Tidak,Ya,118.4,136.0,7,4,13.12,7,6,12.33,0.571,0.857,0.2701,Aman,Sedang
JJI-01796,Graduate,0,Nursing,Fase 1 - kuota umum,Lajang,Perempuan,Siang,19,≤20 th,Lunas,Tidak,Ya,Ya,132.8,134.0,8,7,13.51,8,7,13.51,0.875,0.875,0.0856,Aman,Rendah
JJI-01797,Graduate,0,Social Service,Fase 1 - kuota umum,Lajang,Perempuan,Siang,18,≤20 th,Lunas,Tidak,Ya,Ya,155.5,160.0,6,6,12.83,6,6,12.17,1.0,1.0,0.0532,Aman,Rendah
JJI-01798,Dropout,1,Veterinary Nursing,Fase 1 - kuota umum,Lajang,Perempuan,Siang,18,≤20 th,Lunas,Tidak,Ya,Ya,132.0,126.0,5,3,15.0,5,3,11.67,0.6,0.6,0.2021,Aman,Rendah
JJI-01799,Dropout,1,Agronomy,Usia di atas 23 tahun,Lajang,Perempuan,Siang,40,>35 th,Menunggak,Ya,Tidak,Tidak,110.0,133.1,6,5,12.8,6,3,13.33,0.833,0.5,0.9067,Berisiko,Sangat Tinggi
JJI-01800,Dropout,1,Tourism,Fase 2 - kuota umum,Lajang,Perempuan,Siang,20,≤20 th,Menunggak,Ya,Tidak,Ya,127.3,114.0,6,3,12.33,6,0,0.0,0.5,0.0,0.9917,Berisiko,Sangat Tinggi
JJI-01801,Dropout,1,Nursing,Fase 1 - kuota umum,Lajang,Laki-laki,Siang,18,≤20 th,Lunas,Tidak,Tidak,Ya,126.0,139.0,8,5,12.29,8,5,12.29,0.625,0.625,0.4334,Berisiko,Tinggi
JJI-01802,Graduate,0,Social Service (kelas malam),Pindah program studi,Lajang,Laki-laki,Malam,31,28-35 th,Lunas,Tidak,Tidak,Tidak,130.0,130.0,12,12,12.33,10,7,13.29,1.0,0.7,0.3157,Aman,Sedang
JJI-01803,Graduate,0,Management,Fase 1 - kuota umum,Lajang,Laki-laki,Siang,18,≤20 th,Lunas,Tidak,Ya,Tidak,118.8,131.0,5,4,11.5,5,5,12.8,0.8,1.0,0.1023,Aman,Rendah
JJI-01804,Dropout,1,Advertising & Marketing Management,Pindah program studi,Lajang,Laki-laki,Siang,22,21-23 th,Lunas,Tidak,Tidak,Ya,127.6,130.0,6,6,11.83,6,4,11.14,1.0,0.667,0.4452,Berisiko,Tinggi
JJI-01805,Dropout,1,Management,Pindah institusi/prodi,Lajang,Laki-laki,Siang,38,>35 th,Menunggak,Ya,Tidak,Tidak,112.1,133.1,5,0,0.0,5,0,0.0,0.0,0.0,0.9962,Berisiko,Sangat Tinggi
JJI-01806,Dropout,1,Management (kelas malam),Pindah program studi,Lajang,Laki-laki,Malam,33,28-35 th,Lunas,Tidak,Tidak,Tidak,130.0,130.0,5,0,0.0,5,0,0.0,0.0,0.0,0.9732,Berisiko,Sangat Tinggi
JJI-01807,Enrolled,0,Informatics Engineering,Fase 1 - kuota umum,Lajang,Laki-laki,Siang,19,≤20 th,Lunas,Tidak,Ya,Tidak,111.1,117.0,5,5,11.8,5,3,11.5,1.0,0.6,0.2558,Aman,Sedang
JJI-01808,Dropout,1,Advertising & Marketing Management,Fase 2 - kuota umum,Lajang,Laki-laki,Siang,18,≤20 th,Lunas,Tidak,Tidak,Tidak,121.4,127.0,6,0,0.0,6,0,0.0,0.0,0.0,0.9656,Berisiko,Sangat Tinggi
JJI-01809,Enrolled,0,Informatics Engineering,Fase 1 - kuota umum,Lajang,Laki-laki,Siang,18,≤20 th,Menunggak,Tidak,Ya,Tidak,126.8,131.0,5,5,12.2,5,4,12.0,1.0,0.8,0.4544,Berisiko,Tinggi
JJI-01810,Graduate,0,Management (kelas malam),Pindah institusi/prodi,Lajang,Laki-laki,Malam,27,24-27 th,Lunas,Tidak,Tidak,Ya,120.6,134.0,6,6,12.33,5,5,13.0,1.0,1.0,0.3,Aman,Sedang
JJI-01811,Graduate,0,Tourism,Usia di atas 23 tahun,Lajang,Laki-laki,Siang,26,24-27 th,Lunas,Tidak,Tidak,Tidak,126.5,130.0,6,6,12.43,6,6,12.83,1.0,1.0,0.2146,Aman,Rendah
JJI-01812,Graduate,0,Nursing,Fase 1 - kuota umum,Lajang,Perempuan,Siang,19,≤20 th,Lunas,Tidak,Ya,Ya,120.2,127.0,7,7,12.77,8,8,13.54,1.0,1.0,0.0534,Aman,Rendah
JJI-01813,Dropout,1,Nursing,Pindah institusi/prodi,Menikah,Laki-laki,Siang,44,>35 th,Lunas,Tidak,Tidak,Tidak,120.0,130.0,7,5,12.1,7,5,12.6,0.714,0.714,0.5387,Berisiko,Tinggi
JJI-01814,Graduate,0,Management,Fase 1 - kuota umum,Lajang,Laki-laki,Siang,19,≤20 th,Lunas,Tidak,Tidak,Ya,137.5,142.0,5,5,12.0,5,5,11.5,1.0,1.0,0.1851,Aman,Rendah
JJI-01815,Dropout,1,Communication Design,Fase 3 - kuota umum,Lajang,Laki-laki,Siang,20,≤20 th,Lunas,Tidak,Tidak,Ya,127.9,117.0,6,0,0.0,6,0,0.0,0.0,0.0,0.9636,Berisiko,Sangat Tinggi
JJI-01816,Enrolled,0,Agronomy,Usia di atas 23 tahun,Lajang,Laki-laki,Siang,24,24-27 th,Lunas,Ya,Tidak,Tidak,140.0,133.1,6,6,14.89,6,6,13.73,1.0,1.0,0.2322,Aman,Rendah
JJI-01817,Graduate,0,Management (kelas malam),Pindah program studi,Bercerai,Perempuan,Malam,31,28-35 th,Lunas,Tidak,Tidak,Tidak,131.8,164.0,14,13,11.36,14,13,12.0,0.929,0.929,0.1222,Aman,Rendah
JJI-01818,Graduate,0,Communication Design,Pindah program studi,Lajang,Perempuan,Siang,25,24-27 th,Lunas,Tidak,Tidak,Ya,129.0,130.0,6,6,13.5,6,6,12.5,1.0,1.0,0.1528,Aman,Rendah
JJI-01819,Dropout,1,Journalism & Communication,Fase 2 - kuota umum,Lajang,Perempuan,Siang,19,≤20 th,Menunggak,Ya,Tidak,Ya,115.8,127.0,6,0,0.0,6,0,0.0,0.0,0.0,0.9966,Berisiko,Sangat Tinggi
JJI-01820,Dropout,1,Nursing,Fase 2 - kuota umum,Lajang,Perempuan,Siang,18,≤20 th,Lunas,Tidak,Tidak,Ya,126.4,140.0,7,7,13.88,8,8,14.75,1.0,1.0,0.0754,Aman,Rendah
JJI-01821,Enrolled,0,Veterinary Nursing,Pindah program studi,Lajang,Perempuan,Siang,19,≤20 th,Menunggak,Tidak,Tidak,Ya,130.0,130.0,6,5,13.0,6,3,11.67,0.833,0.5,0.7097,Berisiko,Tinggi
JJI-01822,Enrolled,0,Nursing,Fase 1 - kuota umum,Lajang,Perempuan,Siang,19,≤20 th,Lunas,Tidak,Ya,Ya,114.8,122.0,7,4,12.65,7,5,11.1,0.571,0.714,0.2361,Aman,Rendah
JJI-01823,Enrolled,0,Management,Fase 2 - kuota umum,Lajang,Perempuan,Siang,19,≤20 th,Lunas,Tidak,Tidak,Ya,138.6,162.0,5,1,11.0,5,0,0.0,0.2,0.0,0.9241,Berisiko,Sangat Tinggi
JJI-01824,Dropout,1,Advertising & Marketing Management,Usia di atas 23 tahun,Lajang,Perempuan,Siang,24,24-27 th,Lunas,Tidak,Tidak,Tidak,112.9,133.1,6,2,11.67,6,2,10.5,0.333,0.333,0.7839,Berisiko,Sangat Tinggi
JJI-01825,Graduate,0,Social Service,Fase 1 - kuota umum,Lajang,Perempuan,Siang,20,≤20 th,Lunas,Tidak,Tidak,Tidak,111.6,120.0,6,6,14.5,6,6,12.67,1.0,1.0,0.0716,Aman,Rendah
JJI-01826,Graduate,0,Tourism,Fase 2 - kuota umum,Lajang,Perempuan,Siang,18,≤20 th,Lunas,Tidak,Tidak,Tidak,152.0,160.0,6,6,14.71,6,6,14.17,1.0,1.0,0.101,Aman,Rendah
JJI-01827,Graduate,0,Social Service,Fase 1 - kuota umum,Lajang,Perempuan,Siang,18,≤20 th,Lunas,Tidak,Ya,Tidak,132.6,141.0,6,6,13.29,6,6,14.33,1.0,1.0,0.0364,Aman,Rendah
JJI-01828,Enrolled,0,Veterinary Nursing,Fase 2 - kuota umum,Lajang,Perempuan,Siang,21,21-23 th,Lunas,Tidak,Tidak,Ya,118.4,125.0,5,3,11.33,5,2,10.5,0.6,0.4,0.5543,Berisiko,Tinggi
JJI-01829,Dropout,1,Nursing,Pemegang gelar pendidikan tinggi lain,Lajang,Perempuan,Siang,28,28-35 th,Menunggak,Ya,Tidak,Tidak,120.0,120.0,7,0,0.0,7,0,0.0,0.0,0.0,0.9975,Berisiko,Sangat Tinggi
JJI-01830,Enrolled,0,Management,Fase 1 - kuota umum,Lajang,Perempuan,Siang,18,≤20 th,Lunas,Tidak,Ya,Tidak,122.1,128.0,5,4,11.57,5,5,12.0,0.8,1.0,0.0825,Aman,Rendah
JJI-01831,Dropout,1,Basic Education,Fase 1 - kuota umum,Lajang,Perempuan,Siang,18,≤20 th,Lunas,Ya,Tidak,Tidak,142.8,162.0,6,5,13.0,6,4,11.5,0.833,0.667,0.4967,Berisiko,Tinggi
JJI-01832,Graduate,0,Social Service,Fase 1 - kuota umum,Lajang,Perempuan,Siang,18,≤20 th,Lunas,Tidak,Ya,Tidak,124.8,130.0,6,6,11.5,6,5,14.0,1.0,0.833,0.0605,Aman,Rendah
JJI-01833,Graduate,0,Management,Fase 2 - kuota umum,Lajang,Perempuan,Siang,18,≤20 th,Lunas,Tidak,Ya,Ya,126.3,134.0,5,5,11.8,5,5,11.6,1.0,1.0,0.1084,Aman,Rendah
JJI-01834,Dropout,1,Management,Fase 1 - kuota umum,Lajang,Perempuan,Siang,19,≤20 th,Menunggak,Tidak,Ya,Ya,119.0,133.1,5,3,10.67,5,3,12.29,0.6,0.6,0.5607,Berisiko,Tinggi
JJI-01835,Graduate,0,Nursing,Fase 2 - kuota umum,Lajang,Perempuan,Siang,19,≤20 th,Lunas,Tidak,Ya,Tidak,124.9,137.0,7,6,13.89,8,8,14.86,0.857,1.0,0.0538,Aman,Rendah
JJI-01836,Graduate,0,Social Service,Fase 1 - kuota umum,Lajang,Perempuan,Siang,20,≤20 th,Lunas,Ya,Ya,Tidak,118.0,133.1,6,5,11.4,6,6,11.5,0.833,1.0,0.1064,Aman,Rendah
JJI-01837,Graduate,0,Social Service (kelas malam),Pindah program studi,Menikah,Perempuan,Malam,34,28-35 th,Lunas,Tidak,Tidak,Tidak,100.0,110.0,11,9,12.33,7,7,12.14,0.818,1.0,0.2051,Aman,Rendah
JJI-01838,Enrolled,0,Nursing,Usia di atas 23 tahun,Menikah,Perempuan,Siang,39,>35 th,Lunas,Tidak,Tidak,Ya,109.0,133.1,7,5,12.16,7,5,12.16,0.714,0.714,0.4605,Berisiko,Tinggi
JJI-01839,Graduate,0,Nursing,Fase 2 - kuota umum,Lajang,Perempuan,Siang,19,≤20 th,Lunas,Tidak,Tidak,Ya,130.8,133.0,8,8,13.43,8,8,13.43,1.0,1.0,0.0905,Aman,Rendah
JJI-01840,Graduate,0,Communication Design,Usia di atas 23 tahun,Lajang,Perempuan,Siang,24,24-27 th,Lunas,Tidak,Tidak,Ya,110.0,130.0,6,6,15.17,6,2,15.5,1.0,0.333,0.4641,Berisiko,Tinggi
JJI-01841,Dropout,1,Journalism & Communication,Ordinance No. 854-B/99,Lajang,Perempuan,Siang,18,≤20 th,Lunas,Tidak,Tidak,Ya,151.0,151.0,6,0,0.0,6,0,0.0,0.0,0.0,0.9675,Berisiko,Sangat Tinggi
JJI-01842,Dropout,1,Equinculture,Fase 2 - kuota umum,Lajang,Laki-laki,Siang,19,≤20 th,Lunas,Tidak,Tidak,Ya,131.0,125.0,5,2,10.5,5,0,0.0,0.4,0.0,0.9619,Berisiko,Sangat Tinggi
JJI-01843,Graduate,0,Management,Fase 1 - kuota umum,Lajang,Laki-laki,Siang,18,≤20 th,Lunas,Tidak,Ya,Tidak,155.2,158.0,5,5,11.8,5,3,11.0,1.0,0.6,0.1966,Aman,Rendah
JJI-01844,Enrolled,0,Management,Fase 1 - kuota umum,Lajang,Laki-laki,Siang,20,≤20 th,Lunas,Ya,Tidak,Ya,121.0,128.0,5,5,13.2,5,5,11.4,1.0,1.0,0.2521,Aman,Sedang
JJI-01845,Graduate,0,Nursing,Fase 1 - kuota umum,Lajang,Laki-laki,Siang,19,≤20 th,Lunas,Ya,Tidak,Ya,119.7,133.0,7,7,13.08,8,8,12.36,1.0,1.0,0.1787,Aman,Rendah
JJI-01846,Dropout,1,Equinculture,Fase 1 - kuota umum,Lajang,Laki-laki,Siang,19,≤20 th,Lunas,Tidak,Tidak,Ya,131.0,138.0,6,4,11.6,6,2,13.0,0.667,0.333,0.6584,Berisiko,Tinggi
JJI-01847,Dropout,1,Agronomy,Fase 2 - kuota umum,Lajang,Laki-laki,Siang,19,≤20 th,Lunas,Tidak,Tidak,Tidak,116.9,126.0,6,6,13.67,6,4,12.25,1.0,0.667,0.2893,Aman,Sedang
JJI-01848,Dropout,1,Management (kelas malam),Usia di atas 23 tahun,Menikah,Laki-laki,Malam,41,>35 th,Lunas,Tidak,Tidak,Ya,130.0,140.0,5,4,10.75,5,2,10.0,0.8,0.4,0.8024,Berisiko,Sangat Tinggi
JJI-01849,Graduate,0,Nursing,Fase 1 - kuota umum,Lajang,Laki-laki,Siang,19,≤20 th,Lunas,Tidak,Tidak,Tidak,137.8,143.0,7,6,13.49,8,8,12.69,0.857,1.0,0.096,Aman,Rendah
JJI-01850,Enrolled,0,Tourism,Pindah program studi,Lajang,Laki-laki,Siang,19,≤20 th,Lunas,Tidak,Tidak,Tidak,122.1,135.0,6,3,12.5,6,4,11.0,0.5,0.667,0.5179,Berisiko,Tinggi
JJI-01851,Dropout,1,Nursing,Pemegang gelar pendidikan tinggi lain,Lajang,Laki-laki,Siang,23,21-23 th,Menunggak,Tidak,Tidak,Ya,120.0,120.0,7,0,0.0,8,0,0.0,0.0,0.0,0.9972,Berisiko,Sangat Tinggi
JJI-01852,Dropout,1,Informatics Engineering,Fase 1 - kuota umum,Lajang,Laki-laki,Siang,18,≤20 th,Lunas,Tidak,Tidak,Tidak,133.0,148.0,5,5,13.29,5,5,14.8,1.0,1.0,0.1016,Aman,Rendah
JJI-01853,Graduate,0,Management,Fase 1 - kuota umum,Lajang,Laki-laki,Siang,19,≤20 th,Lunas,Tidak,Tidak,Tidak,115.2,126.0,5,5,12.6,5,5,11.8,1.0,1.0,0.1418,Aman,Rendah
JJI-01854,Graduate,0,Agronomy,Pemegang diploma spesialisasi teknologi,Lajang,Laki-laki,Siang,20,≤20 th,Lunas,Tidak,Tidak,Ya,160.0,160.0,6,6,14.0,6,6,14.67,1.0,1.0,0.1027,Aman,Rendah
JJI-01855,Dropout,1,Veterinary Nursing,Usia di atas 23 tahun,Lajang,Laki-laki,Siang,35,28-35 th,Menunggak,Ya,Tidak,Tidak,106.3,140.0,5,2,11.5,5,2,10.5,0.4,0.4,0.9506,Berisiko,Sangat Tinggi
JJI-01856,Dropout,1,Advertising & Marketing Management,Usia di atas 23 tahun,Bercerai,Laki-laki,Siang,34,28-35 th,Menunggak,Tidak,Tidak,Tidak,103.0,133.1,6,0,0.0,6,0,0.0,0.0,0.0,0.9948,Berisiko,Sangat Tinggi
JJI-01857,Graduate,0,Communication Design,Fase 1 - kuota umum,Lajang,Perempuan,Siang,19,≤20 th,Menunggak,Ya,Ya,Ya,136.0,136.0,6,6,11.83,6,6,12.88,1.0,1.0,0.3179,Aman,Sedang
JJI-01858,Graduate,0,Social Service,Mahasiswa internasional (S1),Lajang,Laki-laki,Siang,22,21-23 th,Menunggak,Ya,Tidak,Ya,146.5,150.0,6,5,11.5,6,5,12.4,0.833,0.833,0.6107,Berisiko,Tinggi
JJI-01859,Graduate,0,Communication Design,Fase 2 - kuota umum,Lajang,Laki-laki,Siang,20,≤20 th,Lunas,Tidak,Tidak,Tidak,131.4,130.0,6,6,14.17,6,6,12.33,1.0,1.0,0.1843,Aman,Rendah
JJI-01860,Enrolled,0,Management (kelas malam),Transfer,Menikah,Laki-laki,Malam,27,24-27 th,Lunas,Tidak,Tidak,Tidak,130.0,130.0,2,2,12.5,5,2,12.5,1.0,0.4,0.575,Berisiko,Tinggi
JJI-01861,Dropout,1,Informatics Engineering,Usia di atas 23 tahun,Menikah,Laki-laki,Siang,30,28-35 th,Lunas,Ya,Tidak,Tidak,137.0,110.0,5,0,0.0,5,0,0.0,0.0,0.0,0.9754,Berisiko,Sangat Tinggi
JJI-01862,Enrolled,0,Informatics Engineering,Usia di atas 23 tahun,Lajang,Laki-laki,Siang,34,28-35 th,Lunas,Tidak,Tidak,Tidak,125.9,110.0,5,0,0.0,5,1,11.0,0.0,0.2,0.8883,Berisiko,Sangat Tinggi
JJI-01863,Dropout,1,Tourism,Fase 1 - kuota umum,Lajang,Laki-laki,Siang,20,≤20 th,Menunggak,Tidak,Tidak,Ya,111.9,121.0,6,2,10.5,6,0,0.0,0.333,0.0,0.9903,Berisiko,Sangat Tinggi
JJI-01864,Graduate,0,Communication Design,Fase 2 - kuota umum,Lajang,Laki-laki,Siang,18,≤20 th,Lunas,Tidak,Tidak,Ya,131.2,127.0,6,6,11.83,6,6,13.17,1.0,1.0,0.1494,Aman,Rendah
JJI-01865,Dropout,1,Equinculture,Fase 1 - kuota umum,Lajang,Laki-laki,Siang,26,24-27 th,Lunas,Tidak,Ya,Tidak,131.2,140.0,5,0,0.0,5,0,0.0,0.0,0.0,0.9436,Berisiko,Sangat Tinggi
JJI-01866,Graduate,0,Management (kelas malam),Usia di atas 23 tahun,Lajang,Laki-laki,Malam,26,24-27 th,Lunas,Tidak,Tidak,Tidak,140.0,130.0,5,5,12.4,5,5,12.4,1.0,1.0,0.2422,Aman,Rendah
JJI-01867,Dropout,1,Management,Usia di atas 23 tahun,Lajang,Laki-laki,Siang,26,24-27 th,Menunggak,Tidak,Tidak,Tidak,121.5,130.0,5,2,10.5,5,0,0.0,0.4,0.0,0.9831,Berisiko,Sangat Tinggi
JJI-01868,Dropout,1,Management (kelas malam),Usia di atas 23 tahun,Lajang,Laki-laki,Malam,31,28-35 th,Menunggak,Ya,Tidak,Tidak,153.5,100.0,5,0,0.0,5,0,0.0,0.0,0.0,0.9959,Berisiko,Sangat Tinggi
JJI-01869,Graduate,0,Animation & Multimedia Design,Fase 1 - kuota umum,Lajang,Laki-laki,Siang,20,≤20 th,Lunas,Tidak,Ya,Ya,142.2,139.0,12,12,14.58,11,11,14.33,1.0,1.0,0.0574,Aman,Rendah
JJI-01870,Graduate,0,Journalism & Communication,Fase 1 - kuota umum,Lajang,Laki-laki,Siang,19,≤20 th,Lunas,Tidak,Tidak,Ya,131.1,150.0,6,6,11.67,6,3,12.67,1.0,0.5,0.4565,Berisiko,Tinggi
JJI-01871,Dropout,1,Advertising & Marketing Management,Fase 2 - kuota umum,Lajang,Laki-laki,Siang,23,21-23 th,Menunggak,Ya,Tidak,Ya,130.6,133.1,5,0,0.0,5,0,0.0,0.0,0.0,0.9953,Berisiko,Sangat Tinggi
JJI-01872,Dropout,1,Nursing,Fase 1 - kuota umum,Lajang,Laki-laki,Siang,20,≤20 th,Lunas,Tidak,Ya,Ya,115.0,119.0,7,1,13.0,7,0,0.0,0.143,0.0,0.9548,Berisiko,Sangat Tinggi
JJI-01873,Graduate,0,Nursing,Pindah institusi/prodi,Lajang,Laki-laki,Siang,20,≤20 th,Lunas,Tidak,Tidak,Tidak,125.0,170.0,7,7,15.66,10,9,15.01,1.0,0.9,0.1106,Aman,Rendah
JJI-01874,Dropout,1,Social Service (kelas malam),Usia di atas 23 tahun,Lajang,Laki-laki,Malam,29,28-35 th,Lunas,Tidak,Tidak,Ya,97.5,133.1,6,0,0.0,5,0,0.0,0.0,0.0,0.9689,Berisiko,Sangat Tinggi
JJI-01875,Graduate,0,Journalism & Communication,Fase 1 - kuota umum,Lajang,Laki-laki,Siang,20,≤20 th,Lunas,Tidak,Ya,Ya,134.4,133.0,6,6,12.17,6,4,12.75,1.0,0.667,0.292,Aman,Sedang
JJI-01876,Graduate,0,Nursing,Fase 1 - kuota umum,Lajang,Laki-laki,Siang,24,24-27 th,Lunas,Tidak,Tidak,Tidak,118.8,125.0,7,6,13.3,7,6,13.3,0.857,0.857,0.166,Aman,Rendah
JJI-01877,Dropout,1,Oral Hygiene,Usia di atas 23 tahun,Lajang,Laki-laki,Siang,37,>35 th,Lunas,Tidak,Tidak,Tidak,110.5,133.1,7,0,0.0,7,0,0.0,0.0,0.0,0.9894,Berisiko,Sangat Tinggi
JJI-01878,Dropout,1,Nursing,Fase 1 - kuota umum,Lajang,Laki-laki,Siang,18,≤20 th,Lunas,Tidak,Tidak,Ya,123.3,143.0,7,0,0.0,8,0,0.0,0.0,0.0,0.9861,Berisiko,Sangat Tinggi
JJI-01879,Dropout,1,Animation & Multimedia Design,Fase 1 - kuota umum,Lajang,Laki-laki,Siang,18,≤20 th,Menunggak,Ya,Ya,Ya,139.6,127.0,0,0,0.0,0,0,0.0,,,0.8553,Berisiko,Sangat Tinggi
JJI-01880,Graduate,0,Nursing,Fase 2 - kuota umum,Lajang,Laki-laki,Siang,18,≤20 th,Lunas,Tidak,Tidak,Tidak,138.8,157.0,8,7,13.56,8,7,13.56,0.875,0.875,0.1554,Aman,Rendah
JJI-01881,Enrolled,0,Informatics Engineering,Pemegang diploma spesialisasi teknologi,Menikah,Laki-laki,Siang,41,>35 th,Lunas,Ya,Tidak,Tidak,160.0,160.0,7,5,14.33,6,6,14.64,0.714,1.0,0.4319,Berisiko,Tinggi
JJI-01882,Dropout,1,Agronomy,Usia di atas 23 tahun,Lajang,Laki-laki,Siang,35,28-35 th,Lunas,Tidak,Tidak,Tidak,140.0,140.0,6,4,12.0,6,3,10.33,0.667,0.5,0.6769,Berisiko,Tinggi
JJI-01883,Dropout,1,Tourism,Fase 2 - kuota umum,Lajang,Perempuan,Siang,19,≤20 th,Lunas,Tidak,Tidak,Tidak,118.2,128.0,5,0,0.0,6,0,0.0,0.0,0.0,0.959,Berisiko,Sangat Tinggi
JJI-01884,Graduate,0,Animation & Multimedia Design,Fase 1 - kuota umum,Lajang,Laki-laki,Siang,18,≤20 th,Lunas,Tidak,Tidak,Ya,150.6,145.0,0,0,0.0,0,0,0.0,,,0.5672,Berisiko,Tinggi
JJI-01885,Enrolled,0,Nursing,Usia di atas 23 tahun,Menikah,Perempuan,Siang,48,>35 th,Lunas,Tidak,Tidak,Tidak,115.2,133.1,7,4,11.75,7,3,11.72,0.571,0.429,0.7707,Berisiko,Sangat Tinggi
JJI-01886,Graduate,0,Nursing,Fase 1 - kuota umum,Lajang,Perempuan,Siang,19,≤20 th,Lunas,Tidak,Tidak,Ya,126.0,132.0,7,6,12.18,7,6,12.18,0.857,0.857,0.1423,Aman,Rendah
JJI-01887,Dropout,1,Agronomy,Pemegang diploma spesialisasi teknologi,Lajang,Laki-laki,Siang,30,28-35 th,Menunggak,Tidak,Tidak,Ya,160.0,160.0,9,6,11.83,8,4,11.0,0.667,0.5,0.913,Berisiko,Sangat Tinggi
JJI-01888,Dropout,1,Journalism & Communication,Pindah program studi,Menikah,Laki-laki,Siang,51,>35 th,Menunggak,Ya,Tidak,Tidak,160.0,160.0,4,0,0.0,4,0,0.0,0.0,0.0,0.9964,Berisiko,Sangat Tinggi
JJI-01889,Graduate,0,Veterinary Nursing,Ordinance No. 854-B/99,Lajang,Perempuan,Siang,18,≤20 th,Lunas,Tidak,Tidak,Tidak,184.4,184.4,6,6,15.0,6,5,14.33,1.0,0.833,0.125,Aman,Rendah
JJI-01890,Graduate,0,Animation & Multimedia Design,Fase 1 - kuota umum,Lajang,Perempuan,Siang,18,≤20 th,Lunas,Tidak,Tidak,Ya,156.0,149.0,0,0,0.0,0,0,0.0,,,0.4672,Berisiko,Tinggi
JJI-01891,Graduate,0,Animation & Multimedia Design,Fase 1 - kuota umum,Lajang,Perempuan,Siang,18,≤20 th,Lunas,Tidak,Tidak,Ya,150.2,146.0,0,0,0.0,0,0,0.0,,,0.4594,Berisiko,Tinggi
JJI-01892,Graduate,0,Nursing,Fase 1 - kuota umum,Lajang,Perempuan,Siang,18,≤20 th,Lunas,Tidak,Ya,Ya,126.3,139.0,8,8,13.44,8,8,13.44,1.0,1.0,0.0556,Aman,Rendah
JJI-01893,Dropout,1,Equinculture,Fase 1 - kuota umum,Lajang,Perempuan,Siang,18,≤20 th,Lunas,Tidak,Tidak,Ya,146.1,152.0,5,4,13.5,5,0,0.0,0.8,0.0,0.865,Berisiko,Sangat Tinggi
JJI-01894,Enrolled,0,Animation & Multimedia Design,Fase 1 - kuota umum,Lajang,Perempuan,Siang,18,≤20 th,Lunas,Tidak,Tidak,Ya,145.3,147.0,0,0,0.0,0,0,0.0,,,0.5008,Berisiko,Tinggi
JJI-01895,Graduate,0,Animation & Multimedia Design,Fase 3 - kuota umum,Lajang,Perempuan,Siang,23,21-23 th,Lunas,Tidak,Tidak,Ya,116.8,121.0,17,17,11.5,17,17,12.18,1.0,1.0,0.0604,Aman,Rendah
JJI-01896,Enrolled,0,Communication Design,Fase 1 - kuota umum,Lajang,Perempuan,Siang,19,≤20 th,Lunas,Tidak,Tidak,Ya,132.1,124.0,6,2,10.5,6,3,11.0,0.333,0.5,0.559,Berisiko,Tinggi
JJI-01897,Enrolled,0,Veterinary Nursing,Fase 1 - kuota umum,Lajang,Perempuan,Siang,21,21-23 th,Lunas,Tidak,Tidak,Tidak,102.6,105.0,6,4,12.0,6,2,11.5,0.667,0.333,0.4941,Berisiko,Tinggi
JJI-01898,Dropout,1,Journalism & Communication,Fase 1 - kuota umum,Lajang,Perempuan,Siang,18,≤20 th,Menunggak,Ya,Tidak,Ya,112.3,121.0,6,5,12.2,6,4,11.5,0.833,0.667,0.7827,Berisiko,Sangat Tinggi
JJI-01899,Graduate,0,Animation & Multimedia Design,Fase 1 - kuota umum,Lajang,Perempuan,Siang,18,≤20 th,Lunas,Tidak,Tidak,Ya,155.3,143.0,0,0,0.0,0,0,0.0,,,0.4685,Berisiko,Tinggi
JJI-01900,Graduate,0,Veterinary Nursing,Pemegang diploma short cycle,Lajang,Perempuan,Siang,21,21-23 th,Lunas,Tidak,Tidak,Ya,153.8,150.0,11,10,14.5,9,8,14.0,0.909,0.889,0.112,Aman,Rendah
JJI-01901,Graduate,0,Journalism & Communication,Pindah program studi,Lajang,Perempuan,Siang,20,≤20 th,Lunas,Ya,Tidak,Tidak,110.0,126.0,6,6,13.33,6,6,12.67,1.0,1.0,0.2361,Aman,Rendah
JJI-01902,Graduate,0,Veterinary Nursing,Transfer,Lajang,Perempuan,Siang,24,24-27 th,Lunas,Tidak,Tidak,Tidak,128.2,133.1,11,9,12.0,10,9,12.56,0.818,0.9,0.2332,Aman,Rendah
JJI-01903,Graduate,0,Equinculture,Fase 1 - kuota umum,Lajang,Perempuan,Siang,18,≤20 th,Lunas,Tidak,Tidak,Ya,120.4,127.0,6,6,15.12,6,6,14.0,1.0,1.0,0.1527,Aman,Rendah
JJI-01904,Graduate,0,Nursing,Fase 2 - kuota umum,Lajang,Perempuan,Siang,18,≤20 th,Lunas,Tidak,Tidak,Ya,153.0,160.0,7,6,13.12,7,6,13.12,0.857,0.857,0.1567,Aman,Rendah
JJI-01905,Graduate,0,Journalism & Communication,Fase 1 - kuota umum,Lajang,Perempuan,Siang,19,≤20 th,Lunas,Tidak,Tidak,Ya,117.9,121.0,6,6,12.83,6,6,11.67,1.0,1.0,0.166,Aman,Rendah
JJI-01906,Graduate,0,Social Service,Pemegang diploma spesialisasi teknologi,Lajang,Perempuan,Siang,20,≤20 th,Lunas,Tidak,Ya,Ya,145.6,150.0,6,6,13.33,6,6,14.17,1.0,1.0,0.0512,Aman,Rendah
JJI-01907,Graduate,0,Nursing,Fase 1 - kuota umum,Lajang,Perempuan,Siang,18,≤20 th,Lunas,Tidak,Tidak,Ya,119.8,117.0,7,7,13.88,8,8,15.66,1.0,1.0,0.0693,Aman,Rendah
JJI-01908,Graduate,0,Nursing,Fase 1 - kuota umum,Lajang,Perempuan,Siang,18,≤20 th,Lunas,Tidak,Tidak,Ya,126.8,141.0,8,7,12.94,8,7,12.94,0.875,0.875,0.1387,Aman,Rendah
JJI-01909,Enrolled,0,Basic Education,Fase 2 - kuota umum,Lajang,Perempuan,Siang,19,≤20 th,Lunas,Tidak,Tidak,Ya,106.1,112.0,6,5,12.33,6,5,11.0,0.833,0.833,0.3747,Aman,Sedang
JJI-01910,Graduate,0,Nursing,Fase 1 - kuota umum,Lajang,Perempuan,Siang,19,≤20 th,Lunas,Tidak,Tidak,Ya,137.3,148.0,7,6,14.27,7,6,14.27,0.857,0.857,0.1176,Aman,Rendah
JJI-01911,Graduate,0,Advertising & Marketing Management,Fase 1 - kuota umum,Lajang,Perempuan,Siang,18,≤20 th,Lunas,Tidak,Tidak,Ya,115.5,120.0,6,5,13.0,6,5,14.0,0.833,0.833,0.2048,Aman,Rendah
JJI-01912,Graduate,0,Nursing,Fase 1 - kuota umum,Lajang,Perempuan,Siang,20,≤20 th,Lunas,Tidak,Tidak,Ya,127.5,132.0,8,8,12.48,8,8,12.48,1.0,1.0,0.0838,Aman,Rendah
JJI-01913,Graduate,0,Oral Hygiene,Fase 1 - kuota umum,Lajang,Perempuan,Siang,18,≤20 th,Lunas,Tidak,Tidak,Ya,116.3,125.0,7,7,13.43,8,8,15.31,1.0,1.0,0.0775,Aman,Rendah
JJI-01914,Dropout,1,Social Service (kelas malam),Fase 2 - kuota umum,Menikah,Perempuan,Malam,18,≤20 th,Menunggak,Ya,Tidak,Tidak,113.2,123.0,6,3,10.67,6,0,0.0,0.5,0.0,0.9831,Berisiko,Sangat Tinggi
JJI-01915,Graduate,0,Basic Education,Fase 1 - kuota umum,Lajang,Perempuan,Siang,18,≤20 th,Lunas,Tidak,Tidak,Ya,132.6,142.0,6,5,15.4,6,5,12.2,0.833,0.833,0.2697,Aman,Sedang
JJI-01916,Graduate,0,Nursing,Fase 1 - kuota umum,Lajang,Perempuan,Siang,18,≤20 th,Lunas,Tidak,Tidak,Ya,132.0,148.0,7,6,13.45,7,6,13.45,0.857,0.857,0.1596,Aman,Rendah
JJI-01917,Graduate,0,Nursing,Fase 2 - kuota umum,Lajang,Perempuan,Siang,18,≤20 th,Lunas,Tidak,Ya,Ya,130.3,136.0,7,6,12.6,7,6,12.6,0.857,0.857,0.1355,Aman,Rendah
JJI-01918,Graduate,0,Nursing,Fase 1 - kuota umum,Lajang,Perempuan,Siang,20,≤20 th,Lunas,Tidak,Tidak,Ya,116.7,123.0,7,7,12.49,8,8,12.94,1.0,1.0,0.0704,Aman,Rendah
JJI-01919,Graduate,0,Communication Design,Fase 1 - kuota umum,Lajang,Perempuan,Siang,22,21-23 th,Lunas,Tidak,Ya,Ya,134.0,135.0,6,5,10.8,6,5,12.8,0.833,0.833,0.1546,Aman,Rendah
JJI-01920,Enrolled,0,Advertising & Marketing Management,Pindah program studi,Lajang,Perempuan,Siang,20,≤20 th,Lunas,Ya,Tidak,Tidak,100.0,151.0,6,5,12.2,6,5,14.6,0.833,0.833,0.2938,Aman,Sedang
JJI-01921,Enrolled,0,Veterinary Nursing,Pemegang diploma spesialisasi teknologi,Lajang,Perempuan,Siang,20,≤20 th,Lunas,Tidak,Tidak,Ya,140.0,140.0,6,5,14.2,6,2,13.5,0.833,0.333,0.4496,Berisiko,Tinggi
JJI-01922,Graduate,0,Social Service,Fase 1 - kuota umum,Lajang,Perempuan,Siang,18,≤20 th,Lunas,Tidak,Tidak,Ya,139.2,136.0,6,6,13.83,6,6,14.0,1.0,1.0,0.0681,Aman,Rendah
JJI-01923,Enrolled,0,Basic Education,Fase 1 - kuota umum,Lajang,Perempuan,Siang,18,≤20 th,Lunas,Tidak,Tidak,Tidak,132.6,142.0,6,5,12.8,6,3,10.0,0.833,0.5,0.4823,Berisiko,Tinggi
JJI-01924,Graduate,0,Management,Fase 2 - kuota umum,Lajang,Perempuan,Siang,18,≤20 th,Lunas,Tidak,Tidak,Tidak,129.4,142.0,5,5,13.2,5,4,12.5,1.0,0.8,0.2051,Aman,Rendah
JJI-01925,Dropout,1,Advertising & Marketing Management,Fase 2 - kuota umum,Lajang,Perempuan,Siang,18,≤20 th,Lunas,Ya,Ya,Tidak,125.6,127.0,6,1,14.0,6,0,0.0,0.167,0.0,0.9546,Berisiko,Sangat Tinggi
JJI-01926,Graduate,0,Social Service,Fase 2 - kuota umum,Lajang,Perempuan,Siang,19,≤20 th,Lunas,Tidak,Tidak,Tidak,129.3,131.0,8,8,13.88,6,5,14.0,1.0,0.833,0.1223,Aman,Rendah
JJI-01927,Graduate,0,Veterinary Nursing,Fase 1 - kuota umum,Lajang,Perempuan,Siang,19,≤20 th,Lunas,Tidak,Ya,Ya,128.4,134.0,5,5,12.5,5,5,12.71,1.0,1.0,0.0723,Aman,Rendah
JJI-01928,Graduate,0,Journalism & Communication,Fase 2 - kuota umum,Lajang,Perempuan,Siang,18,≤20 th,Lunas,Tidak,Ya,Tidak,139.9,142.0,6,6,13.43,6,6,12.5,1.0,1.0,0.1202,Aman,Rendah
JJI-01929,Enrolled,0,Communication Design,Fase 1 - kuota umum,Lajang,Perempuan,Siang,18,≤20 th,Menunggak,Tidak,Ya,Tidak,124.8,123.0,6,5,11.8,6,5,13.0,0.833,0.833,0.3262,Aman,Sedang
JJI-01930,Graduate,0,Nursing,Fase 2 - kuota umum,Lajang,Perempuan,Siang,18,≤20 th,Lunas,Tidak,Ya,Ya,128.5,133.0,7,7,14.87,8,8,15.11,1.0,1.0,0.0525,Aman,Rendah
JJI-01931,Graduate,0,Nursing,Fase 1 - kuota umum,Lajang,Perempuan,Siang,18,≤20 th,Lunas,Tidak,Tidak,Ya,117.8,125.0,7,7,13.03,8,8,13.22,1.0,1.0,0.0744,Aman,Rendah
JJI-01932,Graduate,0,Advertising & Marketing Management,Fase 2 - kuota umum,Lajang,Perempuan,Siang,19,≤20 th,Lunas,Tidak,Tidak,Ya,115.1,120.0,6,6,14.57,6,6,12.33,1.0,1.0,0.1798,Aman,Rendah
JJI-01933,Graduate,0,Social Service,Fase 2 - kuota umum,Lajang,Perempuan,Siang,18,≤20 th,Lunas,Tidak,Tidak,Ya,118.0,125.0,6,5,11.0,6,4,11.25,0.833,0.667,0.2817,Aman,Sedang
JJI-01934,Graduate,0,Nursing,Usia di atas 23 tahun,Lajang,Perempuan,Siang,25,24-27 th,Lunas,Tidak,Ya,Tidak,120.0,133.1,8,8,13.37,8,8,13.37,1.0,1.0,0.0626,Aman,Rendah
JJI-01935,Graduate,0,Nursing,Fase 1 - kuota umum,Lajang,Perempuan,Siang,19,≤20 th,Lunas,Tidak,Ya,Ya,119.6,133.1,7,6,12.81,8,7,12.83,0.857,0.875,0.0914,Aman,Rendah
JJI-01936,Graduate,0,Nursing,Fase 2 - kuota umum,Lajang,Perempuan,Siang,18,≤20 th,Lunas,Tidak,Tidak,Ya,133.2,143.0,7,7,13.92,8,8,13.89,1.0,1.0,0.0962,Aman,Rendah
JJI-01937,Graduate,0,Equinculture,Fase 2 - kuota umum,Lajang,Perempuan,Siang,19,≤20 th,Lunas,Tidak,Tidak,Ya,141.8,147.0,6,6,13.0,6,4,12.8,1.0,0.667,0.3716,Aman,Sedang
JJI-01938,Graduate,0,Nursing,Fase 1 - kuota umum,Menikah,Perempuan,Siang,18,≤20 th,Lunas,Tidak,Tidak,Tidak,130.3,142.0,7,6,13.68,7,6,13.68,0.857,0.857,0.1043,Aman,Rendah
JJI-01939,Dropout,1,Veterinary Nursing,Usia di atas 23 tahun,Lajang,Perempuan,Siang,24,24-27 th,Lunas,Tidak,Tidak,Tidak,100.0,150.0,6,5,13.0,6,1,12.0,0.833,0.167,0.6364,Berisiko,Tinggi
JJI-01940,Graduate,0,Journalism & Communication,Fase 1 - kuota umum,Lajang,Perempuan,Siang,21,21-23 th,Lunas,Tidak,Tidak,Ya,114.6,124.0,6,5,12.8,6,5,11.2,0.833,0.833,0.317,Aman,Sedang
JJI-01941,Graduate,0,Tourism,Fase 1 - kuota umum,Lajang,Perempuan,Siang,18,≤20 th,Lunas,Tidak,Ya,Ya,123.4,136.0,6,6,13.57,6,6,12.17,1.0,1.0,0.0876,Aman,Rendah
JJI-01942,Graduate,0,Social Service,Fase 1 - kuota umum,Lajang,Perempuan,Siang,18,≤20 th,Lunas,Tidak,Tidak,Ya,116.4,116.0,6,6,13.17,6,6,13.17,1.0,1.0,0.0708,Aman,Rendah
JJI-01943,Graduate,0,Communication Design,Fase 1 - kuota umum,Menikah,Perempuan,Siang,20,≤20 th,Lunas,Tidak,Ya,Tidak,123.2,127.0,6,6,15.0,6,6,14.5,1.0,1.0,0.048,Aman,Rendah
JJI-01944,Graduate,0,Communication Design,Fase 1 - kuota umum,Lajang,Perempuan,Siang,19,≤20 th,Lunas,Tidak,Tidak,Ya,123.7,117.0,6,6,12.67,6,5,11.4,1.0,0.833,0.1617,Aman,Rendah
JJI-01945,Dropout,1,Journalism & Communication,Fase 1 - kuota umum,Lajang,Perempuan,Siang,19,≤20 th,Lunas,Tidak,Ya,Ya,127.6,116.0,6,6,13.86,6,6,13.14,1.0,1.0,0.0915,Aman,Rendah
JJI-01946,Graduate,0,Nursing,Fase 1 - kuota umum,Lajang,Perempuan,Siang,30,28-35 th,Lunas,Tidak,Tidak,Ya,117.1,129.0,7,7,14.69,8,8,14.96,1.0,1.0,0.0915,Aman,Rendah
JJI-01947,Graduate,0,Nursing,Fase 1 - kuota umum,Lajang,Perempuan,Siang,18,≤20 th,Lunas,Tidak,Tidak,Tidak,149.3,157.0,8,8,14.04,8,8,14.04,1.0,1.0,0.0542,Aman,Rendah
JJI-01948,Graduate,0,Veterinary Nursing,Fase 2 - kuota umum,Lajang,Perempuan,Siang,18,≤20 th,Lunas,Tidak,Tidak,Ya,125.6,135.0,5,4,11.0,5,3,14.0,0.8,0.6,0.276,Aman,Sedang
JJI-01949,Graduate,0,Journalism & Communication,Fase 1 - kuota umum,Lajang,Perempuan,Siang,18,≤20 th,Lunas,Tidak,Ya,Ya,145.0,139.0,6,6,13.33,6,6,13.33,1.0,1.0,0.0816,Aman,Rendah
JJI-01950,Graduate,0,Nursing,Fase 3 - kuota umum,Lajang,Perempuan,Siang,20,≤20 th,Lunas,Tidak,Tidak,Tidak,115.0,115.0,7,6,11.77,8,7,12.33,0.857,0.875,0.1331,Aman,Rendah
JJI-01951,Dropout,1,Tourism,Fase 1 - kuota umum,Lajang,Perempuan,Siang,19,≤20 th,Lunas,Tidak,Tidak,Tidak,114.3,123.0,6,0,0.0,6,0,0.0,0.0,0.0,0.949,Berisiko,Sangat Tinggi
JJI-01952,Dropout,1,Tourism,Pindah program studi,Lajang,Perempuan,Siang,19,≤20 th,Lunas,Tidak,Tidak,Ya,126.0,140.0,6,0,0.0,6,0,0.0,0.0,0.0,0.9542,Berisiko,Sangat Tinggi
JJI-01953,Dropout,1,Animation & Multimedia Design,Fase 1 - kuota umum,Lajang,Perempuan,Siang,19,≤20 th,Menunggak,Tidak,Tidak,Ya,124.0,138.0,0,0,0.0,0,0,0.0,,,0.7631,Berisiko,Sangat Tinggi
JJI-01954,Graduate,0,Tourism,Fase 1 - kuota umum,Lajang,Perempuan,Siang,18,≤20 th,Lunas,Tidak,Ya,Ya,122.6,132.0,6,6,12.29,6,6,12.0,1.0,1.0,0.085,Aman,Rendah
JJI-01955,Enrolled,0,Nursing,Fase 1 - kuota umum,Lajang,Perempuan,Siang,17,≤20 th,Lunas,Tidak,Tidak,Ya,133.8,140.0,8,5,12.46,8,5,12.46,0.625,0.625,0.3702,Aman,Sedang
JJI-01956,Graduate,0,Basic Education,Fase 3 - kuota umum,Lajang,Perempuan,Siang,19,≤20 th,Lunas,Tidak,Tidak,Ya,113.5,117.0,7,6,12.17,7,6,13.17,0.857,0.857,0.3037,Aman,Sedang
JJI-01957,Enrolled,0,Social Service,Fase 1 - kuota umum,Lajang,Perempuan,Siang,18,≤20 th,Lunas,Tidak,Tidak,Ya,122.6,125.0,6,5,11.83,6,2,11.5,0.833,0.333,0.4561,Berisiko,Tinggi
JJI-01958,Graduate,0,Nursing,Pemegang gelar pendidikan tinggi lain,Lajang,Perempuan,Siang,25,24-27 th,Lunas,Tidak,Tidak,Tidak,140.0,140.0,8,7,14.81,8,7,14.81,0.875,0.875,0.166,Aman,Rendah
JJI-01959,Dropout,1,Social Service,Fase 1 - kuota umum,Lajang,Perempuan,Siang,19,≤20 th,Lunas,Tidak,Tidak,Ya,107.0,133.1,6,5,10.6,6,6,11.71,0.833,1.0,0.1219,Aman,Rendah
JJI-01960,Enrolled,0,Veterinary Nursing,Pemegang diploma short cycle,Lajang,Perempuan,Siang,24,24-27 th,Menunggak,Ya,Tidak,Ya,130.0,130.0,9,8,13.12,9,6,13.0,0.889,0.667,0.7571,Berisiko,Sangat Tinggi
JJI-01961,Graduate,0,Social Service,Fase 1 - kuota umum,Lajang,Perempuan,Siang,19,≤20 th,Lunas,Ya,Ya,Ya,124.2,134.0,6,6,12.83,6,6,12.67,1.0,1.0,0.0794,Aman,Rendah
JJI-01962,Enrolled,0,Nursing,Fase 3 - kuota umum,Lajang,Perempuan,Siang,20,≤20 th,Lunas,Tidak,Ya,Tidak,125.8,128.0,8,0,0.0,8,0,0.0,0.0,0.0,0.9613,Berisiko,Sangat Tinggi
JJI-01963,Graduate,0,Advertising & Marketing Management,Fase 1 - kuota umum,Lajang,Perempuan,Siang,20,≤20 th,Lunas,Tidak,Ya,Ya,108.0,115.0,6,5,13.0,6,5,13.8,0.833,0.833,0.1416,Aman,Rendah
JJI-01964,Graduate,0,Nursing,Fase 1 - kuota umum,Lajang,Perempuan,Siang,20,≤20 th,Lunas,Tidak,Ya,Ya,115.2,119.0,7,7,12.72,8,8,13.71,1.0,1.0,0.0463,Aman,Rendah
JJI-01965,Graduate,0,Veterinary Nursing,Fase 2 - kuota umum,Lajang,Perempuan,Siang,19,≤20 th,Lunas,Tidak,Tidak,Ya,129.3,131.0,5,4,11.25,5,3,10.33,0.8,0.6,0.3981,Aman,Sedang
JJI-01966,Graduate,0,Agronomy,Pemegang gelar pendidikan tinggi lain,Lajang,Perempuan,Siang,31,28-35 th,Lunas,Tidak,Tidak,Ya,120.0,120.0,12,11,13.82,12,12,13.46,0.917,1.0,0.1326,Aman,Rendah
JJI-01967,Graduate,0,Veterinary Nursing,Fase 1 - kuota umum,Lajang,Perempuan,Siang,20,≤20 th,Lunas,Tidak,Tidak,Tidak,116.7,120.0,5,3,12.33,5,3,13.0,0.6,0.6,0.2603,Aman,Sedang
JJI-01968,Enrolled,0,Veterinary Nursing,Fase 1 - kuota umum,Lajang,Perempuan,Siang,18,≤20 th,Lunas,Tidak,Tidak,Ya,121.0,135.0,5,3,12.33,5,5,11.6,0.6,1.0,0.1822,Aman,Rendah
JJI-01969,Enrolled,0,Basic Education,Fase 2 - kuota umum,Lajang,Perempuan,Siang,18,≤20 th,Lunas,Ya,Tidak,Tidak,128.2,146.0,6,4,13.25,6,3,10.67,0.667,0.5,0.751,Berisiko,Sangat Tinggi
JJI-01970,Graduate,0,Advertising & Marketing Management,Fase 1 - kuota umum,Lajang,Perempuan,Siang,18,≤20 th,Lunas,Tidak,Tidak,Ya,121.1,133.0,6,6,13.67,6,5,15.4,1.0,0.833,0.1654,Aman,Rendah
JJI-01971,Enrolled,0,Social Service,Pindah institusi/prodi,Lajang,Perempuan,Siang,20,≤20 th,Lunas,Ya,Tidak,Tidak,112.6,122.0,11,8,12.62,10,3,11.0,0.727,0.3,0.8509,Berisiko,Sangat Tinggi
JJI-01972,Graduate,0,Veterinary Nursing,Fase 2 - kuota umum,Lajang,Perempuan,Siang,20,≤20 th,Lunas,Tidak,Ya,Ya,123.3,128.0,6,6,14.83,6,6,12.14,1.0,1.0,0.083,Aman,Rendah
JJI-01973,Dropout,1,Advertising & Marketing Management,Fase 2 - kuota umum,Lajang,Perempuan,Siang,19,≤20 th,Lunas,Tidak,Ya,Tidak,129.4,129.0,6,5,11.2,6,5,13.12,0.833,0.833,0.172,Aman,Rendah
JJI-01974,Graduate,0,Management,Fase 2 - kuota umum,Lajang,Perempuan,Siang,21,21-23 th,Lunas,Tidak,Ya,Tidak,119.9,122.0,5,5,11.4,5,5,12.2,1.0,1.0,0.0889,Aman,Rendah
JJI-01975,Graduate,0,Nursing,Fase 1 - kuota umum,Lajang,Perempuan,Siang,18,≤20 th,Lunas,Tidak,Tidak,Ya,131.6,140.0,7,7,13.14,8,8,13.24,1.0,1.0,0.0715,Aman,Rendah
JJI-01976,Dropout,1,Communication Design,Pindah institusi/prodi,Lajang,Perempuan,Siang,21,21-23 th,Lunas,Tidak,Tidak,Ya,120.0,143.0,10,10,13.0,11,10,11.4,1.0,0.909,0.1364,Aman,Rendah
JJI-01977,Enrolled,0,Nursing,Fase 1 - kuota umum,Lajang,Perempuan,Siang,19,≤20 th,Lunas,Tidak,Tidak,Ya,110.0,118.0,7,4,12.85,7,7,12.62,0.571,1.0,0.1489,Aman,Rendah
JJI-01978,Graduate,0,Social Service,Pemegang diploma spesialisasi teknologi,Lajang,Perempuan,Siang,20,≤20 th,Lunas,Tidak,Tidak,Tidak,143.0,140.0,6,6,13.5,6,5,12.5,1.0,0.833,0.112,Aman,Rendah
JJI-01979,Enrolled,0,Veterinary Nursing,Pemegang diploma spesialisasi teknologi,Lajang,Perempuan,Siang,20,≤20 th,Lunas,Tidak,Tidak,Tidak,140.0,140.0,6,6,14.29,6,3,13.0,1.0,0.5,0.241,Aman,Rendah
JJI-01980,Graduate,0,Advertising & Marketing Management,Fase 1 - kuota umum,Lajang,Perempuan,Siang,18,≤20 th,Lunas,Tidak,Ya,Ya,119.2,123.0,6,5,13.5,6,6,14.5,0.833,1.0,0.0803,Aman,Rendah
JJI-01981,Graduate,0,Management,Fase 1 - kuota umum,Lajang,Perempuan,Siang,18,≤20 th,Lunas,Tidak,Ya,Ya,124.3,140.0,5,4,10.75,5,5,13.0,0.8,1.0,0.0925,Aman,Rendah
JJI-01982,Graduate,0,Social Service,Fase 2 - kuota umum,Lajang,Perempuan,Siang,18,≤20 th,Lunas,Tidak,Ya,Ya,111.1,116.0,6,6,11.33,6,6,11.83,1.0,1.0,0.0798,Aman,Rendah
JJI-01983,Graduate,0,Veterinary Nursing,Pindah program studi,Lajang,Perempuan,Siang,21,21-23 th,Lunas,Tidak,Ya,Ya,150.0,150.0,7,3,13.0,5,5,13.29,0.429,1.0,0.1759,Aman,Rendah
JJI-01984,Graduate,0,Nursing,Fase 1 - kuota umum,Lajang,Perempuan,Siang,18,≤20 th,Lunas,Tidak,Tidak,Tidak,147.3,147.0,7,6,13.97,7,6,13.97,0.857,0.857,0.0968,Aman,Rendah
JJI-01985,Graduate,0,Nursing,Fase 1 - kuota umum,Lajang,Perempuan,Siang,18,≤20 th,Lunas,Tidak,Ya,Ya,147.5,162.0,8,8,14.14,8,8,14.14,1.0,1.0,0.0393,Aman,Rendah
JJI-01986,Graduate,0,Tourism,Fase 2 - kuota umum,Lajang,Perempuan,Siang,20,≤20 th,Lunas,Tidak,Ya,Ya,108.0,108.0,6,4,11.6,6,4,11.75,0.667,0.667,0.342,Aman,Sedang
JJI-01987,Graduate,0,Nursing,Transfer,Menikah,Perempuan,Siang,32,28-35 th,Lunas,Tidak,Ya,Tidak,130.0,130.0,8,8,14.66,8,8,14.66,1.0,1.0,0.0725,Aman,Rendah
JJI-01988,Enrolled,0,Management (kelas malam),Usia di atas 23 tahun,Menikah,Perempuan,Malam,34,28-35 th,Lunas,Tidak,Tidak,Tidak,130.0,140.0,5,0,0.0,5,0,0.0,0.0,0.0,0.9628,Berisiko,Sangat Tinggi
JJI-01989,Graduate,0,Nursing,Fase 1 - kuota umum,Lajang,Perempuan,Siang,23,21-23 th,Lunas,Tidak,Ya,Ya,109.0,116.0,7,6,12.99,8,8,12.67,0.857,1.0,0.0712,Aman,Rendah
JJI-01990,Enrolled,0,Advertising & Marketing Management,Fase 1 - kuota umum,Lajang,Perempuan,Siang,18,≤20 th,Lunas,Tidak,Tidak,Ya,112.0,120.0,6,4,11.25,6,5,12.2,0.667,0.833,0.3044,Aman,Sedang
JJI-01991,Graduate,0,Social Service (kelas malam),Fase 2 - kuota umum,Lajang,Perempuan,Malam,18,≤20 th,Lunas,Tidak,Tidak,Tidak,121.2,132.0,6,5,12.2,6,5,12.8,0.833,0.833,0.191,Aman,Rendah
JJI-01992,Dropout,1,Animation & Multimedia Design,Pindah program studi,Lajang,Perempuan,Siang,34,28-35 th,Lunas,Tidak,Tidak,Ya,140.0,140.0,0,0,0.0,0,0,0.0,,,0.6889,Berisiko,Tinggi
JJI-01993,Enrolled,0,Social Service (kelas malam),Usia di atas 23 tahun,Lajang,Perempuan,Malam,25,24-27 th,Lunas,Ya,Tidak,Tidak,119.5,120.0,6,6,11.33,6,4,11.75,1.0,0.667,0.4159,Aman,Sedang
JJI-01994,Graduate,0,Management,Fase 1 - kuota umum,Lajang,Perempuan,Siang,21,21-23 th,Lunas,Tidak,Tidak,Tidak,125.9,136.0,5,5,12.2,5,5,11.8,1.0,1.0,0.1159,Aman,Rendah
JJI-01995,Dropout,1,Tourism,Fase 1 - kuota umum,Lajang,Perempuan,Siang,20,≤20 th,Lunas,Tidak,Ya,Ya,121.5,133.0,6,0,0.0,6,0,0.0,0.0,0.0,0.9455,Berisiko,Sangat Tinggi
JJI-01996,Graduate,0,Social Service,Fase 1 - kuota umum,Lajang,Perempuan,Siang,18,≤20 th,Lunas,Tidak,Tidak,Ya,121.5,126.0,6,6,11.33,6,6,11.67,1.0,1.0,0.1068,Aman,Rendah
JJI-01997,Graduate,0,Veterinary Nursing,Fase 2 - kuota umum,Lajang,Perempuan,Siang,18,≤20 th,Lunas,Tidak,Tidak,Ya,132.4,142.0,6,6,13.86,6,6,13.1,1.0,1.0,0.131,Aman,Rendah
JJI-01998,Graduate,0,Journalism & Communication,Fase 2 - kuota umum,Lajang,Perempuan,Siang,18,≤20 th,Lunas,Tidak,Tidak,Tidak,122.4,121.0,6,6,12.86,6,6,13.33,1.0,1.0,0.1362,Aman,Rendah
JJI-01999,Dropout,1,Social Service (kelas malam),Usia di atas 23 tahun,Lajang,Perempuan,Malam,24,24-27 th,Lunas,Tidak,Tidak,Ya,110.0,134.0,6,1,10.0,6,0,0.0,0.167,0.0,0.9488,Berisiko,Sangat Tinggi
JJI-02000,Graduate,0,Management,Pindah institusi/prodi,Lajang,Perempuan,Siang,32,28-35 th,Menunggak,Ya,Tidak,Tidak,120.4,140.0,15,14,10.21,13,13,11.38,0.933,1.0,0.4928,Berisiko,Tinggi
JJI-02001,Dropout,1,Tourism,Usia di atas 23 tahun,Lajang,Perempuan,Siang,24,24-27 th,Menunggak,Ya,Tidak,Ya,105.0,133.1,6,6,11.29,6,3,10.33,1.0,0.5,0.8949,Berisiko,Sangat Tinggi
JJI-02002,Dropout,1,Social Service,Fase 1 - kuota umum,Lajang,Perempuan,Siang,18,≤20 th,Lunas,Tidak,Ya,Tidak,137.8,157.0,6,6,13.83,6,0,0.0,1.0,0.0,0.6888,Berisiko,Tinggi
JJI-02003,Graduate,0,Tourism,Pindah institusi/prodi,Lajang,Perempuan,Siang,28,28-35 th,Lunas,Tidak,Tidak,Tidak,118.0,120.0,6,6,12.86,6,5,12.6,1.0,0.833,0.212,Aman,Rendah
JJI-02004,Dropout,1,Basic Education,Fase 2 - kuota umum,Lajang,Perempuan,Siang,18,≤20 th,Lunas,Tidak,Ya,Ya,122.1,134.0,6,6,11.67,6,4,12.0,1.0,0.667,0.3742,Aman,Sedang
JJI-02005,Dropout,1,Basic Education,Pemegang gelar pendidikan tinggi lain,Lajang,Perempuan,Siang,24,24-27 th,Menunggak,Tidak,Tidak,Ya,140.0,140.0,6,0,0.0,5,0,0.0,0.0,0.0,0.9951,Berisiko,Sangat Tinggi
JJI-02006,Graduate,0,Veterinary Nursing,Fase 1 - kuota umum,Lajang,Perempuan,Siang,19,≤20 th,Lunas,Tidak,Tidak,Tidak,143.2,133.0,5,5,14.4,5,5,13.2,1.0,1.0,0.0725,Aman,Rendah
JJI-02007,Graduate,0,Social Service (kelas malam),Usia di atas 23 tahun,Menikah,Perempuan,Malam,44,>35 th,Lunas,Tidak,Tidak,Tidak,120.5,146.0,6,6,14.83,6,6,14.17,1.0,1.0,0.1901,Aman,Rendah
JJI-02008,Graduate,0,Veterinary Nursing,Fase 1 - kuota khusus (Madeira),Lajang,Perempuan,Siang,18,≤20 th,Lunas,Tidak,Ya,Ya,119.5,130.0,6,6,14.33,6,6,12.0,1.0,1.0,0.0839,Aman,Rendah
JJI-02009,Graduate,0,Animation & Multimedia Design,Fase 1 - kuota umum,Lajang,Perempuan,Siang,18,≤20 th,Lunas,Tidak,Tidak,Ya,147.5,151.0,0,0,0.0,0,0,0.0,,,0.4647,Berisiko,Tinggi
JJI-02010,Dropout,1,Journalism & Communication,Fase 1 - kuota umum,Lajang,Perempuan,Siang,22,21-23 th,Lunas,Tidak,Tidak,Tidak,129.6,133.1,6,0,0.0,6,0,0.0,0.0,0.0,0.9667,Berisiko,Sangat Tinggi
JJI-02011,Graduate,0,Basic Education,Fase 3 - kuota umum,Lajang,Perempuan,Siang,18,≤20 th,Lunas,Tidak,Ya,Tidak,126.1,132.0,7,6,12.33,7,6,12.67,0.857,0.857,0.1787,Aman,Rendah
JJI-02012,Graduate,0,Management (kelas malam),Usia di atas 23 tahun,Menikah,Perempuan,Malam,44,>35 th,Lunas,Tidak,Tidak,Tidak,160.0,110.0,5,5,11.8,5,5,12.4,1.0,1.0,0.2944,Aman,Sedang
JJI-02013,Dropout,1,Basic Education,Usia di atas 23 tahun,Kumpul kebo,Perempuan,Siang,33,28-35 th,Lunas,Ya,Tidak,Tidak,105.5,133.1,6,5,13.2,6,5,10.6,0.833,0.833,0.545,Berisiko,Tinggi
JJI-02014,Dropout,1,Basic Education,Usia di atas 23 tahun,Menikah,Perempuan,Siang,32,28-35 th,Menunggak,Ya,Tidak,Tidak,95.5,110.0,6,0,0.0,5,0,0.0,0.0,0.0,0.9964,Berisiko,Sangat Tinggi
JJI-02015,Dropout,1,Agronomy,Usia di atas 23 tahun,Menikah,Perempuan,Siang,35,28-35 th,Menunggak,Tidak,Tidak,Tidak,107.5,133.1,6,0,0.0,6,0,0.0,0.0,0.0,0.9912,Berisiko,Sangat Tinggi
JJI-02016,Graduate,0,Social Service,Fase 1 - kuota umum,Lajang,Perempuan,Siang,20,≤20 th,Lunas,Tidak,Tidak,Ya,106.1,105.0,6,6,11.5,6,6,13.29,1.0,1.0,0.0811,Aman,Rendah
JJI-02017,Graduate,0,Tourism,Usia di atas 23 tahun,Lajang,Perempuan,Siang,24,24-27 th,Lunas,Tidak,Tidak,Ya,116.3,160.0,6,5,12.6,6,5,12.2,0.833,0.833,0.295,Aman,Sedang
JJI-02018,Graduate,0,Nursing,Fase 1 - kuota umum,Lajang,Perempuan,Siang,19,≤20 th,Lunas,Tidak,Tidak,Tidak,137.4,144.0,7,7,13.54,8,8,14.22,1.0,1.0,0.0541,Aman,Rendah
JJI-02019,Enrolled,0,Tourism,Fase 1 - kuota umum,Lajang,Perempuan,Siang,21,21-23 th,Lunas,Tidak,Tidak,Ya,101.8,100.0,6,5,11.6,6,5,13.0,0.833,0.833,0.1991,Aman,Rendah
JJI-02020,Graduate,0,Journalism & Communication,Fase 1 - kuota umum,Lajang,Laki-laki,Siang,19,≤20 th,Lunas,Tidak,Ya,Ya,144.1,143.0,6,6,13.67,6,6,13.83,1.0,1.0,0.1306,Aman,Rendah
JJI-02021,Dropout,1,Agronomy,Transfer,Lajang,Laki-laki,Siang,27,24-27 th,Menunggak,Tidak,Tidak,Ya,107.8,160.0,6,0,0.0,6,0,0.0,0.0,0.0,0.9949,Berisiko,Sangat Tinggi
JJI-02022,Dropout,1,Basic Education,Usia di atas 23 tahun,Lajang,Perempuan,Siang,30,28-35 th,Menunggak,Tidak,Tidak,Tidak,128.2,140.0,6,0,0.0,6,0,0.0,0.0,0.0,0.9959,Berisiko,Sangat Tinggi
JJI-02023,Dropout,1,Animation & Multimedia Design,Fase 2 - kuota umum,Lajang,Laki-laki,Siang,21,21-23 th,Lunas,Tidak,Tidak,Ya,117.0,133.1,0,0,0.0,0,0,0.0,,,0.7038,Berisiko,Tinggi
JJI-02024,Graduate,0,Communication Design,Fase 1 - kuota umum,Lajang,Laki-laki,Siang,19,≤20 th,Lunas,Tidak,Tidak,Ya,110.4,116.0,6,6,11.5,6,6,12.29,1.0,1.0,0.1442,Aman,Rendah
JJI-02025,Enrolled,0,Management (kelas malam),Usia di atas 23 tahun,Menikah,Perempuan,Malam,34,28-35 th,Lunas,Tidak,Tidak,Tidak,170.0,120.0,5,2,11.5,5,4,11.75,0.4,0.8,0.5124,Berisiko,Tinggi
JJI-02026,Graduate,0,Nursing,Pindah program studi,Lajang,Laki-laki,Siang,18,≤20 th,Lunas,Tidak,Tidak,Tidak,100.0,141.0,7,7,11.83,8,7,12.91,1.0,0.875,0.1353,Aman,Rendah
JJI-02027,Graduate,0,Animation & Multimedia Design,Fase 1 - kuota umum,Lajang,Laki-laki,Siang,21,21-23 th,Lunas,Tidak,Tidak,Ya,117.0,110.0,0,0,0.0,0,0,0.0,,,0.5952,Berisiko,Tinggi
JJI-02028,Enrolled,0,Animation & Multimedia Design,Fase 1 - kuota umum,Lajang,Laki-laki,Siang,17,≤20 th,Lunas,Tidak,Tidak,Ya,133.5,127.0,0,0,0.0,0,0,0.0,,,0.5556,Berisiko,Tinggi
JJI-02029,Graduate,0,Nursing,Fase 1 - kuota umum,Lajang,Perempuan,Siang,19,≤20 th,Lunas,Tidak,Ya,Ya,128.0,132.0,7,6,12.97,7,6,12.97,0.857,0.857,0.0912,Aman,Rendah
JJI-02030,Graduate,0,Journalism & Communication,Fase 1 - kuota umum,Lajang,Laki-laki,Siang,18,≤20 th,Lunas,Tidak,Tidak,Ya,122.1,135.0,6,6,13.83,6,6,13.67,1.0,1.0,0.1611,Aman,Rendah
JJI-02031,Graduate,0,Nursing,Fase 2 - kuota umum,Lajang,Perempuan,Siang,19,≤20 th,Lunas,Tidak,Tidak,Ya,133.4,135.0,7,7,14.13,8,8,14.37,1.0,1.0,0.0797,Aman,Rendah
JJI-02032,Dropout,1,Tourism,Usia di atas 23 tahun,Bercerai,Perempuan,Siang,45,>35 th,Lunas,Ya,Tidak,Tidak,112.0,140.0,10,5,12.17,8,0,0.0,0.5,0.0,0.996,Berisiko,Sangat Tinggi
JJI-02033,Graduate,0,Veterinary Nursing,Usia di atas 23 tahun,Lajang,Perempuan,Siang,26,24-27 th,Lunas,Tidak,Tidak,Ya,130.0,133.1,6,6,12.67,6,4,12.25,1.0,0.667,0.3482,Aman,Sedang
JJI-02034,Dropout,1,Management (kelas malam),Usia di atas 23 tahun,Menikah,Laki-laki,Malam,51,>35 th,Lunas,Tidak,Tidak,Ya,100.0,100.0,4,0,0.0,5,0,0.0,0.0,0.0,0.9848,Berisiko,Sangat Tinggi
JJI-02035,Graduate,0,Journalism & Communication,Usia di atas 23 tahun,Menikah,Laki-laki,Siang,49,>35 th,Lunas,Ya,Ya,Tidak,162.0,133.1,6,6,12.29,6,6,14.17,1.0,1.0,0.3731,Aman,Sedang
JJI-02036,Enrolled,0,Nursing,Transfer,Lajang,Laki-laki,Siang,22,21-23 th,Lunas,Tidak,Tidak,Tidak,153.0,100.0,6,3,14.5,7,4,14.38,0.5,0.571,0.4729,Berisiko,Tinggi
JJI-02037,Dropout,1,Management,Fase 2 - kuota umum,Lajang,Laki-laki,Siang,22,21-23 th,Lunas,Tidak,Tidak,Ya,131.4,137.0,5,2,10.0,5,1,10.0,0.4,0.2,0.7926,Berisiko,Sangat Tinggi
JJI-02038,Dropout,1,Equinculture,Pemegang gelar pendidikan tinggi lain,Menikah,Perempuan,Siang,33,28-35 th,Lunas,Tidak,Tidak,Tidak,128.2,120.0,5,2,11.5,5,2,12.0,0.4,0.4,0.7522,Berisiko,Sangat Tinggi
JJI-02039,Graduate,0,Advertising & Marketing Management,Ordinance No. 854-B/99,Lajang,Perempuan,Siang,20,≤20 th,Lunas,Tidak,Tidak,Tidak,148.9,148.9,5,5,11.6,5,4,11.5,1.0,0.8,0.223,Aman,Rendah
JJI-02040,Graduate,0,Social Service,Fase 1 - kuota umum,Lajang,Perempuan,Siang,18,≤20 th,Lunas,Tidak,Ya,Ya,128.4,134.0,6,6,12.5,6,6,11.67,1.0,1.0,0.0618,Aman,Rendah
JJI-02041,Dropout,1,Basic Education,Fase 1 - kuota umum,Lajang,Perempuan,Siang,20,≤20 th,Menunggak,Ya,Tidak,Ya,120.3,128.0,6,3,11.67,6,2,11.0,0.5,0.333,0.9598,Berisiko,Sangat Tinggi
JJI-02042,Graduate,0,Management (kelas malam),Pindah institusi/prodi (internasional),Menikah,Perempuan,Malam,37,>35 th,Lunas,Tidak,Tidak,Tidak,100.0,133.1,10,7,13.43,10,10,11.6,0.7,1.0,0.2819,Aman,Sedang
JJI-02043,Graduate,0,Tourism,Fase 1 - kuota umum,Lajang,Laki-laki,Siang,18,≤20 th,Lunas,Tidak,Tidak,Ya,126.1,131.0,6,6,13.67,6,6,13.5,1.0,1.0,0.1336,Aman,Rendah
JJI-02044,Graduate,0,Tourism,Fase 1 - kuota umum,Lajang,Perempuan,Siang,19,≤20 th,Lunas,Tidak,Tidak,Ya,111.7,118.0,6,6,12.5,6,6,12.17,1.0,1.0,0.1313,Aman,Rendah
JJI-02045,Graduate,0,Veterinary Nursing,Pemegang diploma spesialisasi teknologi,Lajang,Perempuan,Siang,21,21-23 th,Lunas,Tidak,Tidak,Ya,140.0,140.0,6,6,13.0,6,4,12.8,1.0,0.667,0.2123,Aman,Rendah
JJI-02046,Graduate,0,Nursing,Fase 1 - kuota umum,Lajang,Perempuan,Siang,20,≤20 th,Lunas,Tidak,Tidak,Tidak,122.2,133.0,7,6,12.78,8,7,12.84,0.857,0.875,0.1238,Aman,Rendah
JJI-02047,Dropout,1,Nursing,Fase 1 - kuota umum,Lajang,Perempuan,Siang,19,≤20 th,Lunas,Tidak,Tidak,Ya,118.7,126.0,7,0,0.0,8,0,0.0,0.0,0.0,0.9746,Berisiko,Sangat Tinggi
JJI-02048,Dropout,1,Oral Hygiene,Fase 2 - kuota umum,Lajang,Perempuan,Siang,20,≤20 th,Lunas,Tidak,Tidak,Ya,121.5,125.0,7,4,13.5,7,4,11.22,0.571,0.571,0.5431,Berisiko,Tinggi
JJI-02049,Graduate,0,Nursing,Fase 2 - kuota umum,Lajang,Perempuan,Siang,18,≤20 th,Lunas,Tidak,Tidak,Ya,134.5,138.0,7,7,13.46,8,8,15.12,1.0,1.0,0.0769,Aman,Rendah
JJI-02050,Graduate,0,Nursing,Fase 1 - kuota umum,Lajang,Perempuan,Siang,19,≤20 th,Lunas,Tidak,Tidak,Ya,127.0,140.0,8,7,13.44,8,7,13.44,0.875,0.875,0.147,Aman,Rendah
JJI-02051,Graduate,0,Social Service,Fase 1 - kuota umum,Lajang,Perempuan,Siang,18,≤20 th,Lunas,Tidak,Tidak,Tidak,114.2,124.0,6,4,11.0,6,5,10.83,0.667,0.833,0.1814,Aman,Rendah
JJI-02052,Graduate,0,Social Service,Fase 2 - kuota umum,Lajang,Perempuan,Siang,18,≤20 th,Lunas,Tidak,Ya,Ya,125.3,133.0,6,6,11.33,6,6,12.29,1.0,1.0,0.0731,Aman,Rendah
JJI-02053,Dropout,1,Journalism & Communication,Fase 1 - kuota umum,Lajang,Perempuan,Siang,18,≤20 th,Lunas,Tidak,Tidak,Ya,120.4,127.0,5,2,10.0,1,0,0.0,0.4,0.0,0.7066,Berisiko,Tinggi
JJI-02054,Enrolled,0,Nursing,Fase 1 - kuota umum,Lajang,Perempuan,Siang,19,≤20 th,Lunas,Tidak,Tidak,Ya,123.0,138.0,7,5,13.44,7,6,13.07,0.714,0.857,0.1882,Aman,Rendah
JJI-02055,Graduate,0,Oral Hygiene,Fase 1 - kuota umum,Lajang,Perempuan,Siang,18,≤20 th,Lunas,Tidak,Ya,Ya,130.5,142.0,7,7,12.21,8,8,14.06,1.0,1.0,0.0532,Aman,Rendah
JJI-02056,Graduate,0,Communication Design,Fase 1 - kuota umum,Lajang,Perempuan,Siang,19,≤20 th,Lunas,Tidak,Ya,Ya,125.5,130.0,6,6,14.17,6,6,13.5,1.0,1.0,0.0597,Aman,Rendah
JJI-02057,Graduate,0,Agronomy,Pemegang diploma short cycle,Lajang,Perempuan,Siang,24,24-27 th,Lunas,Ya,Ya,Tidak,133.8,130.0,12,12,12.85,11,11,12.64,1.0,1.0,0.0658,Aman,Rendah
JJI-02058,Enrolled,0,Veterinary Nursing,Pemegang diploma spesialisasi teknologi,Lajang,Perempuan,Siang,20,≤20 th,Lunas,Tidak,Tidak,Tidak,150.0,150.0,6,6,13.0,6,2,12.0,1.0,0.333,0.3957,Aman,Sedang
JJI-02059,Graduate,0,Management,Fase 1 - kuota umum,Lajang,Perempuan,Siang,21,21-23 th,Lunas,Tidak,Ya,Ya,130.5,127.0,5,5,12.8,5,4,11.25,1.0,0.8,0.1479,Aman,Rendah
JJI-02060,Dropout,1,Veterinary Nursing,Pemegang diploma spesialisasi teknologi,Lajang,Perempuan,Siang,20,≤20 th,Menunggak,Ya,Tidak,Tidak,140.0,140.0,6,4,13.0,6,5,12.0,0.667,0.833,0.6032,Berisiko,Tinggi
JJI-02061,Graduate,0,Nursing,Fase 2 - kuota umum,Lajang,Perempuan,Siang,19,≤20 th,Lunas,Tidak,Ya,Ya,119.4,126.0,7,7,13.37,8,8,13.67,1.0,1.0,0.0671,Aman,Rendah
JJI-02062,Graduate,0,Oral Hygiene,Fase 2 - kuota umum,Lajang,Perempuan,Siang,19,≤20 th,Lunas,Tidak,Ya,Ya,121.3,139.0,7,7,13.39,8,8,13.39,1.0,1.0,0.1013,Aman,Rendah
JJI-02063,Graduate,0,Nursing,Fase 1 - kuota umum,Lajang,Perempuan,Siang,18,≤20 th,Lunas,Tidak,Tidak,Ya,126.3,141.0,8,7,13.33,8,7,13.33,0.875,0.875,0.1219,Aman,Rendah
JJI-02064,Graduate,0,Veterinary Nursing,Fase 1 - kuota umum,Lajang,Perempuan,Siang,19,≤20 th,Lunas,Tidak,Tidak,Ya,111.6,120.0,6,5,14.0,6,5,11.0,0.833,0.833,0.2026,Aman,Rendah
JJI-02065,Graduate,0,Management,Fase 2 - kuota umum,Lajang,Perempuan,Siang,21,21-23 th,Lunas,Tidak,Tidak,Ya,111.3,120.0,5,5,12.6,5,5,13.2,1.0,1.0,0.1844,Aman,Rendah
JJI-02066,Graduate,0,Basic Education,Fase 1 - kuota umum,Lajang,Perempuan,Siang,19,≤20 th,Lunas,Tidak,Ya,Ya,122.5,134.0,6,6,14.0,6,6,15.0,1.0,1.0,0.1106,Aman,Rendah
JJI-02067,Graduate,0,Tourism,Fase 1 - kuota umum,Lajang,Perempuan,Siang,18,≤20 th,Lunas,Tidak,Ya,Ya,116.5,128.0,6,6,13.43,6,6,12.67,1.0,1.0,0.0918,Aman,Rendah
JJI-02068,Graduate,0,Communication Design,Fase 2 - kuota umum,Lajang,Perempuan,Siang,17,≤20 th,Lunas,Tidak,Ya,Ya,132.0,133.0,6,6,13.0,6,6,12.5,1.0,1.0,0.1093,Aman,Rendah
JJI-02069,Enrolled,0,Basic Education,Fase 3 - kuota umum,Lajang,Perempuan,Siang,19,≤20 th,Lunas,Tidak,Tidak,Ya,123.7,123.0,6,5,12.67,6,5,11.0,0.833,0.833,0.4025,Aman,Sedang
JJI-02070,Dropout,1,Management,Fase 2 - kuota umum,Lajang,Laki-laki,Siang,23,21-23 th,Menunggak,Tidak,Tidak,Ya,117.0,118.0,5,3,10.0,5,3,12.33,0.6,0.6,0.8355,Berisiko,Sangat Tinggi
JJI-02071,Graduate,0,Advertising & Marketing Management,Fase 1 - kuota umum,Lajang,Perempuan,Siang,19,≤20 th,Lunas,Tidak,Tidak,Ya,116.5,113.0,6,6,12.83,6,6,11.78,1.0,1.0,0.1529,Aman,Rendah
JJI-02072,Graduate,0,Nursing,Fase 1 - kuota umum,Lajang,Perempuan,Siang,18,≤20 th,Lunas,Tidak,Tidak,Ya,121.5,135.0,7,6,12.92,7,6,12.92,0.857,0.857,0.1294,Aman,Rendah
JJI-02073,Graduate,0,Advertising & Marketing Management,Fase 1 - kuota umum,Lajang,Perempuan,Siang,20,≤20 th,Lunas,Tidak,Tidak,Ya,105.0,133.1,6,6,13.29,6,5,13.8,1.0,0.833,0.1845,Aman,Rendah
JJI-02074,Graduate,0,Veterinary Nursing,Fase 1 - kuota umum,Lajang,Perempuan,Siang,19,≤20 th,Lunas,Tidak,Ya,Ya,121.3,130.0,5,5,14.6,5,5,13.8,1.0,1.0,0.0817,Aman,Rendah
JJI-02075,Graduate,0,Social Service,Fase 1 - kuota umum,Lajang,Perempuan,Siang,18,≤20 th,Lunas,Tidak,Ya,Ya,136.1,135.0,6,6,14.0,6,6,13.67,1.0,1.0,0.0464,Aman,Rendah
JJI-02076,Graduate,0,Social Service,Fase 2 - kuota umum,Lajang,Perempuan,Siang,19,≤20 th,Lunas,Tidak,Ya,Tidak,123.6,133.0,6,6,14.14,6,6,15.0,1.0,1.0,0.051,Aman,Rendah
JJI-02077,Graduate,0,Social Service,Fase 1 - kuota umum,Lajang,Perempuan,Siang,19,≤20 th,Lunas,Tidak,Tidak,Ya,129.0,123.0,6,6,11.67,6,6,12.33,1.0,1.0,0.0977,Aman,Rendah
JJI-02078,Graduate,0,Nursing,Fase 2 - kuota umum,Lajang,Perempuan,Siang,18,≤20 th,Lunas,Tidak,Tidak,Ya,136.8,145.0,8,8,14.38,8,8,14.38,1.0,1.0,0.0781,Aman,Rendah
JJI-02079,Graduate,0,Nursing,Fase 2 - kuota umum,Lajang,Perempuan,Siang,18,≤20 th,Lunas,Tidak,Tidak,Ya,133.4,146.0,7,7,12.5,8,7,13.04,1.0,0.875,0.1311,Aman,Rendah
JJI-02080,Graduate,0,Nursing,Fase 1 - kuota umum,Lajang,Perempuan,Siang,19,≤20 th,Lunas,Tidak,Ya,Ya,136.0,144.0,7,6,14.15,7,6,14.15,0.857,0.857,0.106,Aman,Rendah
JJI-02081,Graduate,0,Nursing,Fase 1 - kuota umum,Lajang,Perempuan,Siang,19,≤20 th,Lunas,Tidak,Ya,Tidak,125.8,144.0,8,7,12.47,8,7,12.47,0.875,0.875,0.0733,Aman,Rendah
JJI-02082,Graduate,0,Nursing,Fase 1 - kuota umum,Lajang,Perempuan,Siang,19,≤20 th,Lunas,Tidak,Tidak,Tidak,120.5,131.0,7,6,14.15,7,6,14.15,0.857,0.857,0.0995,Aman,Rendah
JJI-02083,Graduate,0,Nursing,Fase 1 - kuota umum,Lajang,Perempuan,Siang,21,21-23 th,Lunas,Tidak,Tidak,Ya,130.2,141.0,7,7,14.07,8,8,14.05,1.0,1.0,0.0689,Aman,Rendah
JJI-02084,Graduate,0,Journalism & Communication,Fase 1 - kuota umum,Lajang,Perempuan,Siang,18,≤20 th,Lunas,Tidak,Tidak,Ya,135.9,138.0,6,6,14.86,6,6,14.67,1.0,1.0,0.1169,Aman,Rendah
JJI-02085,Graduate,0,Journalism & Communication,Fase 1 - kuota umum,Lajang,Perempuan,Siang,19,≤20 th,Lunas,Tidak,Ya,Tidak,116.5,127.0,6,6,14.29,6,6,13.17,1.0,1.0,0.0773,Aman,Rendah
JJI-02086,Dropout,1,Journalism & Communication,Fase 1 - kuota umum,Lajang,Perempuan,Siang,18,≤20 th,Menunggak,Tidak,Tidak,Tidak,124.0,124.0,4,0,0.0,4,0,0.0,0.0,0.0,0.9718,Berisiko,Sangat Tinggi
JJI-02087,Dropout,1,Social Service (kelas malam),Pemegang gelar pendidikan tinggi lain,Lajang,Perempuan,Malam,30,28-35 th,Lunas,Tidak,Tidak,Tidak,140.0,140.0,6,0,0.0,6,0,0.0,0.0,0.0,0.9703,Berisiko,Sangat Tinggi
JJI-02088,Dropout,1,Equinculture,Fase 2 - kuota umum,Lajang,Perempuan,Siang,18,≤20 th,Lunas,Tidak,Tidak,Ya,150.9,157.0,6,6,15.0,6,5,15.17,1.0,0.833,0.1999,Aman,Rendah
JJI-02089,Graduate,0,Nursing,Fase 1 - kuota umum,Lajang,Perempuan,Siang,20,≤20 th,Lunas,Tidak,Ya,Ya,127.3,129.0,7,6,12.63,7,6,12.63,0.857,0.857,0.0963,Aman,Rendah
JJI-02090,Dropout,1,Advertising & Marketing Management,Usia di atas 23 tahun,Lajang,Perempuan,Siang,25,24-27 th,Menunggak,Ya,Tidak,Tidak,100.0,133.1,5,5,11.2,5,5,12.6,1.0,1.0,0.5867,Berisiko,Tinggi
JJI-02091,Graduate,0,Nursing,Fase 1 - kuota umum,Lajang,Perempuan,Siang,18,≤20 th,Lunas,Tidak,Tidak,Ya,128.8,142.0,7,6,14.23,7,6,14.23,0.857,0.857,0.1566,Aman,Rendah
JJI-02092,Enrolled,0,Veterinary Nursing,Fase 1 - kuota umum,Kumpul kebo,Perempuan,Siang,21,21-23 th,Lunas,Tidak,Tidak,Ya,119.7,133.0,5,5,12.2,5,3,11.33,1.0,0.6,0.2619,Aman,Sedang
JJI-02093,Graduate,0,Nursing,Fase 1 - kuota umum,Lajang,Perempuan,Siang,18,≤20 th,Lunas,Tidak,Tidak,Tidak,140.8,156.0,8,7,15.7,8,7,15.7,0.875,0.875,0.0729,Aman,Rendah
JJI-02094,Graduate,0,Nursing,Fase 1 - kuota umum,Lajang,Perempuan,Siang,18,≤20 th,Lunas,Tidak,Tidak,Ya,138.0,151.0,7,6,15.2,7,6,15.2,0.857,0.857,0.0994,Aman,Rendah
JJI-02095,Dropout,1,Basic Education,Fase 2 - kuota umum,Lajang,Perempuan,Siang,29,28-35 th,Menunggak,Tidak,Tidak,Ya,132.9,135.0,6,6,16.33,6,5,15.6,1.0,0.833,0.6544,Berisiko,Tinggi
JJI-02096,Graduate,0,Equinculture,Pindah program studi,Lajang,Perempuan,Siang,20,≤20 th,Lunas,Tidak,Tidak,Tidak,140.0,140.0,17,14,12.56,12,12,12.86,0.824,1.0,0.1658,Aman,Rendah
JJI-02097,Dropout,1,Nursing,Pemegang gelar pendidikan tinggi lain,Lajang,Perempuan,Siang,26,24-27 th,Lunas,Tidak,Tidak,Tidak,140.0,140.0,7,0,0.0,8,0,0.0,0.0,0.0,0.9842,Berisiko,Sangat Tinggi
JJI-02098,Graduate,0,Social Service,Fase 1 - kuota umum,Lajang,Perempuan,Siang,21,21-23 th,Lunas,Tidak,Tidak,Ya,99.3,100.0,6,5,12.4,6,6,12.0,0.833,1.0,0.1194,Aman,Rendah
JJI-02099,Graduate,0,Nursing,Fase 3 - kuota umum,Lajang,Perempuan,Siang,19,≤20 th,Lunas,Tidak,Ya,Tidak,119.3,126.0,8,8,13.78,8,8,13.78,1.0,1.0,0.0415,Aman,Rendah
JJI-02100,Dropout,1,Tourism,Fase 2 - kuota umum,Lajang,Perempuan,Siang,19,≤20 th,Lunas,Ya,Tidak,Ya,113.2,123.0,6,6,12.17,6,5,11.67,1.0,0.833,0.3543,Aman,Sedang
JJI-02101,Enrolled,0,Journalism & Communication,Fase 2 - kuota umum,Lajang,Perempuan,Siang,21,21-23 th,Lunas,Tidak,Tidak,Tidak,117.0,133.1,6,5,11.8,6,5,11.83,0.833,0.833,0.2999,Aman,Sedang
JJI-02102,Graduate,0,Social Service (kelas malam),Fase 3 - kuota umum,Lajang,Perempuan,Malam,20,≤20 th,Lunas,Ya,Tidak,Tidak,123.0,137.0,6,4,10.8,6,4,12.0,0.667,0.667,0.4324,Berisiko,Tinggi
JJI-02103,Graduate,0,Nursing,Fase 1 - kuota umum,Lajang,Perempuan,Siang,18,≤20 th,Lunas,Tidak,Ya,Ya,127.2,138.0,7,7,13.26,8,8,14.29,1.0,1.0,0.0549,Aman,Rendah
JJI-02104,Dropout,1,Journalism & Communication,Fase 1 - kuota umum,Lajang,Perempuan,Siang,20,≤20 th,Menunggak,Tidak,Tidak,Ya,141.0,128.0,6,4,12.0,6,3,10.67,0.667,0.5,0.8418,Berisiko,Sangat Tinggi
JJI-02105,Graduate,0,Social Service,Fase 1 - kuota umum,Lajang,Perempuan,Siang,20,≤20 th,Lunas,Tidak,Ya,Tidak,121.7,136.0,6,6,11.88,6,6,14.43,1.0,1.0,0.0407,Aman,Rendah
JJI-02106,Enrolled,0,Nursing,Pindah program studi,Lajang,Perempuan,Siang,18,≤20 th,Lunas,Tidak,Ya,Tidak,121.1,127.0,7,5,12.16,7,2,13.4,0.714,0.286,0.4078,Aman,Sedang
JJI-02107,Enrolled,0,Communication Design,Fase 1 - kuota khusus (Madeira),Lajang,Perempuan,Siang,18,≤20 th,Lunas,Tidak,Tidak,Ya,146.1,145.0,6,1,15.0,6,4,12.5,0.167,0.667,0.4852,Berisiko,Tinggi
JJI-02108,Graduate,0,Journalism & Communication,Fase 1 - kuota umum,Lajang,Perempuan,Siang,18,≤20 th,Lunas,Tidak,Tidak,Ya,142.5,140.0,6,6,13.33,6,5,13.2,1.0,0.833,0.1971,Aman,Rendah
JJI-02109,Enrolled,0,Veterinary Nursing,Fase 2 - kuota umum,Lajang,Perempuan,Siang,18,≤20 th,Lunas,Tidak,Tidak,Ya,126.8,138.0,5,2,11.5,5,3,11.8,0.4,0.6,0.4245,Berisiko,Tinggi
JJI-02110,Graduate,0,Veterinary Nursing,Pemegang diploma spesialisasi teknologi,Lajang,Perempuan,Siang,22,21-23 th,Lunas,Tidak,Tidak,Ya,150.0,150.0,6,6,14.43,6,5,13.0,1.0,0.833,0.16,Aman,Rendah
JJI-02111,Enrolled,0,Veterinary Nursing,Pemegang diploma spesialisasi teknologi,Lajang,Perempuan,Siang,19,≤20 th,Lunas,Tidak,Tidak,Ya,150.0,150.0,5,1,13.0,5,3,15.33,0.2,0.6,0.33,Aman,Sedang
JJI-02112,Graduate,0,Agronomy,Fase 2 - kuota umum,Lajang,Perempuan,Siang,19,≤20 th,Lunas,Tidak,Ya,Ya,134.5,131.0,6,6,15.0,6,6,14.33,1.0,1.0,0.0695,Aman,Rendah
JJI-02113,Graduate,0,Oral Hygiene,Fase 1 - kuota umum,Lajang,Perempuan,Siang,18,≤20 th,Lunas,Tidak,Tidak,Ya,129.5,136.0,7,7,15.16,8,8,16.8,1.0,1.0,0.0611,Aman,Rendah
JJI-02114,Graduate,0,Social Service,Fase 1 - kuota umum,Lajang,Perempuan,Siang,20,≤20 th,Lunas,Ya,Tidak,Ya,113.2,117.0,6,6,10.67,6,6,11.86,1.0,1.0,0.1446,Aman,Rendah
JJI-02115,Dropout,1,Basic Education,Fase 2 - kuota umum,Lajang,Perempuan,Siang,18,≤20 th,Lunas,Tidak,Tidak,Ya,140.2,158.0,6,5,11.0,6,4,11.25,0.833,0.667,0.4861,Berisiko,Tinggi
JJI-02116,Dropout,1,Advertising & Marketing Management,Fase 2 - kuota umum,Lajang,Perempuan,Siang,21,21-23 th,Lunas,Tidak,Tidak,Ya,119.2,129.0,6,0,0.0,6,0,0.0,0.0,0.0,0.9689,Berisiko,Sangat Tinggi
JJI-02117,Graduate,0,Social Service,Fase 1 - kuota umum,Lajang,Perempuan,Siang,19,≤20 th,Lunas,Tidak,Tidak,Tidak,140.7,140.0,6,6,12.29,6,6,12.0,1.0,1.0,0.0698,Aman,Rendah
JJI-02118,Dropout,1,Nursing,Fase 1 - kuota umum,Lajang,Perempuan,Siang,18,≤20 th,Lunas,Tidak,Tidak,Ya,142.3,141.0,8,8,12.83,8,8,12.83,1.0,1.0,0.0759,Aman,Rendah
JJI-02119,Graduate,0,Journalism & Communication,Fase 1 - kuota umum,Lajang,Perempuan,Siang,18,≤20 th,Lunas,Tidak,Tidak,Ya,129.9,132.0,6,6,12.67,6,5,14.4,1.0,0.833,0.2124,Aman,Rendah
JJI-02120,Enrolled,0,Animation & Multimedia Design,Fase 2 - kuota umum,Lajang,Perempuan,Siang,18,≤20 th,Lunas,Tidak,Tidak,Ya,134.8,133.0,0,0,0.0,0,0,0.0,,,0.5785,Berisiko,Tinggi
JJI-02121,Dropout,1,Veterinary Nursing,Fase 2 - kuota umum,Lajang,Perempuan,Siang,21,21-23 th,Menunggak,Ya,Ya,Ya,104.1,109.0,6,2,13.0,6,0,0.0,0.333,0.0,0.9854,Berisiko,Sangat Tinggi
JJI-02122,Graduate,0,Management,Fase 1 - kuota umum,Lajang,Perempuan,Siang,19,≤20 th,Lunas,Ya,Tidak,Tidak,122.4,135.0,5,5,10.88,5,4,12.4,1.0,0.8,0.2429,Aman,Rendah
JJI-02123,Graduate,0,Management,Fase 1 - kuota umum,Lajang,Perempuan,Siang,19,≤20 th,Lunas,Tidak,Ya,Ya,120.6,122.0,5,5,12.8,5,5,11.6,1.0,1.0,0.0808,Aman,Rendah
JJI-02124,Dropout,1,Social Service,Fase 2 - kuota umum,Lajang,Perempuan,Siang,19,≤20 th,Lunas,Tidak,Tidak,Ya,112.4,118.0,6,5,11.29,6,0,0.0,0.833,0.0,0.9073,Berisiko,Sangat Tinggi
JJI-02125,Graduate,0,Animation & Multimedia Design,Fase 1 - kuota umum,Lajang,Perempuan,Siang,18,≤20 th,Lunas,Tidak,Tidak,Tidak,157.9,174.0,0,0,0.0,0,0,0.0,,,0.4613,Berisiko,Tinggi
JJI-02126,Dropout,1,Tourism,Pindah program studi,Lajang,Perempuan,Siang,19,≤20 th,Lunas,Tidak,Ya,Tidak,125.9,142.0,6,0,0.0,6,1,10.0,0.0,0.167,0.7118,Berisiko,Tinggi
JJI-02127,Dropout,1,Nursing,Fase 2 - kuota umum,Lajang,Perempuan,Siang,20,≤20 th,Lunas,Tidak,Ya,Ya,118.4,131.0,7,6,13.77,8,8,13.74,0.857,1.0,0.0719,Aman,Rendah
JJI-02128,Dropout,1,Nursing,Fase 1 - kuota umum,Lajang,Perempuan,Siang,18,≤20 th,Menunggak,Tidak,Tidak,Ya,130.8,139.0,8,6,12.76,8,6,12.76,0.75,0.75,0.5332,Berisiko,Tinggi
JJI-02129,Dropout,1,Animation & Multimedia Design,Fase 1 - kuota umum,Lajang,Perempuan,Siang,19,≤20 th,Lunas,Tidak,Ya,Ya,176.7,170.0,0,0,0.0,0,0,0.0,,,0.3309,Aman,Sedang
JJI-02130,Graduate,0,Communication Design,Fase 1 - kuota umum,Lajang,Perempuan,Siang,18,≤20 th,Lunas,Tidak,Tidak,Ya,156.8,182.0,6,6,12.67,6,6,13.25,1.0,1.0,0.0851,Aman,Rendah
JJI-02131,Enrolled,0,Veterinary Nursing,Fase 1 - kuota umum,Lajang,Perempuan,Siang,18,≤20 th,Lunas,Tidak,Tidak,Tidak,126.8,125.0,6,6,12.0,6,4,12.75,1.0,0.667,0.186,Aman,Rendah
JJI-02132,Graduate,0,Social Service,Fase 1 - kuota umum,Lajang,Perempuan,Siang,19,≤20 th,Lunas,Tidak,Ya,Tidak,128.0,142.0,6,6,12.25,6,6,12.0,1.0,1.0,0.0516,Aman,Rendah
JJI-02133,Graduate,0,Management,Fase 1 - kuota umum,Lajang,Perempuan,Siang,20,≤20 th,Lunas,Tidak,Tidak,Ya,113.8,119.0,5,3,11.33,5,5,12.2,0.6,1.0,0.1956,Aman,Rendah
JJI-02134,Graduate,0,Nursing,Fase 2 - kuota umum,Lajang,Perempuan,Siang,19,≤20 th,Lunas,Tidak,Ya,Ya,120.8,128.0,7,7,13.51,8,8,13.05,1.0,1.0,0.0689,Aman,Rendah
JJI-02135,Graduate,0,Nursing,Fase 1 - kuota umum,Lajang,Perempuan,Siang,18,≤20 th,Lunas,Tidak,Tidak,Ya,130.8,150.0,8,7,13.61,8,7,13.61,0.875,0.875,0.1174,Aman,Rendah
JJI-02136,Dropout,1,Tourism,Usia di atas 23 tahun,Lajang,Perempuan,Siang,25,24-27 th,Lunas,Ya,Tidak,Tidak,101.0,133.1,6,0,0.0,6,0,0.0,0.0,0.0,0.9853,Berisiko,Sangat Tinggi
JJI-02137,Graduate,0,Communication Design,Fase 2 - kuota umum,Lajang,Perempuan,Siang,18,≤20 th,Menunggak,Tidak,Tidak,Ya,126.1,131.0,6,4,11.5,6,6,12.17,0.667,1.0,0.534,Berisiko,Tinggi
JJI-02138,Graduate,0,Journalism & Communication,Fase 1 - kuota umum,Lajang,Perempuan,Siang,19,≤20 th,Lunas,Tidak,Tidak,Ya,113.8,118.0,6,6,12.33,6,6,12.5,1.0,1.0,0.1901,Aman,Rendah
JJI-02139,Graduate,0,Oral Hygiene,Fase 2 - kuota umum,Lajang,Perempuan,Siang,19,≤20 th,Lunas,Tidak,Ya,Ya,118.3,122.0,7,7,11.97,8,8,14.44,1.0,1.0,0.0778,Aman,Rendah
JJI-02140,Dropout,1,Management,Fase 1 - kuota umum,Lajang,Perempuan,Siang,20,≤20 th,Menunggak,Ya,Ya,Tidak,127.9,116.0,5,2,13.0,5,2,11.5,0.4,0.4,0.7793,Berisiko,Sangat Tinggi
JJI-02141,Enrolled,0,Nursing,Fase 2 - kuota umum,Lajang,Perempuan,Siang,18,≤20 th,Lunas,Tidak,Tidak,Ya,131.1,137.0,7,7,12.39,8,7,12.73,1.0,0.875,0.1602,Aman,Rendah
JJI-02142,Graduate,0,Veterinary Nursing,Fase 2 - kuota umum,Lajang,Perempuan,Siang,20,≤20 th,Lunas,Tidak,Tidak,Ya,117.9,128.0,5,2,13.5,5,5,11.29,0.4,1.0,0.296,Aman,Sedang
JJI-02143,Graduate,0,Social Service,Fase 2 - kuota umum,Lajang,Perempuan,Siang,21,21-23 th,Lunas,Tidak,Tidak,Ya,115.7,123.0,6,6,12.17,6,6,13.29,1.0,1.0,0.1099,Aman,Rendah
JJI-02144,Graduate,0,Animation & Multimedia Design,Fase 1 - kuota umum,Lajang,Perempuan,Siang,19,≤20 th,Lunas,Tidak,Tidak,Ya,141.0,133.1,0,0,0.0,0,0,0.0,,,0.4559,Berisiko,Tinggi
JJI-02145,Graduate,0,Social Service (kelas malam),Usia di atas 23 tahun,Menikah,Perempuan,Malam,42,>35 th,Lunas,Tidak,Tidak,Tidak,120.0,110.0,6,6,11.67,6,6,13.67,1.0,1.0,0.1738,Aman,Rendah
JJI-02146,Enrolled,0,Equinculture,Fase 2 - kuota umum,Lajang,Perempuan,Siang,18,≤20 th,Menunggak,Ya,Tidak,Ya,131.8,143.0,6,5,12.4,6,5,14.17,0.833,0.833,0.7469,Berisiko,Tinggi
JJI-02147,Graduate,0,Communication Design,Fase 1 - kuota umum,Lajang,Perempuan,Siang,19,≤20 th,Lunas,Tidak,Ya,Tidak,131.1,150.0,6,5,13.4,6,6,12.83,0.833,1.0,0.075,Aman,Rendah
JJI-02148,Graduate,0,Tourism,Fase 1 - kuota umum,Lajang,Perempuan,Siang,18,≤20 th,Lunas,Tidak,Tidak,Ya,117.8,129.0,6,6,12.0,6,4,12.5,1.0,0.667,0.2911,Aman,Sedang
JJI-02149,Graduate,0,Veterinary Nursing,Ordinance No. 854-B/99,Lajang,Perempuan,Siang,21,21-23 th,Lunas,Tidak,Tidak,Ya,140.0,140.0,5,5,14.2,5,5,14.8,1.0,1.0,0.1161,Aman,Rendah
JJI-02150,Graduate,0,Social Service,Fase 1 - kuota umum,Lajang,Perempuan,Siang,20,≤20 th,Lunas,Tidak,Ya,Tidak,108.0,133.1,6,6,12.12,6,6,14.43,1.0,1.0,0.0403,Aman,Rendah
JJI-02151,Graduate,0,Basic Education,Fase 1 - kuota umum,Lajang,Perempuan,Siang,20,≤20 th,Lunas,Tidak,Tidak,Ya,122.9,132.0,7,7,13.86,7,7,13.29,1.0,1.0,0.1677,Aman,Rendah
JJI-02152,Enrolled,0,Veterinary Nursing,Pemegang diploma spesialisasi teknologi,Lajang,Perempuan,Siang,21,21-23 th,Lunas,Tidak,Tidak,Ya,130.0,130.0,6,3,11.75,6,5,12.33,0.5,0.833,0.258,Aman,Sedang
JJI-02153,Graduate,0,Nursing,Fase 1 - kuota umum,Lajang,Perempuan,Siang,19,≤20 th,Lunas,Tidak,Tidak,Ya,126.0,137.0,7,7,14.28,8,8,13.13,1.0,1.0,0.0783,Aman,Rendah
JJI-02154,Graduate,0,Social Service,Transfer,Lajang,Perempuan,Siang,21,21-23 th,Lunas,Tidak,Tidak,Tidak,134.0,133.1,13,11,13.27,11,9,13.0,0.846,0.818,0.1768,Aman,Rendah
JJI-02155,Graduate,0,Communication Design,Fase 1 - kuota umum,Lajang,Perempuan,Siang,19,≤20 th,Lunas,Tidak,Tidak,Ya,134.3,143.0,6,6,14.67,6,6,15.14,1.0,1.0,0.0902,Aman,Rendah
JJI-02156,Graduate,0,Nursing,Fase 1 - kuota umum,Lajang,Perempuan,Siang,19,≤20 th,Lunas,Tidak,Ya,Tidak,138.7,148.0,7,7,15.11,8,8,15.09,1.0,1.0,0.0311,Aman,Rendah
JJI-02157,Enrolled,0,Animation & Multimedia Design,Fase 2 - kuota umum,Lajang,Perempuan,Siang,18,≤20 th,Lunas,Tidak,Tidak,Ya,143.3,137.0,0,0,0.0,0,0,0.0,,,0.5616,Berisiko,Tinggi
JJI-02158,Graduate,0,Veterinary Nursing,Pemegang diploma spesialisasi teknologi,Lajang,Perempuan,Siang,22,21-23 th,Lunas,Tidak,Tidak,Ya,160.0,160.0,6,6,15.0,6,6,13.14,1.0,1.0,0.1235,Aman,Rendah
JJI-02159,Graduate,0,Basic Education,Fase 1 - kuota umum,Lajang,Perempuan,Siang,21,21-23 th,Lunas,Tidak,Tidak,Tidak,111.0,112.0,6,5,13.2,6,5,14.33,0.833,0.833,0.2303,Aman,Rendah
JJI-02160,Dropout,1,Tourism,Fase 2 - kuota umum,Lajang,Perempuan,Siang,18,≤20 th,Lunas,Tidak,Ya,Ya,128.5,133.0,6,2,11.0,6,3,10.33,0.333,0.5,0.5767,Berisiko,Tinggi
JJI-02161,Graduate,0,Nursing,Fase 1 - kuota umum,Lajang,Perempuan,Siang,20,≤20 th,Lunas,Tidak,Ya,Tidak,133.0,142.0,8,7,14.57,8,7,14.57,0.875,0.875,0.0672,Aman,Rendah
JJI-02162,Dropout,1,Advertising & Marketing Management,Fase 2 - kuota umum,Lajang,Perempuan,Siang,18,≤20 th,Menunggak,Ya,Tidak,Ya,114.6,123.0,5,3,12.0,5,4,10.75,0.6,0.8,0.8205,Berisiko,Sangat Tinggi
JJI-02163,Dropout,1,Social Service,Fase 2 - kuota umum,Lajang,Perempuan,Siang,20,≤20 th,Lunas,Tidak,Tidak,Tidak,104.1,103.0,6,0,0.0,5,0,0.0,0.0,0.0,0.9358,Berisiko,Sangat Tinggi
JJI-02164,Graduate,0,Nursing,Fase 2 - kuota umum,Lajang,Perempuan,Siang,23,21-23 th,Lunas,Tidak,Tidak,Ya,127.6,140.0,7,6,13.8,8,7,13.78,0.857,0.875,0.1873,Aman,Rendah
JJI-02165,Graduate,0,Journalism & Communication,Fase 1 - kuota umum,Lajang,Perempuan,Siang,18,≤20 th,Lunas,Tidak,Tidak,Ya,151.0,159.0,6,6,14.83,6,6,15.33,1.0,1.0,0.115,Aman,Rendah
JJI-02166,Graduate,0,Social Service,Pemegang diploma spesialisasi teknologi,Lajang,Perempuan,Siang,20,≤20 th,Lunas,Tidak,Tidak,Ya,135.7,140.0,6,6,12.83,6,6,13.83,1.0,1.0,0.0755,Aman,Rendah
JJI-02167,Graduate,0,Nursing,Fase 2 - kuota umum,Lajang,Perempuan,Siang,18,≤20 th,Lunas,Tidak,Ya,Ya,137.8,148.0,8,7,14.96,8,7,14.96,0.875,0.875,0.0844,Aman,Rendah
JJI-02168,Graduate,0,Management,Fase 1 - kuota umum,Lajang,Perempuan,Siang,20,≤20 th,Lunas,Tidak,Tidak,Ya,117.3,112.0,5,4,12.0,5,5,11.2,0.8,1.0,0.212,Aman,Rendah
JJI-02169,Graduate,0,Nursing,Fase 3 - kuota umum,Lajang,Perempuan,Siang,18,≤20 th,Lunas,Tidak,Tidak,Ya,121.2,131.0,7,7,12.4,8,8,12.8,1.0,1.0,0.0908,Aman,Rendah
JJI-02170,Graduate,0,Advertising & Marketing Management,Fase 2 - kuota umum,Lajang,Perempuan,Siang,20,≤20 th,Lunas,Tidak,Tidak,Ya,129.3,145.0,6,6,15.57,6,6,17.17,1.0,1.0,0.1199,Aman,Rendah
JJI-02171,Graduate,0,Nursing,Fase 1 - kuota umum,Lajang,Perempuan,Siang,19,≤20 th,Lunas,Tidak,Tidak,Ya,123.0,133.1,8,7,13.71,8,7,13.71,0.875,0.875,0.1338,Aman,Rendah
JJI-02172,Graduate,0,Veterinary Nursing,Pemegang diploma spesialisasi teknologi,Lajang,Perempuan,Siang,21,21-23 th,Lunas,Tidak,Tidak,Tidak,140.0,140.0,6,6,13.14,6,6,12.17,1.0,1.0,0.1003,Aman,Rendah
JJI-02173,Graduate,0,Communication Design,Pemegang gelar pendidikan tinggi lain,Menikah,Perempuan,Siang,33,28-35 th,Lunas,Tidak,Tidak,Tidak,140.0,140.0,6,6,15.0,6,3,11.0,1.0,0.5,0.5274,Berisiko,Tinggi
JJI-02174,Dropout,1,Veterinary Nursing,Fase 1 - kuota umum,Lajang,Perempuan,Siang,24,24-27 th,Menunggak,Ya,Tidak,Tidak,144.6,150.0,5,1,13.0,5,0,0.0,0.2,0.0,0.9879,Berisiko,Sangat Tinggi
JJI-02175,Graduate,0,Social Service,Pindah program studi,Lajang,Perempuan,Siang,20,≤20 th,Lunas,Tidak,Ya,Tidak,118.3,120.0,11,11,12.0,11,11,12.75,1.0,1.0,0.0325,Aman,Rendah
JJI-02176,Graduate,0,Animation & Multimedia Design,Fase 1 - kuota umum,Lajang,Perempuan,Siang,18,≤20 th,Lunas,Tidak,Tidak,Ya,153.6,156.0,0,0,0.0,0,0,0.0,,,0.5006,Berisiko,Tinggi
JJI-02177,Graduate,0,Communication Design,Fase 1 - kuota umum,Lajang,Perempuan,Siang,18,≤20 th,Lunas,Tidak,Tidak,Ya,158.3,167.0,6,6,15.17,6,6,14.17,1.0,1.0,0.1097,Aman,Rendah
JJI-02178,Dropout,1,Social Service (kelas malam),Pindah program studi,Lajang,Perempuan,Malam,29,28-35 th,Lunas,Ya,Tidak,Tidak,100.0,133.1,6,4,12.0,6,2,10.5,0.667,0.333,0.7245,Berisiko,Tinggi
JJI-02179,Graduate,0,Nursing,Fase 2 - kuota umum,Lajang,Perempuan,Siang,18,≤20 th,Lunas,Tidak,Tidak,Tidak,134.9,147.0,7,7,13.64,8,8,14.77,1.0,1.0,0.0668,Aman,Rendah
JJI-02180,Graduate,0,Journalism & Communication,Fase 1 - kuota umum,Lajang,Perempuan,Siang,19,≤20 th,Lunas,Tidak,Tidak,Ya,142.0,129.0,6,6,12.67,6,6,12.71,1.0,1.0,0.1459,Aman,Rendah
JJI-02181,Dropout,1,Animation & Multimedia Design,Fase 2 - kuota umum,Lajang,Perempuan,Siang,19,≤20 th,Lunas,Tidak,Tidak,Ya,127.3,136.0,0,0,0.0,0,0,0.0,,,0.5921,Berisiko,Tinggi
JJI-02182,Graduate,0,Social Service,Fase 2 - kuota umum,Lajang,Perempuan,Siang,18,≤20 th,Lunas,Tidak,Ya,Tidak,116.5,128.0,6,5,10.8,6,6,10.5,0.833,1.0,0.0927,Aman,Rendah
JJI-02183,Graduate,0,Nursing,Pindah program studi,Lajang,Perempuan,Siang,19,≤20 th,Lunas,Tidak,Ya,Tidak,138.6,140.0,7,6,14.25,8,8,13.06,0.857,1.0,0.0582,Aman,Rendah
JJI-02184,Dropout,1,Basic Education,Transfer,Lajang,Perempuan,Siang,20,≤20 th,Lunas,Tidak,Tidak,Tidak,133.0,141.0,14,12,12.15,12,10,12.9,0.857,0.833,0.349,Aman,Sedang
JJI-02185,Enrolled,0,Social Service,Fase 2 - kuota umum,Lajang,Perempuan,Siang,19,≤20 th,Lunas,Tidak,Tidak,Ya,136.2,133.0,6,1,11.5,6,2,10.5,0.167,0.333,0.7179,Berisiko,Tinggi
JJI-02186,Graduate,0,Tourism,Fase 2 - kuota umum,Lajang,Perempuan,Siang,19,≤20 th,Lunas,Tidak,Ya,Ya,118.0,125.0,6,4,12.25,6,3,12.33,0.667,0.5,0.4239,Berisiko,Tinggi
JJI-02187,Enrolled,0,Communication Design,Fase 1 - kuota umum,Lajang,Perempuan,Siang,18,≤20 th,Lunas,Tidak,Ya,Tidak,126.8,124.0,6,6,12.0,6,5,11.14,1.0,0.833,0.0966,Aman,Rendah
JJI-02188,Graduate,0,Nursing,Fase 1 - kuota umum,Lajang,Perempuan,Siang,18,≤20 th,Lunas,Tidak,Ya,Ya,128.5,140.0,8,8,13.4,8,8,13.4,1.0,1.0,0.0507,Aman,Rendah
JJI-02189,Graduate,0,Tourism,Fase 2 - kuota umum,Lajang,Perempuan,Siang,19,≤20 th,Lunas,Tidak,Ya,Tidak,129.9,140.0,6,6,11.33,6,3,12.67,1.0,0.5,0.284,Aman,Sedang
JJI-02190,Dropout,1,Journalism & Communication,Fase 2 - kuota umum,Lajang,Laki-laki,Siang,20,≤20 th,Lunas,Ya,Tidak,Tidak,125.8,137.0,6,5,12.2,6,6,12.33,0.833,1.0,0.3844,Aman,Sedang
JJI-02191,Enrolled,0,Animation & Multimedia Design,Fase 2 - kuota umum,Lajang,Laki-laki,Siang,18,≤20 th,Lunas,Tidak,Ya,Ya,129.3,144.0,0,0,0.0,0,0,0.0,,,0.5195,Berisiko,Tinggi
JJI-02192,Dropout,1,Nursing,Fase 1 - kuota umum,Lajang,Laki-laki,Siang,18,≤20 th,Lunas,Tidak,Tidak,Ya,124.7,138.0,7,0,0.0,8,0,0.0,0.0,0.0,0.9793,Berisiko,Sangat Tinggi
JJI-02193,Dropout,1,Agronomy,Usia di atas 23 tahun,Lajang,Laki-laki,Siang,35,28-35 th,Menunggak,Ya,Tidak,Tidak,154.9,130.0,6,5,16.17,6,4,16.0,0.833,0.667,0.7986,Berisiko,Sangat Tinggi
JJI-02194,Enrolled,0,Informatics Engineering,Fase 2 - kuota umum,Lajang,Laki-laki,Siang,18,≤20 th,Lunas,Tidak,Tidak,Tidak,127.3,142.0,5,3,11.0,5,3,11.0,0.6,0.6,0.4814,Berisiko,Tinggi
JJI-02195,Graduate,0,Animation & Multimedia Design,Fase 1 - kuota umum,Lajang,Laki-laki,Siang,19,≤20 th,Lunas,Tidak,Ya,Ya,129.0,136.0,0,0,0.0,0,0,0.0,,,0.4626,Berisiko,Tinggi
JJI-02196,Enrolled,0,Journalism & Communication,Fase 1 - kuota umum,Lajang,Laki-laki,Siang,19,≤20 th,Lunas,Tidak,Ya,Ya,98.0,133.1,6,4,12.0,6,6,12.29,0.667,1.0,0.1942,Aman,Rendah
JJI-02197,Enrolled,0,Management,Fase 2 - kuota umum,Lajang,Laki-laki,Siang,20,≤20 th,Lunas,Tidak,Tidak,Ya,122.0,130.0,5,2,10.5,5,4,12.25,0.4,0.8,0.468,Berisiko,Tinggi
JJI-02198,Enrolled,0,Communication Design,Pindah program studi,Lajang,Laki-laki,Siang,19,≤20 th,Lunas,Tidak,Tidak,Ya,112.5,117.0,6,3,11.67,6,4,10.33,0.5,0.667,0.5387,Berisiko,Tinggi
JJI-02199,Dropout,1,Management,Fase 1 - kuota umum,Lajang,Laki-laki,Siang,19,≤20 th,Lunas,Tidak,Tidak,Ya,127.3,136.0,5,3,11.0,5,2,10.0,0.6,0.4,0.578,Berisiko,Tinggi
JJI-02200,Dropout,1,Oral Hygiene,Usia di atas 23 tahun,Lajang,Laki-laki,Siang,24,24-27 th,Lunas,Tidak,Tidak,Tidak,100.5,133.1,7,0,0.0,7,0,0.0,0.0,0.0,0.9866,Berisiko,Sangat Tinggi
JJI-02201,Dropout,1,Social Service (kelas malam),Usia di atas 23 tahun,Lajang,Laki-laki,Malam,29,28-35 th,Menunggak,Ya,Tidak,Ya,122.0,140.0,6,4,12.5,6,0,0.0,0.667,0.0,0.9925,Berisiko,Sangat Tinggi
JJI-02202,Graduate,0,Nursing,Usia di atas 23 tahun,Lajang,Laki-laki,Siang,24,24-27 th,Lunas,Tidak,Tidak,Tidak,140.0,150.0,7,7,11.29,8,2,12.6,1.0,0.25,0.6988,Berisiko,Tinggi
JJI-02203,Graduate,0,Tourism,Fase 2 - kuota umum,Lajang,Laki-laki,Siang,19,≤20 th,Lunas,Tidak,Tidak,Ya,116.1,121.0,6,5,11.2,6,4,12.5,0.833,0.667,0.444,Berisiko,Tinggi
JJI-02204,Dropout,1,Animation & Multimedia Design,Pemegang gelar pendidikan tinggi lain,Menikah,Laki-laki,Siang,37,>35 th,Lunas,Tidak,Tidak,Ya,130.0,120.0,0,0,0.0,0,0,0.0,,,0.7716,Berisiko,Sangat Tinggi
JJI-02205,Graduate,0,Communication Design,Fase 1 - kuota khusus (Azores),Lajang,Laki-laki,Siang,18,≤20 th,Lunas,Tidak,Tidak,Ya,146.2,143.0,6,5,13.2,6,5,11.8,0.833,0.833,0.2828,Aman,Sedang
JJI-02206,Enrolled,0,Informatics Engineering,Pemegang diploma spesialisasi teknologi,Lajang,Laki-laki,Siang,20,≤20 th,Lunas,Tidak,Ya,Tidak,180.0,180.0,7,6,14.14,6,6,14.12,0.857,1.0,0.1045,Aman,Rendah
JJI-02207,Dropout,1,Management,Fase 1 - kuota umum,Lajang,Laki-laki,Siang,18,≤20 th,Menunggak,Tidak,Tidak,Ya,127.8,132.0,5,0,0.0,5,0,0.0,0.0,0.0,0.985,Berisiko,Sangat Tinggi
JJI-02208,Enrolled,0,Management,Pindah program studi,Lajang,Laki-laki,Siang,22,21-23 th,Lunas,Tidak,Tidak,Tidak,130.8,130.0,5,0,0.0,5,3,13.33,0.0,0.6,0.5476,Berisiko,Tinggi
JJI-02209,Enrolled,0,Management,Fase 2 - kuota umum,Lajang,Laki-laki,Siang,22,21-23 th,Lunas,Tidak,Ya,Ya,109.0,133.1,5,3,12.33,5,3,10.57,0.6,0.6,0.478,Berisiko,Tinggi
JJI-02210,Dropout,1,Journalism & Communication,Fase 1 - kuota umum,Lajang,Laki-laki,Siang,18,≤20 th,Menunggak,Ya,Tidak,Ya,132.4,131.0,6,0,0.0,6,0,0.0,0.0,0.0,0.9961,Berisiko,Sangat Tinggi
JJI-02211,Graduate,0,Nursing,Fase 1 - kuota umum,Lajang,Laki-laki,Siang,18,≤20 th,Lunas,Tidak,Tidak,Ya,129.3,149.0,8,7,13.1,8,7,13.1,0.875,0.875,0.1601,Aman,Rendah
JJI-02212,Graduate,0,Communication Design,Fase 1 - kuota umum,Lajang,Laki-laki,Siang,19,≤20 th,Lunas,Tidak,Tidak,Ya,125.4,124.0,6,6,13.5,6,6,13.17,1.0,1.0,0.129,Aman,Rendah
JJI-02213,Enrolled,0,Informatics Engineering,Fase 1 - kuota umum,Lajang,Laki-laki,Siang,19,≤20 th,Lunas,Tidak,Tidak,Tidak,130.2,126.0,5,5,10.2,5,3,12.0,1.0,0.6,0.308,Aman,Sedang
JJI-02214,Dropout,1,Social Service,Fase 1 - kuota umum,Lajang,Laki-laki,Siang,19,≤20 th,Lunas,Tidak,Tidak,Tidak,132.0,140.0,6,5,11.57,6,3,13.0,0.833,0.5,0.314,Aman,Sedang
JJI-02215,Graduate,0,Agronomy,Pemegang diploma spesialisasi teknologi,Lajang,Laki-laki,Siang,21,21-23 th,Lunas,Ya,Tidak,Ya,170.0,170.0,6,6,15.29,6,6,15.17,1.0,1.0,0.186,Aman,Rendah
JJI-02216,Enrolled,0,Journalism & Communication,Fase 1 - kuota umum,Lajang,Laki-laki,Siang,19,≤20 th,Lunas,Tidak,Tidak,Tidak,130.2,133.0,6,5,12.6,10,8,11.0,0.833,0.8,0.2799,Aman,Sedang
JJI-02217,Graduate,0,Oral Hygiene,Fase 3 - kuota umum,Lajang,Laki-laki,Siang,18,≤20 th,Lunas,Tidak,Tidak,Tidak,115.5,126.0,7,6,13.43,7,4,13.6,0.857,0.571,0.4298,Berisiko,Tinggi
JJI-02218,Dropout,1,Management,Fase 1 - kuota khusus (Madeira),Lajang,Laki-laki,Siang,19,≤20 th,Lunas,Tidak,Tidak,Ya,127.6,129.0,5,5,11.6,5,3,11.0,1.0,0.6,0.3671,Aman,Sedang
JJI-02219,Graduate,0,Journalism & Communication,Pemegang gelar pendidikan tinggi lain,Lajang,Laki-laki,Siang,25,24-27 th,Lunas,Tidak,Tidak,Tidak,140.0,140.0,6,6,14.67,6,6,13.5,1.0,1.0,0.2553,Aman,Sedang
JJI-02220,Graduate,0,Communication Design,Fase 1 - kuota umum,Lajang,Laki-laki,Siang,22,21-23 th,Lunas,Tidak,Tidak,Ya,120.2,130.0,6,6,14.67,6,6,14.67,1.0,1.0,0.1384,Aman,Rendah
JJI-02221,Graduate,0,Nursing,Usia di atas 23 tahun,Lajang,Laki-laki,Siang,24,24-27 th,Lunas,Tidak,Tidak,Tidak,150.0,130.0,8,7,12.74,8,7,12.74,0.875,0.875,0.2172,Aman,Rendah
JJI-02222,Graduate,0,Nursing,Fase 1 - kuota umum,Lajang,Laki-laki,Siang,19,≤20 th,Lunas,Tidak,Tidak,Ya,100.0,99.0,7,7,11.98,8,7,13.13,1.0,0.875,0.1385,Aman,Rendah
JJI-02223,Enrolled,0,Informatics Engineering,Pindah program studi,Lajang,Laki-laki,Siang,18,≤20 th,Lunas,Tidak,Tidak,Tidak,100.0,146.0,5,4,12.25,5,3,11.67,0.8,0.6,0.3477,Aman,Sedang
JJI-02224,Dropout,1,Animation & Multimedia Design,Fase 2 - kuota umum,Lajang,Laki-laki,Siang,20,≤20 th,Menunggak,Tidak,Tidak,Tidak,128.0,129.0,0,0,0.0,0,0,0.0,,,0.8601,Berisiko,Sangat Tinggi
JJI-02225,Graduate,0,Nursing,Fase 1 - kuota umum,Lajang,Laki-laki,Siang,19,≤20 th,Lunas,Tidak,Ya,Ya,128.0,132.0,8,7,14.94,8,7,14.94,0.875,0.875,0.0958,Aman,Rendah
JJI-02226,Dropout,1,Tourism,Pindah program studi,Lajang,Laki-laki,Siang,19,≤20 th,Lunas,Tidak,Tidak,Ya,107.2,110.0,6,2,10.5,6,4,10.0,0.333,0.667,0.653,Berisiko,Tinggi
JJI-02227,Graduate,0,Advertising & Marketing Management,Fase 1 - kuota umum,Lajang,Laki-laki,Siang,19,≤20 th,Lunas,Tidak,Tidak,Ya,110.1,116.0,6,5,13.33,6,5,13.0,0.833,0.833,0.2974,Aman,Sedang
JJI-02228,Dropout,1,Agronomy,Pindah program studi,Lajang,Laki-laki,Siang,23,21-23 th,Lunas,Ya,Tidak,Tidak,119.0,119.0,6,0,0.0,6,0,0.0,0.0,0.0,0.9761,Berisiko,Sangat Tinggi
JJI-02229,Dropout,1,Journalism & Communication,Usia di atas 23 tahun,Menikah,Laki-laki,Siang,47,>35 th,Lunas,Tidak,Tidak,Tidak,155.5,120.0,6,5,13.8,6,4,14.0,0.833,0.667,0.5641,Berisiko,Tinggi
JJI-02230,Graduate,0,Communication Design,Fase 1 - kuota umum,Lajang,Laki-laki,Siang,19,≤20 th,Lunas,Tidak,Tidak,Tidak,118.4,117.0,6,6,11.83,6,4,10.75,1.0,0.667,0.2762,Aman,Sedang
JJI-02231,Graduate,0,Animation & Multimedia Design,Fase 1 - kuota umum,Lajang,Laki-laki,Siang,19,≤20 th,Lunas,Tidak,Tidak,Ya,141.2,137.0,0,0,0.0,0,0,0.0,,,0.6053,Berisiko,Tinggi
JJI-02232,Dropout,1,Animation & Multimedia Design,Fase 1 - kuota umum,Lajang,Laki-laki,Siang,18,≤20 th,Lunas,Tidak,Tidak,Ya,119.1,124.0,0,0,0.0,0,0,0.0,,,0.543,Berisiko,Tinggi
JJI-02233,Dropout,1,Management,Pindah program studi,Lajang,Laki-laki,Siang,28,28-35 th,Lunas,Tidak,Tidak,Tidak,111.0,151.0,5,2,10.0,5,0,0.0,0.4,0.0,0.9419,Berisiko,Sangat Tinggi
JJI-02234,Dropout,1,Tourism,Pindah program studi,Lajang,Laki-laki,Siang,20,≤20 th,Lunas,Tidak,Tidak,Ya,138.6,138.6,6,4,11.5,6,3,11.67,0.667,0.5,0.5277,Berisiko,Tinggi
JJI-02235,Enrolled,0,Tourism,Fase 2 - kuota umum,Lajang,Laki-laki,Siang,18,≤20 th,Lunas,Tidak,Ya,Tidak,121.2,118.0,6,3,10.67,6,4,12.0,0.5,0.667,0.3999,Aman,Sedang
JJI-02236,Graduate,0,Animation & Multimedia Design,Fase 1 - kuota umum,Lajang,Laki-laki,Siang,21,21-23 th,Lunas,Tidak,Ya,Ya,150.4,136.0,0,0,0.0,0,0,0.0,,,0.4291,Berisiko,Tinggi
JJI-02237,Enrolled,0,Tourism,Fase 1 - kuota umum,Lajang,Laki-laki,Siang,19,≤20 th,Lunas,Tidak,Tidak,Tidak,117.8,123.0,6,4,12.75,6,2,13.0,0.667,0.333,0.5715,Berisiko,Tinggi
JJI-02238,Dropout,1,Tourism,Usia di atas 23 tahun,Lajang,Laki-laki,Siang,24,24-27 th,Menunggak,Ya,Tidak,Tidak,102.5,133.1,6,0,0.0,6,0,0.0,0.0,0.0,0.9953,Berisiko,Sangat Tinggi
JJI-02239,Enrolled,0,Equinculture,Usia di atas 23 tahun,Lajang,Laki-laki,Siang,24,24-27 th,Lunas,Tidak,Tidak,Tidak,110.0,130.0,6,6,11.33,6,3,11.33,1.0,0.5,0.6373,Berisiko,Tinggi
JJI-02240,Enrolled,0,Veterinary Nursing,Usia di atas 23 tahun,Lajang,Laki-laki,Siang,25,24-27 th,Menunggak,Ya,Tidak,Ya,138.3,133.1,6,0,0.0,6,0,0.0,0.0,0.0,0.9949,Berisiko,Sangat Tinggi
JJI-02241,Graduate,0,Tourism,Usia di atas 23 tahun,Lajang,Laki-laki,Siang,28,28-35 th,Lunas,Tidak,Tidak,Tidak,122.3,150.0,6,6,13.0,6,5,12.2,1.0,0.833,0.333,Aman,Sedang
JJI-02242,Enrolled,0,Management (kelas malam),Usia di atas 23 tahun,Menikah,Laki-laki,Malam,37,>35 th,Lunas,Tidak,Tidak,Tidak,127.8,130.0,5,4,10.75,5,3,11.33,0.8,0.6,0.6023,Berisiko,Tinggi
JJI-02243,Enrolled,0,Informatics Engineering,Pindah program studi,Lajang,Laki-laki,Siang,19,≤20 th,Lunas,Tidak,Tidak,Tidak,100.0,128.0,5,5,12.0,5,2,10.5,1.0,0.4,0.5011,Berisiko,Tinggi
JJI-02244,Graduate,0,Nursing,Fase 2 - kuota umum,Lajang,Laki-laki,Siang,18,≤20 th,Lunas,Tidak,Ya,Ya,126.4,133.0,7,7,13.46,8,8,13.91,1.0,1.0,0.0813,Aman,Rendah
JJI-02245,Dropout,1,Tourism,Usia di atas 23 tahun,Lajang,Laki-laki,Siang,48,>35 th,Lunas,Tidak,Tidak,Tidak,100.0,133.1,6,3,10.0,6,1,10.0,0.5,0.167,0.9396,Berisiko,Sangat Tinggi
JJI-02246,Graduate,0,Social Service,Fase 2 - kuota umum,Lajang,Laki-laki,Siang,21,21-23 th,Lunas,Tidak,Tidak,Ya,117.1,129.0,6,6,12.33,6,6,13.67,1.0,1.0,0.1629,Aman,Rendah
JJI-02247,Enrolled,0,Nursing,Fase 2 - kuota umum,Lajang,Laki-laki,Siang,19,≤20 th,Lunas,Tidak,Ya,Tidak,124.7,128.0,7,6,12.53,7,6,12.42,0.857,0.857,0.1428,Aman,Rendah
JJI-02248,Enrolled,0,Nursing,Pindah program studi,Lajang,Laki-laki,Siang,21,21-23 th,Lunas,Tidak,Ya,Tidak,124.1,136.0,8,0,0.0,8,0,0.0,0.0,0.0,0.9736,Berisiko,Sangat Tinggi
JJI-02249,Dropout,1,Informatics Engineering,Pemegang diploma spesialisasi teknologi,Lajang,Laki-laki,Siang,23,21-23 th,Menunggak,Ya,Tidak,Ya,129.4,130.0,5,0,0.0,5,0,0.0,0.0,0.0,0.9937,Berisiko,Sangat Tinggi
JJI-02250,Graduate,0,Equinculture,Fase 1 - kuota umum,Lajang,Laki-laki,Siang,18,≤20 th,Lunas,Tidak,Tidak,Ya,138.9,141.0,5,5,13.6,5,4,13.25,1.0,0.8,0.2548,Aman,Sedang
JJI-02251,Dropout,1,Social Service,Pemegang diploma spesialisasi teknologi,Lajang,Laki-laki,Siang,22,21-23 th,Lunas,Tidak,Tidak,Tidak,138.6,140.0,6,6,12.33,6,2,14.0,1.0,0.333,0.3731,Aman,Sedang
JJI-02252,Dropout,1,Animation & Multimedia Design,Fase 1 - kuota khusus (Madeira),Lajang,Laki-laki,Siang,25,24-27 th,Lunas,Tidak,Tidak,Ya,133.9,122.0,13,10,11.45,11,7,12.25,0.769,0.636,0.6601,Berisiko,Tinggi
JJI-02253,Dropout,1,Veterinary Nursing,Pemegang gelar pendidikan tinggi lain,Lajang,Laki-laki,Siang,27,24-27 th,Lunas,Ya,Tidak,Tidak,140.0,140.0,13,8,13.5,11,5,14.4,0.615,0.455,0.9266,Berisiko,Sangat Tinggi
JJI-02254,Dropout,1,Informatics Engineering,Usia di atas 23 tahun,Lajang,Laki-laki,Siang,49,>35 th,Menunggak,Tidak,Tidak,Tidak,95.1,133.1,5,0,0.0,5,0,0.0,0.0,0.0,0.9959,Berisiko,Sangat Tinggi
JJI-02255,Dropout,1,Management (kelas malam),Usia di atas 23 tahun,Lajang,Laki-laki,Malam,31,28-35 th,Menunggak,Tidak,Tidak,Tidak,128.2,120.0,5,2,11.0,5,0,0.0,0.4,0.0,0.9913,Berisiko,Sangat Tinggi
JJI-02256,Dropout,1,Tourism,Usia di atas 23 tahun,Lajang,Laki-laki,Siang,54,>35 th,Lunas,Tidak,Tidak,Tidak,121.5,133.1,6,6,13.71,6,5,14.33,1.0,0.833,0.5017,Berisiko,Tinggi
JJI-02257,Dropout,1,Biofuel Production Technologies,Pemegang gelar pendidikan tinggi lain,Lajang,Laki-laki,Siang,25,24-27 th,Menunggak,Ya,Tidak,Ya,120.0,120.0,21,21,12.36,16,12,12.25,1.0,0.75,0.8115,Berisiko,Sangat Tinggi
JJI-02258,Enrolled,0,Agronomy,Pemegang diploma spesialisasi teknologi,Lajang,Laki-laki,Siang,20,≤20 th,Lunas,Tidak,Tidak,Tidak,130.0,130.0,7,3,10.67,6,2,11.5,0.429,0.333,0.6763,Berisiko,Tinggi
JJI-02259,Dropout,1,Communication Design,Pemegang gelar pendidikan tinggi lain,Lajang,Laki-laki,Siang,28,28-35 th,Lunas,Tidak,Tidak,Tidak,120.0,120.0,6,2,12.0,6,3,12.67,0.333,0.5,0.7095,Berisiko,Tinggi
JJI-02260,Graduate,0,Social Service (kelas malam),Usia di atas 23 tahun,Menikah,Laki-laki,Malam,41,>35 th,Lunas,Tidak,Tidak,Tidak,107.0,133.1,7,7,12.86,6,6,13.17,1.0,1.0,0.23,Aman,Rendah
JJI-02261,Enrolled,0,Advertising & Marketing Management,Fase 1 - kuota umum,Lajang,Laki-laki,Siang,19,≤20 th,Lunas,Tidak,Ya,Tidak,116.1,122.0,6,6,13.12,6,6,12.71,1.0,1.0,0.1035,Aman,Rendah
JJI-02262,Dropout,1,Management,Pindah program studi,Lajang,Laki-laki,Siang,22,21-23 th,Lunas,Tidak,Tidak,Tidak,114.4,123.0,5,0,0.0,5,2,11.5,0.0,0.4,0.7464,Berisiko,Tinggi
JJI-02263,Dropout,1,Tourism,Fase 1 - kuota umum,Lajang,Laki-laki,Siang,34,28-35 th,Lunas,Tidak,Tidak,Tidak,157.7,178.0,6,2,13.5,6,0,0.0,0.333,0.0,0.9761,Berisiko,Sangat Tinggi
JJI-02264,Dropout,1,Agronomy,Usia di atas 23 tahun,Lajang,Laki-laki,Siang,28,28-35 th,Menunggak,Ya,Tidak,Tidak,150.0,130.0,11,11,15.09,10,10,15.0,1.0,1.0,0.4002,Aman,Sedang
JJI-02265,Enrolled,0,Basic Education,Fase 1 - kuota umum,Lajang,Laki-laki,Siang,42,>35 th,Lunas,Tidak,Tidak,Ya,114.3,110.0,6,5,12.4,6,5,11.8,0.833,0.833,0.5825,Berisiko,Tinggi
JJI-02266,Enrolled,0,Veterinary Nursing,Fase 3 - kuota umum,Lajang,Laki-laki,Siang,21,21-23 th,Menunggak,Tidak,Tidak,Tidak,104.6,106.0,6,5,14.0,6,4,14.8,0.833,0.667,0.6439,Berisiko,Tinggi
JJI-02267,Dropout,1,Agronomy,Pemegang gelar pendidikan tinggi lain,Lajang,Laki-laki,Siang,50,>35 th,Lunas,Tidak,Tidak,Tidak,140.0,140.0,6,2,13.5,6,1,13.0,0.333,0.167,0.9353,Berisiko,Sangat Tinggi
JJI-02268,Dropout,1,Management,Fase 1 - kuota umum,Lajang,Laki-laki,Siang,19,≤20 th,Lunas,Tidak,Tidak,Ya,109.1,108.0,5,0,0.0,5,0,0.0,0.0,0.0,0.9414,Berisiko,Sangat Tinggi
JJI-02269,Dropout,1,Nursing,Pindah program studi,Lajang,Laki-laki,Siang,18,≤20 th,Lunas,Tidak,Tidak,Tidak,120.6,120.0,7,4,12.65,7,3,10.67,0.571,0.429,0.6185,Berisiko,Tinggi
JJI-02270,Dropout,1,Management (kelas malam),Usia di atas 23 tahun,Menikah,Laki-laki,Malam,59,>35 th,Lunas,Tidak,Tidak,Tidak,161.9,100.0,5,0,0.0,5,0,0.0,0.0,0.0,0.9895,Berisiko,Sangat Tinggi
JJI-02271,Dropout,1,Management (kelas malam),Pemegang gelar pendidikan tinggi lain,Menikah,Laki-laki,Malam,33,28-35 th,Menunggak,Tidak,Tidak,Ya,140.0,140.0,5,0,0.0,5,0,0.0,0.0,0.0,0.9956,Berisiko,Sangat Tinggi
JJI-02272,Graduate,0,Communication Design,Fase 2 - kuota umum,Lajang,Laki-laki,Siang,23,21-23 th,Lunas,Tidak,Ya,Ya,178.0,133.1,6,6,13.33,6,5,12.8,1.0,0.833,0.2184,Aman,Rendah
JJI-02273,Dropout,1,Management (kelas malam),Usia di atas 23 tahun,Menikah,Laki-laki,Malam,44,>35 th,Lunas,Tidak,Tidak,Tidak,138.3,133.1,5,3,11.33,5,5,11.14,0.6,1.0,0.5295,Berisiko,Tinggi
JJI-02274,Dropout,1,Social Service (kelas malam),Fase 1 - kuota umum,Menikah,Laki-laki,Malam,37,>35 th,Lunas,Tidak,Tidak,Ya,128.0,140.0,6,0,0.0,6,0,0.0,0.0,0.0,0.9807,Berisiko,Sangat Tinggi
JJI-02275,Dropout,1,Animation & Multimedia Design,Usia di atas 23 tahun,Menikah,Laki-laki,Siang,36,>35 th,Lunas,Tidak,Tidak,Tidak,139.0,100.0,0,0,0.0,0,0,0.0,,,0.6875,Berisiko,Tinggi
JJI-02276,Dropout,1,Management (kelas malam),Fase 1 - kuota umum,Lajang,Laki-laki,Malam,22,21-23 th,Menunggak,Tidak,Tidak,Tidak,113.2,123.0,5,3,11.67,5,2,10.5,0.6,0.4,0.8664,Berisiko,Sangat Tinggi
JJI-02277,Graduate,0,Social Service (kelas malam),Usia di atas 23 tahun,Menikah,Laki-laki,Malam,49,>35 th,Lunas,Tidak,Tidak,Tidak,139.0,133.1,6,6,12.17,6,6,14.43,1.0,1.0,0.2622,Aman,Sedang
JJI-02278,Graduate,0,Journalism & Communication,Pindah institusi/prodi,Lajang,Laki-laki,Siang,23,21-23 th,Lunas,Tidak,Tidak,Ya,110.0,135.0,6,6,13.33,6,4,12.75,1.0,0.667,0.4431,Berisiko,Tinggi
JJI-02279,Enrolled,0,Communication Design,Fase 1 - kuota umum,Lajang,Laki-laki,Siang,19,≤20 th,Lunas,Tidak,Tidak,Ya,136.6,132.0,6,5,11.4,6,3,11.0,0.833,0.5,0.4793,Berisiko,Tinggi
JJI-02280,Dropout,1,Social Service (kelas malam),Pindah program studi,Menikah,Laki-laki,Malam,47,>35 th,Lunas,Tidak,Tidak,Tidak,161.1,120.0,6,6,12.14,6,0,0.0,1.0,0.0,0.9385,Berisiko,Sangat Tinggi
JJI-02281,Graduate,0,Agronomy,Pindah program studi,Lajang,Laki-laki,Siang,28,28-35 th,Lunas,Tidak,Tidak,Tidak,130.0,130.0,18,17,13.06,12,12,12.31,0.944,1.0,0.16,Aman,Rendah
JJI-02282,Enrolled,0,Agronomy,Pemegang diploma spesialisasi teknologi,Lajang,Laki-laki,Siang,21,21-23 th,Lunas,Tidak,Tidak,Tidak,140.0,140.0,6,4,11.75,6,4,10.5,0.667,0.667,0.3546,Aman,Sedang
JJI-02283,Dropout,1,Tourism,Fase 1 - kuota umum,Lajang,Laki-laki,Siang,21,21-23 th,Menunggak,Ya,Tidak,Tidak,121.0,133.1,6,5,11.83,6,5,10.0,0.833,0.833,0.7362,Berisiko,Tinggi
JJI-02284,Graduate,0,Social Service,Pindah program studi,Lajang,Laki-laki,Siang,21,21-23 th,Lunas,Tidak,Tidak,Tidak,118.6,120.0,11,10,12.4,10,10,11.8,0.909,1.0,0.1055,Aman,Rendah
JJI-02285,Enrolled,0,Communication Design,Fase 1 - kuota umum,Lajang,Laki-laki,Siang,20,≤20 th,Lunas,Tidak,Tidak,Tidak,138.3,140.0,6,6,13.43,6,4,11.5,1.0,0.667,0.2954,Aman,Sedang
JJI-02286,Dropout,1,Management,Transfer,Menikah,Laki-laki,Siang,49,>35 th,Menunggak,Tidak,Tidak,Tidak,115.8,133.1,5,0,0.0,5,0,0.0,0.0,0.0,0.9955,Berisiko,Sangat Tinggi
JJI-02287,Graduate,0,Management (kelas malam),Usia di atas 23 tahun,Lajang,Laki-laki,Malam,40,>35 th,Lunas,Tidak,Tidak,Tidak,160.0,120.0,5,5,11.0,5,5,13.4,1.0,1.0,0.3735,Aman,Sedang
JJI-02288,Graduate,0,Tourism,Fase 2 - kuota umum,Lajang,Laki-laki,Siang,22,21-23 th,Lunas,Tidak,Ya,Tidak,114.5,125.0,6,6,13.62,6,6,14.43,1.0,1.0,0.1126,Aman,Rendah
JJI-02289,Enrolled,0,Informatics Engineering,Transfer,Lajang,Laki-laki,Siang,19,≤20 th,Lunas,Tidak,Tidak,Tidak,117.5,136.0,5,4,11.8,5,2,11.5,0.8,0.4,0.5764,Berisiko,Tinggi
JJI-02290,Dropout,1,Management (kelas malam),Usia di atas 23 tahun,Lajang,Laki-laki,Malam,31,28-35 th,Lunas,Tidak,Tidak,Tidak,121.7,133.1,5,0,0.0,5,0,0.0,0.0,0.0,0.9723,Berisiko,Sangat Tinggi
JJI-02291,Dropout,1,Informatics Engineering,Transfer,Lajang,Laki-laki,Siang,30,28-35 th,Lunas,Tidak,Tidak,Tidak,115.0,120.0,6,2,15.0,6,2,13.5,0.333,0.333,0.7897,Berisiko,Sangat Tinggi
JJI-02292,Graduate,0,Social Service,Fase 1 - kuota umum,Lajang,Laki-laki,Siang,19,≤20 th,Lunas,Tidak,Tidak,Tidak,125.3,127.0,6,5,10.8,6,5,11.0,0.833,0.833,0.1828,Aman,Rendah
JJI-02293,Dropout,1,Management,Fase 3 - kuota umum,Lajang,Laki-laki,Siang,22,21-23 th,Lunas,Tidak,Tidak,Tidak,131.0,131.0,5,3,13.67,5,3,11.33,0.6,0.6,0.4583,Berisiko,Tinggi
JJI-02294,Graduate,0,Journalism & Communication,Fase 1 - kuota umum,Lajang,Laki-laki,Siang,19,≤20 th,Lunas,Tidak,Tidak,Tidak,126.3,127.0,6,6,12.83,6,6,13.33,1.0,1.0,0.1378,Aman,Rendah
JJI-02295,Dropout,1,Animation & Multimedia Design,Fase 2 - kuota umum,Lajang,Laki-laki,Siang,21,21-23 th,Menunggak,Tidak,Tidak,Tidak,127.1,132.0,0,0,0.0,0,0,0.0,,,0.8778,Berisiko,Sangat Tinggi
JJI-02296,Graduate,0,Advertising & Marketing Management,Fase 2 - kuota umum,Lajang,Laki-laki,Siang,19,≤20 th,Lunas,Tidak,Tidak,Tidak,138.4,137.0,6,6,15.12,6,6,13.43,1.0,1.0,0.1893,Aman,Rendah
JJI-02297,Dropout,1,Management,Pindah program studi,Lajang,Laki-laki,Siang,22,21-23 th,Lunas,Tidak,Tidak,Ya,100.0,126.0,5,0,0.0,5,1,10.0,0.0,0.2,0.8509,Berisiko,Sangat Tinggi
JJI-02298,Graduate,0,Social Service,Fase 1 - kuota umum,Lajang,Laki-laki,Siang,22,21-23 th,Lunas,Tidak,Tidak,Tidak,126.2,136.0,6,5,11.4,6,5,11.0,0.833,0.833,0.2151,Aman,Rendah
JJI-02299,Graduate,0,Social Service,Fase 1 - kuota umum,Lajang,Laki-laki,Siang,19,≤20 th,Lunas,Tidak,Tidak,Tidak,118.8,124.0,6,4,12.25,6,6,11.0,0.667,1.0,0.1525,Aman,Rendah
JJI-02300,Dropout,1,Tourism,Usia di atas 23 tahun,Lajang,Laki-laki,Siang,26,24-27 th,Menunggak,Tidak,Tidak,Tidak,124.5,137.0,6,0,0.0,6,0,0.0,0.0,0.0,0.9941,Berisiko,Sangat Tinggi
JJI-02301,Enrolled,0,Informatics Engineering,Pemegang diploma spesialisasi teknologi,Lajang,Laki-laki,Siang,23,21-23 th,Lunas,Tidak,Tidak,Tidak,140.0,140.0,7,3,14.0,6,1,14.0,0.429,0.167,0.774,Berisiko,Sangat Tinggi
JJI-02302,Enrolled,0,Communication Design,Fase 2 - kuota umum,Lajang,Laki-laki,Siang,18,≤20 th,Lunas,Tidak,Tidak,Tidak,125.1,131.0,6,6,12.33,6,5,10.8,1.0,0.833,0.2574,Aman,Sedang
JJI-02303,Enrolled,0,Management,Fase 1 - kuota umum,Lajang,Laki-laki,Siang,22,21-23 th,Lunas,Ya,Ya,Tidak,118.8,130.0,5,5,10.67,5,2,11.0,1.0,0.4,0.4265,Berisiko,Tinggi
JJI-02304,Enrolled,0,Informatics Engineering,Fase 3 - kuota umum,Lajang,Laki-laki,Siang,19,≤20 th,Lunas,Tidak,Tidak,Ya,125.2,136.0,5,5,11.83,5,5,14.71,1.0,1.0,0.2127,Aman,Rendah
JJI-02305,Dropout,1,Management,Fase 2 - kuota umum,Lajang,Laki-laki,Siang,20,≤20 th,Lunas,Tidak,Tidak,Tidak,95.0,133.1,5,0,0.0,5,0,0.0,0.0,0.0,0.9627,Berisiko,Sangat Tinggi
JJI-02306,Enrolled,0,Communication Design,Fase 1 - kuota umum,Lajang,Laki-laki,Siang,22,21-23 th,Lunas,Tidak,Ya,Ya,107.6,110.0,6,6,11.67,6,6,12.17,1.0,1.0,0.1129,Aman,Rendah
JJI-02307,Dropout,1,Equinculture,Pemegang gelar pendidikan tinggi lain,Lajang,Laki-laki,Siang,18,≤20 th,Menunggak,Tidak,Tidak,Ya,140.0,140.0,5,2,13.0,5,0,0.0,0.4,0.0,0.9898,Berisiko,Sangat Tinggi
JJI-02308,Dropout,1,Management (kelas malam),Pindah program studi,Bercerai,Laki-laki,Malam,39,>35 th,Lunas,Tidak,Tidak,Tidak,125.4,133.1,2,0,0.0,4,0,0.0,0.0,0.0,0.9506,Berisiko,Sangat Tinggi
JJI-02309,Dropout,1,Nursing,Fase 1 - kuota umum,Lajang,Laki-laki,Siang,18,≤20 th,Lunas,Tidak,Tidak,Tidak,128.0,141.0,8,0,0.0,8,0,0.0,0.0,0.0,0.9785,Berisiko,Sangat Tinggi
JJI-02310,Graduate,0,Informatics Engineering,Fase 2 - kuota umum,Lajang,Laki-laki,Siang,18,≤20 th,Lunas,Tidak,Ya,Tidak,129.3,130.0,5,5,13.0,5,5,14.2,1.0,1.0,0.122,Aman,Rendah
JJI-02311,Graduate,0,Social Service,Fase 1 - kuota umum,Lajang,Laki-laki,Siang,19,≤20 th,Lunas,Tidak,Ya,Tidak,152.0,160.0,6,6,13.86,6,6,14.0,1.0,1.0,0.0457,Aman,Rendah
JJI-02312,Graduate,0,Nursing,Fase 1 - kuota umum,Lajang,Laki-laki,Siang,18,≤20 th,Lunas,Tidak,Tidak,Tidak,128.8,140.0,7,6,13.39,8,8,12.49,0.857,1.0,0.0901,Aman,Rendah
JJI-02313,Dropout,1,Management,Fase 1 - kuota umum,Lajang,Laki-laki,Siang,18,≤20 th,Lunas,Tidak,Ya,Ya,152.8,150.0,5,4,12.75,5,0,0.0,0.8,0.0,0.832,Berisiko,Sangat Tinggi
JJI-02314,Graduate,0,Equinculture,Pemegang diploma spesialisasi teknologi,Lajang,Laki-laki,Siang,22,21-23 th,Lunas,Tidak,Tidak,Ya,150.0,150.0,5,4,14.5,5,5,14.6,0.8,1.0,0.2489,Aman,Rendah
JJI-02315,Graduate,0,Social Service,Fase 1 - kuota umum,Lajang,Laki-laki,Siang,19,≤20 th,Lunas,Tidak,Tidak,Tidak,112.0,133.1,6,6,12.17,6,6,12.17,1.0,1.0,0.0925,Aman,Rendah
JJI-02316,Dropout,1,Equinculture,Fase 1 - kuota umum,Lajang,Laki-laki,Siang,18,≤20 th,Lunas,Tidak,Tidak,Ya,135.6,152.0,5,5,15.4,5,5,15.6,1.0,1.0,0.1647,Aman,Rendah
JJI-02317,Dropout,1,Informatics Engineering,Usia di atas 23 tahun,Lajang,Laki-laki,Siang,31,28-35 th,Menunggak,Ya,Tidak,Tidak,134.4,133.1,5,2,13.33,5,2,16.0,0.4,0.4,0.9175,Berisiko,Sangat Tinggi
JJI-02318,Dropout,1,Management (kelas malam),Usia di atas 23 tahun,Lajang,Laki-laki,Malam,28,28-35 th,Lunas,Tidak,Tidak,Tidak,120.5,130.0,5,0,0.0,5,0,0.0,0.0,0.0,0.9705,Berisiko,Sangat Tinggi
JJI-02319,Dropout,1,Communication Design,Fase 1 - kuota umum,Lajang,Laki-laki,Siang,19,≤20 th,Lunas,Tidak,Tidak,Tidak,141.4,148.0,6,0,0.0,6,0,0.0,0.0,0.0,0.9471,Berisiko,Sangat Tinggi
JJI-02320,Graduate,0,Tourism,Fase 2 - kuota umum,Lajang,Laki-laki,Siang,20,≤20 th,Lunas,Tidak,Tidak,Tidak,145.2,148.0,6,6,13.71,6,6,14.71,1.0,1.0,0.1479,Aman,Rendah
JJI-02321,Dropout,1,Social Service,Usia di atas 23 tahun,Bercerai,Laki-laki,Siang,50,>35 th,Lunas,Tidak,Tidak,Tidak,140.0,130.0,6,4,12.25,6,0,0.0,0.667,0.0,0.959,Berisiko,Sangat Tinggi
JJI-02322,Enrolled,0,Communication Design,Pindah program studi,Lajang,Laki-laki,Siang,38,>35 th,Lunas,Tidak,Tidak,Tidak,100.0,160.0,6,5,16.0,6,4,16.5,0.833,0.667,0.4506,Berisiko,Tinggi
JJI-02323,Dropout,1,Management (kelas malam),Usia di atas 23 tahun,Menikah,Laki-laki,Malam,31,28-35 th,Lunas,Tidak,Tidak,Ya,140.0,130.0,5,1,11.0,5,1,13.0,0.2,0.2,0.8361,Berisiko,Sangat Tinggi
JJI-02324,Enrolled,0,Nursing,Usia di atas 23 tahun,Lajang,Laki-laki,Siang,27,24-27 th,Lunas,Tidak,Tidak,Ya,126.0,110.0,7,7,14.09,7,7,14.09,1.0,1.0,0.1455,Aman,Rendah
JJI-02325,Graduate,0,Social Service,Fase 3 - kuota umum,Lajang,Laki-laki,Siang,21,21-23 th,Lunas,Tidak,Tidak,Ya,112.6,122.0,6,6,10.17,6,6,10.5,1.0,1.0,0.1594,Aman,Rendah
JJI-02326,Dropout,1,Informatics Engineering,Usia di atas 23 tahun,Menikah,Laki-laki,Siang,34,28-35 th,Lunas,Tidak,Tidak,Tidak,106.8,110.0,5,1,10.0,5,0,0.0,0.2,0.0,0.962,Berisiko,Sangat Tinggi
JJI-02327,Enrolled,0,Informatics Engineering,Pindah institusi/prodi,Lajang,Laki-laki,Siang,19,≤20 th,Lunas,Tidak,Tidak,Ya,121.6,129.0,5,0,0.0,5,1,10.0,0.0,0.2,0.8719,Berisiko,Sangat Tinggi
JJI-02328,Dropout,1,Management (kelas malam),Usia di atas 23 tahun,Menikah,Laki-laki,Malam,40,>35 th,Menunggak,Tidak,Tidak,Ya,120.0,110.0,5,2,10.5,5,3,10.67,0.4,0.6,0.9307,Berisiko,Sangat Tinggi
JJI-02329,Graduate,0,Animation & Multimedia Design,Fase 1 - kuota umum,Lajang,Laki-laki,Siang,18,≤20 th,Lunas,Tidak,Ya,Ya,160.6,170.0,0,0,0.0,0,0,0.0,,,0.4513,Berisiko,Tinggi
JJI-02330,Dropout,1,Communication Design,Usia di atas 23 tahun,Menikah,Laki-laki,Siang,46,>35 th,Menunggak,Ya,Ya,Tidak,130.0,110.0,6,0,0.0,6,0,0.0,0.0,0.0,0.9966,Berisiko,Sangat Tinggi
JJI-02331,Dropout,1,Social Service (kelas malam),Pindah program studi,Lajang,Laki-laki,Malam,37,>35 th,Lunas,Tidak,Tidak,Tidak,110.0,110.0,6,0,0.0,5,0,0.0,0.0,0.0,0.972,Berisiko,Sangat Tinggi
JJI-02332,Dropout,1,Agronomy,Usia di atas 23 tahun,Lajang,Laki-laki,Siang,31,28-35 th,Lunas,Tidak,Tidak,Ya,110.0,133.1,6,0,0.0,6,0,0.0,0.0,0.0,0.9795,Berisiko,Sangat Tinggi
JJI-02333,Graduate,0,Agronomy,Usia di atas 23 tahun,Lajang,Laki-laki,Siang,34,28-35 th,Lunas,Tidak,Tidak,Tidak,145.8,133.1,6,5,13.33,6,5,12.4,0.833,0.833,0.3686,Aman,Sedang
JJI-02334,Dropout,1,Animation & Multimedia Design,Fase 1 - kuota umum,Lajang,Laki-laki,Siang,18,≤20 th,Lunas,Tidak,Ya,Ya,130.2,126.0,0,0,0.0,0,0,0.0,,,0.5521,Berisiko,Tinggi
JJI-02335,Graduate,0,Advertising & Marketing Management,Fase 1 - kuota umum,Lajang,Laki-laki,Siang,18,≤20 th,Lunas,Tidak,Ya,Tidak,122.3,137.0,6,6,13.57,6,6,14.33,1.0,1.0,0.0786,Aman,Rendah
JJI-02336,Graduate,0,Communication Design,Fase 2 - kuota umum,Lajang,Laki-laki,Siang,19,≤20 th,Lunas,Tidak,Ya,Ya,125.4,117.0,6,6,12.83,6,6,11.17,1.0,1.0,0.1474,Aman,Rendah
JJI-02337,Dropout,1,Management (kelas malam),Pindah program studi,Lajang,Laki-laki,Malam,40,>35 th,Lunas,Tidak,Tidak,Tidak,130.0,100.0,5,4,10.25,8,5,11.2,0.8,0.625,0.705,Berisiko,Tinggi
JJI-02338,Dropout,1,Equinculture,Usia di atas 23 tahun,Lajang,Laki-laki,Siang,25,24-27 th,Lunas,Tidak,Tidak,Tidak,150.0,120.0,6,0,0.0,6,0,0.0,0.0,0.0,0.9863,Berisiko,Sangat Tinggi
JJI-02339,Dropout,1,Informatics Engineering,Fase 2 - kuota umum,Lajang,Laki-laki,Siang,20,≤20 th,Lunas,Ya,Tidak,Ya,116.9,126.0,5,4,14.5,6,3,13.33,0.8,0.5,0.6647,Berisiko,Tinggi
JJI-02340,Enrolled,0,Informatics Engineering,Fase 2 - kuota umum,Lajang,Laki-laki,Siang,20,≤20 th,Lunas,Tidak,Tidak,Tidak,114.7,122.0,5,5,15.8,5,5,13.71,1.0,1.0,0.1707,Aman,Rendah
JJI-02341,Dropout,1,Agronomy,Usia di atas 23 tahun,Lajang,Laki-laki,Siang,43,>35 th,Menunggak,Tidak,Tidak,Ya,95.8,111.0,6,0,0.0,6,0,0.0,0.0,0.0,0.9965,Berisiko,Sangat Tinggi
JJI-02342,Enrolled,0,Informatics Engineering,Fase 2 - kuota umum,Lajang,Laki-laki,Siang,18,≤20 th,Lunas,Tidak,Tidak,Ya,133.1,139.0,5,4,12.5,5,3,14.67,0.8,0.6,0.4282,Berisiko,Tinggi
JJI-02343,Graduate,0,Agronomy,Pindah program studi,Lajang,Laki-laki,Siang,35,28-35 th,Lunas,Tidak,Tidak,Tidak,150.0,150.0,18,18,11.67,13,12,11.5,1.0,0.923,0.1816,Aman,Rendah
JJI-02344,Graduate,0,Management (kelas malam),Fase 2 - kuota umum,Lajang,Laki-laki,Malam,23,21-23 th,Lunas,Tidak,Tidak,Tidak,118.5,116.0,5,4,13.0,5,5,13.0,0.8,1.0,0.2603,Aman,Sedang
JJI-02345,Graduate,0,Nursing,Fase 2 - kuota umum,Lajang,Laki-laki,Siang,19,≤20 th,Lunas,Tidak,Tidak,Tidak,131.1,130.0,7,7,12.12,9,8,11.51,1.0,0.889,0.1604,Aman,Rendah
JJI-02346,Graduate,0,Veterinary Nursing,Pemegang diploma short cycle,Lajang,Laki-laki,Siang,21,21-23 th,Lunas,Tidak,Ya,Ya,150.3,150.0,11,9,14.22,9,7,13.75,0.818,0.778,0.2081,Aman,Rendah
JJI-02347,Enrolled,0,Advertising & Marketing Management,Pindah program studi,Lajang,Laki-laki,Siang,19,≤20 th,Lunas,Tidak,Tidak,Tidak,120.5,132.0,6,4,12.5,6,4,13.25,0.667,0.667,0.4532,Berisiko,Tinggi
JJI-02348,Graduate,0,Informatics Engineering,Fase 3 - kuota umum,Lajang,Laki-laki,Siang,20,≤20 th,Lunas,Tidak,Tidak,Ya,105.6,108.0,5,5,12.17,5,5,15.29,1.0,1.0,0.1759,Aman,Rendah
JJI-02349,Dropout,1,Advertising & Marketing Management,Usia di atas 23 tahun,Lajang,Laki-laki,Siang,30,28-35 th,Lunas,Tidak,Ya,Tidak,125.3,133.1,6,0,0.0,6,0,0.0,0.0,0.0,0.9665,Berisiko,Sangat Tinggi
JJI-02350,Graduate,0,Tourism,Usia di atas 23 tahun,Bercerai,Laki-laki,Siang,44,>35 th,Lunas,Tidak,Tidak,Ya,131.0,120.0,6,6,12.67,6,6,11.5,1.0,1.0,0.3559,Aman,Sedang
JJI-02351,Graduate,0,Nursing,Fase 3 - kuota umum,Lajang,Laki-laki,Siang,19,≤20 th,Lunas,Tidak,Tidak,Tidak,127.0,146.0,8,7,13.61,8,7,13.61,0.875,0.875,0.1581,Aman,Rendah
JJI-02352,Graduate,0,Equinculture,Pemegang diploma spesialisasi teknologi,Lajang,Laki-laki,Siang,22,21-23 th,Lunas,Tidak,Tidak,Ya,150.0,150.0,18,12,12.86,12,10,14.3,0.667,0.833,0.5626,Berisiko,Tinggi
JJI-02353,Graduate,0,Equinculture,Fase 1 - kuota umum,Lajang,Laki-laki,Siang,18,≤20 th,Lunas,Tidak,Tidak,Tidak,149.2,160.0,5,4,14.0,5,5,14.2,0.8,1.0,0.1775,Aman,Rendah
JJI-02354,Graduate,0,Advertising & Marketing Management,Fase 2 - kuota umum,Lajang,Laki-laki,Siang,21,21-23 th,Lunas,Tidak,Ya,Ya,121.5,125.0,6,4,14.75,6,5,11.8,0.667,0.833,0.2982,Aman,Sedang
JJI-02355,Dropout,1,Veterinary Nursing,Fase 1 - kuota umum,Lajang,Laki-laki,Siang,18,≤20 th,Lunas,Tidak,Tidak,Tidak,137.3,125.0,6,0,0.0,6,0,0.0,0.0,0.0,0.9391,Berisiko,Sangat Tinggi
JJI-02356,Graduate,0,Advertising & Marketing Management,Fase 2 - kuota umum,Lajang,Laki-laki,Siang,18,≤20 th,Lunas,Tidak,Tidak,Ya,119.6,122.0,6,6,13.62,6,6,14.29,1.0,1.0,0.201,Aman,Rendah
JJI-02357,Graduate,0,Animation & Multimedia Design,Fase 1 - kuota umum,Lajang,Laki-laki,Siang,19,≤20 th,Lunas,Tidak,Tidak,Tidak,141.5,138.0,0,0,0.0,0,0,0.0,,,0.5152,Berisiko,Tinggi
JJI-02358,Dropout,1,Agronomy,Pemegang diploma spesialisasi teknologi,Lajang,Laki-laki,Siang,21,21-23 th,Lunas,Tidak,Tidak,Ya,150.0,150.0,6,4,11.8,6,4,11.88,0.667,0.667,0.3708,Aman,Sedang
JJI-02359,Graduate,0,Agronomy,Usia di atas 23 tahun,Lajang,Laki-laki,Siang,31,28-35 th,Lunas,Tidak,Tidak,Tidak,110.0,140.0,6,6,15.12,6,6,14.6,1.0,1.0,0.1806,Aman,Rendah
JJI-02360,Dropout,1,Tourism,Fase 2 - kuota umum,Lajang,Laki-laki,Siang,21,21-23 th,Lunas,Tidak,Tidak,Ya,110.2,113.0,6,4,11.5,6,2,10.5,0.667,0.333,0.8019,Berisiko,Sangat Tinggi
JJI-02361,Enrolled,0,Informatics Engineering,Usia di atas 23 tahun,Lajang,Laki-laki,Siang,24,24-27 th,Lunas,Ya,Tidak,Tidak,110.3,139.0,5,1,10.0,5,1,11.0,0.2,0.2,0.8781,Berisiko,Sangat Tinggi
JJI-02362,Dropout,1,Journalism & Communication,Transfer,Lajang,Laki-laki,Siang,27,24-27 th,Lunas,Tidak,Tidak,Tidak,120.0,133.1,4,0,0.0,5,0,0.0,0.0,0.0,0.9698,Berisiko,Sangat Tinggi
JJI-02363,Graduate,0,Management,Fase 1 - kuota umum,Lajang,Laki-laki,Siang,20,≤20 th,Lunas,Tidak,Tidak,Ya,114.2,118.0,5,3,10.33,5,5,12.8,0.6,1.0,0.2641,Aman,Sedang
JJI-02364,Enrolled,0,Informatics Engineering,Pemegang diploma spesialisasi teknologi,Lajang,Laki-laki,Siang,22,21-23 th,Lunas,Tidak,Tidak,Ya,140.0,140.0,5,0,0.0,5,2,11.67,0.0,0.4,0.7574,Berisiko,Sangat Tinggi
JJI-02365,Enrolled,0,Agronomy,Fase 1 - kuota umum,Lajang,Laki-laki,Siang,19,≤20 th,Lunas,Tidak,Ya,Tidak,132.8,144.0,6,4,12.0,6,4,12.5,0.667,0.667,0.2207,Aman,Rendah
JJI-02366,Graduate,0,Journalism & Communication,Fase 3 - kuota umum,Lajang,Laki-laki,Siang,19,≤20 th,Lunas,Tidak,Tidak,Ya,121.5,125.0,6,6,13.83,6,6,14.5,1.0,1.0,0.2086,Aman,Rendah
JJI-02367,Enrolled,0,Animation & Multimedia Design,Fase 1 - kuota umum,Lajang,Laki-laki,Siang,23,21-23 th,Lunas,Ya,Tidak,Ya,127.2,131.0,17,13,12.15,17,11,11.91,0.765,0.647,0.7972,Berisiko,Sangat Tinggi
JJI-02368,Graduate,0,Equinculture,Fase 2 - kuota umum,Lajang,Laki-laki,Siang,18,≤20 th,Lunas,Tidak,Tidak,Ya,128.2,131.0,6,6,14.0,6,6,13.67,1.0,1.0,0.2233,Aman,Rendah
JJI-02369,Enrolled,0,Journalism & Communication,Fase 1 - kuota umum,Lajang,Laki-laki,Siang,29,28-35 th,Menunggak,Tidak,Tidak,Ya,133.4,140.0,6,6,16.5,6,5,13.8,1.0,0.833,0.6592,Berisiko,Tinggi
JJI-02370,Dropout,1,Equinculture,Usia di atas 23 tahun,Lajang,Laki-laki,Siang,29,28-35 th,Lunas,Tidak,Tidak,Ya,120.0,133.1,5,1,18.0,5,3,13.33,0.2,0.6,0.7328,Berisiko,Tinggi
JJI-02371,Enrolled,0,Agronomy,Pemegang diploma spesialisasi teknologi,Lajang,Laki-laki,Siang,20,≤20 th,Lunas,Tidak,Tidak,Tidak,140.0,140.0,6,6,11.29,6,5,11.78,1.0,0.833,0.1629,Aman,Rendah
JJI-02372,Graduate,0,Animation & Multimedia Design,Fase 1 - kuota umum,Lajang,Laki-laki,Siang,19,≤20 th,Lunas,Tidak,Ya,Ya,136.9,139.0,0,0,0.0,0,0,0.0,,,0.5112,Berisiko,Tinggi
JJI-02373,Enrolled,0,Animation & Multimedia Design,Fase 2 - kuota umum,Lajang,Laki-laki,Siang,22,21-23 th,Lunas,Tidak,Tidak,Ya,117.0,125.0,0,0,0.0,0,0,0.0,,,0.7031,Berisiko,Tinggi
JJI-02374,Enrolled,0,Advertising & Marketing Management,Fase 1 - kuota umum,Lajang,Laki-laki,Siang,20,≤20 th,Lunas,Tidak,Tidak,Ya,110.7,117.0,6,5,14.0,6,6,12.0,0.833,1.0,0.2271,Aman,Rendah
JJI-02375,Enrolled,0,Equinculture,Usia di atas 23 tahun,Lajang,Laki-laki,Siang,24,24-27 th,Lunas,Tidak,Tidak,Ya,160.0,150.0,5,4,13.75,5,3,12.0,0.8,0.6,0.6044,Berisiko,Tinggi
JJI-02376,Dropout,1,Advertising & Marketing Management,Fase 1 - kuota umum,Lajang,Laki-laki,Siang,21,21-23 th,Menunggak,Tidak,Tidak,Tidak,95.0,95.0,6,4,13.25,6,5,11.0,0.667,0.833,0.6572,Berisiko,Tinggi
JJI-02377,Graduate,0,Management,Usia di atas 23 tahun,Lajang,Laki-laki,Siang,25,24-27 th,Lunas,Tidak,Ya,Tidak,148.8,150.0,5,4,14.25,5,4,14.75,0.8,0.8,0.1785,Aman,Rendah
JJI-02378,Dropout,1,Management,Usia di atas 23 tahun,Lajang,Laki-laki,Siang,32,28-35 th,Menunggak,Tidak,Tidak,Tidak,110.0,120.0,5,0,0.0,5,0,0.0,0.0,0.0,0.9903,Berisiko,Sangat Tinggi
JJI-02379,Dropout,1,Management (kelas malam),Pindah program studi,Lajang,Laki-laki,Malam,26,24-27 th,Menunggak,Tidak,Tidak,Tidak,133.9,136.0,12,8,11.25,8,3,11.33,0.667,0.375,0.9498,Berisiko,Sangat Tinggi
JJI-02380,Graduate,0,Equinculture,Fase 1 - kuota umum,Lajang,Laki-laki,Siang,18,≤20 th,Lunas,Tidak,Ya,Ya,125.7,133.0,6,6,13.5,6,6,12.5,1.0,1.0,0.1282,Aman,Rendah
JJI-02381,Graduate,0,Tourism,Fase 2 - kuota umum,Lajang,Laki-laki,Siang,19,≤20 th,Lunas,Tidak,Ya,Tidak,116.6,125.0,6,5,12.67,6,6,12.86,0.833,1.0,0.1366,Aman,Rendah
JJI-02382,Graduate,0,Communication Design,Fase 1 - kuota umum,Lajang,Laki-laki,Siang,19,≤20 th,Lunas,Tidak,Ya,Ya,141.0,127.0,6,6,15.17,6,6,12.33,1.0,1.0,0.1097,Aman,Rendah
JJI-02383,Dropout,1,Informatics Engineering,Pemegang gelar pendidikan tinggi lain,Lajang,Laki-laki,Siang,27,24-27 th,Lunas,Tidak,Tidak,Tidak,130.0,130.0,6,6,13.17,5,5,15.14,1.0,1.0,0.2097,Aman,Rendah
JJI-02384,Enrolled,0,Agronomy,Pemegang diploma short cycle,Lajang,Laki-laki,Siang,21,21-23 th,Lunas,Ya,Tidak,Tidak,130.0,130.0,12,10,11.8,12,9,11.44,0.833,0.75,0.4314,Berisiko,Tinggi
JJI-02385,Enrolled,0,Informatics Engineering,Fase 2 - kuota umum,Lajang,Laki-laki,Siang,20,≤20 th,Lunas,Tidak,Tidak,Tidak,115.8,127.0,5,4,11.5,5,0,0.0,0.8,0.0,0.9092,Berisiko,Sangat Tinggi
JJI-02386,Graduate,0,Communication Design,Pemegang diploma spesialisasi teknologi,Lajang,Laki-laki,Siang,21,21-23 th,Lunas,Tidak,Tidak,Ya,140.0,140.0,6,6,14.5,6,6,11.33,1.0,1.0,0.164,Aman,Rendah
JJI-02387,Enrolled,0,Journalism & Communication,Fase 1 - kuota umum,Lajang,Laki-laki,Siang,22,21-23 th,Lunas,Tidak,Tidak,Ya,126.1,125.0,6,5,13.4,6,3,10.67,0.833,0.5,0.6258,Berisiko,Tinggi
JJI-02388,Graduate,0,Animation & Multimedia Design,Fase 1 - kuota umum,Lajang,Laki-laki,Siang,19,≤20 th,Menunggak,Ya,Tidak,Ya,137.5,135.0,0,0,0.0,0,0,0.0,,,0.8825,Berisiko,Sangat Tinggi
JJI-02389,Dropout,1,Management,Fase 2 - kuota umum,Lajang,Laki-laki,Siang,18,≤20 th,Lunas,Tidak,Ya,Ya,120.8,132.0,5,4,10.8,5,2,12.5,0.8,0.4,0.4503,Berisiko,Tinggi
JJI-02390,Dropout,1,Social Service,Usia di atas 23 tahun,Lajang,Laki-laki,Siang,28,28-35 th,Lunas,Tidak,Tidak,Tidak,136.5,110.0,5,0,0.0,5,0,0.0,0.0,0.0,0.9512,Berisiko,Sangat Tinggi
JJI-02391,Dropout,1,Agronomy,Usia di atas 23 tahun,Menikah,Laki-laki,Siang,25,24-27 th,Menunggak,Ya,Tidak,Tidak,122.0,130.0,10,6,11.43,7,4,12.0,0.6,0.571,0.9198,Berisiko,Sangat Tinggi
JJI-02392,Dropout,1,Agronomy,Pindah program studi,Lajang,Laki-laki,Siang,25,24-27 th,Lunas,Tidak,Tidak,Tidak,130.0,130.0,14,8,12.5,13,10,11.6,0.571,0.769,0.5323,Berisiko,Tinggi
JJI-02393,Enrolled,0,Management,Fase 1 - kuota umum,Lajang,Laki-laki,Siang,18,≤20 th,Lunas,Tidak,Tidak,Tidak,126.3,135.0,5,2,13.5,5,3,12.33,0.4,0.6,0.3954,Aman,Sedang
JJI-02394,Dropout,1,Tourism,Fase 1 - kuota umum,Lajang,Laki-laki,Siang,26,24-27 th,Lunas,Tidak,Tidak,Tidak,98.0,133.1,6,0,0.0,6,0,0.0,0.0,0.0,0.9749,Berisiko,Sangat Tinggi
JJI-02395,Graduate,0,Management,Fase 2 - kuota umum,Lajang,Laki-laki,Siang,18,≤20 th,Lunas,Tidak,Ya,Ya,121.0,135.0,5,5,12.75,5,5,11.5,1.0,1.0,0.1616,Aman,Rendah
JJI-02396,Enrolled,0,Journalism & Communication,Pindah program studi,Lajang,Laki-laki,Siang,22,21-23 th,Lunas,Tidak,Tidak,Ya,124.2,128.0,6,3,11.33,6,3,12.33,0.5,0.5,0.6984,Berisiko,Tinggi
JJI-02397,Dropout,1,Agronomy,Usia di atas 23 tahun,Lajang,Laki-laki,Siang,25,24-27 th,Lunas,Tidak,Tidak,Tidak,130.0,140.0,6,0,0.0,6,0,0.0,0.0,0.0,0.9762,Berisiko,Sangat Tinggi
JJI-02398,Enrolled,0,Journalism & Communication,Fase 1 - kuota umum,Lajang,Laki-laki,Siang,19,≤20 th,Lunas,Tidak,Tidak,Ya,136.1,135.0,6,5,11.4,6,5,12.4,0.833,0.833,0.3227,Aman,Sedang
JJI-02399,Graduate,0,Journalism & Communication,Fase 2 - kuota umum,Lajang,Laki-laki,Siang,19,≤20 th,Lunas,Tidak,Tidak,Ya,132.8,131.0,6,6,14.43,6,6,14.57,1.0,1.0,0.2023,Aman,Rendah
JJI-02400,Graduate,0,Nursing,Fase 2 - kuota umum,Lajang,Laki-laki,Siang,19,≤20 th,Lunas,Tidak,Tidak,Tidak,126.3,131.0,7,7,12.49,8,8,11.71,1.0,1.0,0.1073,Aman,Rendah
JJI-02401,Dropout,1,Social Service (kelas malam),Usia di atas 23 tahun,Bercerai,Laki-laki,Malam,45,>35 th,Lunas,Tidak,Tidak,Tidak,111.5,100.0,8,4,11.5,8,4,11.0,0.5,0.5,0.8181,Berisiko,Sangat Tinggi
JJI-02402,Graduate,0,Management (kelas malam),Usia di atas 23 tahun,Menikah,Laki-laki,Malam,52,>35 th,Lunas,Tidak,Tidak,Tidak,118.2,140.0,5,5,11.2,5,5,12.8,1.0,1.0,0.4717,Berisiko,Tinggi
JJI-02403,Dropout,1,Management,Fase 1 - kuota umum,Lajang,Laki-laki,Siang,20,≤20 th,Menunggak,Tidak,Tidak,Ya,115.6,124.0,5,3,12.0,5,3,11.0,0.6,0.6,0.7308,Berisiko,Tinggi
JJI-02404,Graduate,0,Nursing,Fase 1 - kuota umum,Lajang,Laki-laki,Siang,19,≤20 th,Lunas,Tidak,Tidak,Ya,117.8,130.0,8,7,15.89,8,7,15.89,0.875,0.875,0.1196,Aman,Rendah
JJI-02405,Dropout,1,Nursing,Fase 1 - kuota umum,Lajang,Laki-laki,Siang,21,21-23 th,Menunggak,Ya,Tidak,Tidak,127.0,142.0,7,4,12.94,7,4,11.58,0.571,0.571,0.8455,Berisiko,Sangat Tinggi
JJI-02406,Graduate,0,Social Service (kelas malam),Usia di atas 23 tahun,Menikah,Laki-laki,Malam,35,28-35 th,Menunggak,Tidak,Tidak,Tidak,140.0,150.0,6,6,14.0,6,6,14.17,1.0,1.0,0.4654,Berisiko,Tinggi
JJI-02407,Graduate,0,Animation & Multimedia Design,Usia di atas 23 tahun,Menikah,Laki-laki,Siang,36,>35 th,Lunas,Tidak,Tidak,Ya,106.0,110.0,0,0,0.0,0,0,0.0,,,0.758,Berisiko,Sangat Tinggi
JJI-02408,Dropout,1,Nursing,Usia di atas 23 tahun,Bercerai,Laki-laki,Siang,47,>35 th,Menunggak,Ya,Tidak,Tidak,151.0,110.0,7,0,0.0,8,0,0.0,0.0,0.0,0.9988,Berisiko,Sangat Tinggi
JJI-02409,Dropout,1,Management (kelas malam),Fase 3 - kuota umum,Lajang,Laki-laki,Malam,22,21-23 th,Lunas,Tidak,Tidak,Tidak,106.4,112.0,5,0,0.0,5,0,0.0,0.0,0.0,0.9594,Berisiko,Sangat Tinggi
JJI-02410,Dropout,1,Management (kelas malam),Usia di atas 23 tahun,Menikah,Laki-laki,Malam,41,>35 th,Lunas,Tidak,Tidak,Ya,125.3,100.0,5,4,11.25,5,3,11.0,0.8,0.6,0.6821,Berisiko,Tinggi
JJI-02411,Dropout,1,Informatics Engineering,Pemegang gelar pendidikan tinggi lain,Lajang,Laki-laki,Siang,26,24-27 th,Lunas,Tidak,Tidak,Tidak,130.0,130.0,5,0,0.0,5,0,0.0,0.0,0.0,0.9684,Berisiko,Sangat Tinggi
JJI-02412,Dropout,1,Social Service (kelas malam),Usia di atas 23 tahun,Menikah,Perempuan,Malam,51,>35 th,Menunggak,Tidak,Tidak,Tidak,116.0,133.1,6,4,11.25,6,0,0.0,0.667,0.0,0.9903,Berisiko,Sangat Tinggi
JJI-02413,Enrolled,0,Management (kelas malam),Usia di atas 23 tahun,Menikah,Perempuan,Malam,43,>35 th,Lunas,Tidak,Tidak,Tidak,120.0,150.0,5,3,10.67,5,4,12.5,0.6,0.8,0.5651,Berisiko,Tinggi
JJI-02414,Graduate,0,Social Service (kelas malam),Usia di atas 23 tahun,Menikah,Perempuan,Malam,41,>35 th,Lunas,Tidak,Tidak,Ya,100.0,100.0,6,5,11.8,6,3,10.67,0.833,0.5,0.6429,Berisiko,Tinggi
JJI-02415,Graduate,0,Management,Pindah program studi,Lajang,Laki-laki,Siang,23,21-23 th,Lunas,Tidak,Tidak,Ya,118.5,130.0,10,8,11.62,10,10,11.18,0.8,1.0,0.2257,Aman,Rendah
JJI-02416,Dropout,1,Social Service,Pindah program studi,Lajang,Laki-laki,Siang,22,21-23 th,Lunas,Tidak,Tidak,Ya,118.9,129.0,6,0,0.0,5,0,0.0,0.0,0.0,0.9515,Berisiko,Sangat Tinggi
JJI-02417,Dropout,1,Communication Design,Fase 2 - kuota umum,Lajang,Laki-laki,Siang,25,24-27 th,Lunas,Tidak,Ya,Ya,119.3,127.0,6,4,10.25,6,4,11.25,0.667,0.667,0.4077,Aman,Sedang
JJI-02418,Graduate,0,Management (kelas malam),Pindah program studi,Lajang,Laki-laki,Malam,25,24-27 th,Lunas,Tidak,Tidak,Ya,135.8,140.0,15,15,10.8,14,14,11.36,1.0,1.0,0.1318,Aman,Rendah
JJI-02419,Graduate,0,Animation & Multimedia Design,Pemegang diploma short cycle,Lajang,Laki-laki,Siang,22,21-23 th,Menunggak,Tidak,Ya,Ya,130.0,130.0,12,11,12.55,11,11,12.67,0.917,1.0,0.2435,Aman,Rendah
JJI-02420,Enrolled,0,Agronomy,Usia di atas 23 tahun,Lajang,Laki-laki,Siang,24,24-27 th,Lunas,Tidak,Tidak,Tidak,129.8,133.1,7,7,13.57,6,5,13.4,1.0,0.833,0.2197,Aman,Rendah
JJI-02421,Dropout,1,Veterinary Nursing,Usia di atas 23 tahun,Lajang,Laki-laki,Siang,47,>35 th,Lunas,Tidak,Tidak,Tidak,150.0,140.0,6,0,0.0,6,0,0.0,0.0,0.0,0.9844,Berisiko,Sangat Tinggi
JJI-02422,Dropout,1,Management (kelas malam),Usia di atas 23 tahun,Menikah,Laki-laki,Malam,41,>35 th,Lunas,Tidak,Tidak,Ya,111.9,133.1,5,0,0.0,5,0,0.0,0.0,0.0,0.981,Berisiko,Sangat Tinggi
JJI-02423,Graduate,0,Agronomy,Usia di atas 23 tahun,Lajang,Laki-laki,Siang,43,>35 th,Lunas,Tidak,Tidak,Ya,150.1,120.0,6,6,14.78,6,5,12.2,1.0,0.833,0.428,Berisiko,Tinggi
JJI-02424,Dropout,1,Agronomy,Usia di atas 23 tahun,Lajang,Laki-laki,Siang,29,28-35 th,Lunas,Tidak,Tidak,Tidak,130.0,133.1,3,0,0.0,4,0,0.0,0.0,0.0,0.9179,Berisiko,Sangat Tinggi
JJI-02425,Dropout,1,Informatics Engineering,Usia di atas 23 tahun,Lajang,Laki-laki,Siang,30,28-35 th,Lunas,Tidak,Tidak,Tidak,128.0,120.0,2,0,0.0,2,0,0.0,0.0,0.0,0.8628,Berisiko,Sangat Tinggi
JJI-02426,Dropout,1,Management,Usia di atas 23 tahun,Lajang,Laki-laki,Siang,26,24-27 th,Menunggak,Tidak,Tidak,Tidak,102.5,133.1,4,0,0.0,5,0,0.0,0.0,0.0,0.9854,Berisiko,Sangat Tinggi
JJI-02427,Dropout,1,Management (kelas malam),Usia di atas 23 tahun,Lajang,Laki-laki,Malam,27,24-27 th,Menunggak,Tidak,Tidak,Tidak,102.5,133.1,5,0,0.0,5,0,0.0,0.0,0.0,0.9933,Berisiko,Sangat Tinggi
JJI-02428,Graduate,0,Advertising & Marketing Management,Usia di atas 23 tahun,Menikah,Laki-laki,Siang,36,>35 th,Lunas,Tidak,Ya,Tidak,110.0,100.0,5,5,11.4,5,5,11.6,1.0,1.0,0.2347,Aman,Rendah
JJI-02429,Dropout,1,Agronomy,Usia di atas 23 tahun,Lajang,Laki-laki,Siang,29,28-35 th,Lunas,Tidak,Tidak,Tidak,114.0,133.1,9,6,11.67,7,6,10.86,0.667,0.857,0.4189,Berisiko,Tinggi
JJI-02430,Dropout,1,Informatics Engineering,Transfer,Lajang,Laki-laki,Siang,35,28-35 th,Lunas,Tidak,Tidak,Ya,128.2,120.0,10,7,11.29,8,5,13.0,0.7,0.625,0.7567,Berisiko,Sangat Tinggi
JJI-02431,Graduate,0,Journalism & Communication,Fase 1 - kuota umum,Lajang,Laki-laki,Siang,18,≤20 th,Lunas,Tidak,Ya,Tidak,116.5,128.0,6,4,11.5,6,5,12.6,0.667,0.833,0.2166,Aman,Rendah
JJI-02432,Graduate,0,Management (kelas malam),Fase 1 - kuota umum,Lajang,Laki-laki,Malam,24,24-27 th,Lunas,Tidak,Ya,Tidak,149.3,172.0,5,5,16.0,5,5,16.0,1.0,1.0,0.1027,Aman,Rendah
JJI-02433,Dropout,1,Journalism & Communication,Fase 1 - kuota umum,Lajang,Laki-laki,Siang,18,≤20 th,Lunas,Tidak,Ya,Ya,134.1,146.0,6,6,12.5,6,6,12.67,1.0,1.0,0.1351,Aman,Rendah
JJI-02434,Enrolled,0,Informatics Engineering,Fase 2 - kuota umum,Lajang,Laki-laki,Siang,18,≤20 th,Lunas,Tidak,Tidak,Ya,126.6,135.0,5,4,12.0,5,3,13.0,0.8,0.6,0.4769,Berisiko,Tinggi
JJI-02435,Enrolled,0,Veterinary Nursing,Pindah program studi,Menikah,Laki-laki,Siang,21,21-23 th,Lunas,Tidak,Tidak,Tidak,120.0,160.0,5,0,0.0,5,3,11.67,0.0,0.6,0.5674,Berisiko,Tinggi
JJI-02436,Graduate,0,Informatics Engineering,Transfer,Lajang,Laki-laki,Siang,21,21-23 th,Lunas,Tidak,Tidak,Ya,133.5,150.0,5,5,13.0,5,5,12.6,1.0,1.0,0.2495,Aman,Rendah
JJI-02437,Graduate,0,Agronomy,Usia di atas 23 tahun,Lajang,Laki-laki,Siang,32,28-35 th,Lunas,Tidak,Tidak,Tidak,110.0,130.0,18,13,13.71,12,12,12.08,0.722,1.0,0.2943,Aman,Sedang
JJI-02438,Dropout,1,Informatics Engineering,Fase 1 - kuota umum,Lajang,Laki-laki,Siang,22,21-23 th,Lunas,Tidak,Ya,Ya,107.5,111.0,5,3,12.33,6,3,12.5,0.6,0.5,0.4591,Berisiko,Tinggi
JJI-02439,Dropout,1,Agronomy,Pemegang gelar pendidikan tinggi lain,Lajang,Laki-laki,Siang,32,28-35 th,Menunggak,Tidak,Tidak,Ya,130.0,130.0,17,11,12.73,12,10,12.7,0.647,0.833,0.8626,Berisiko,Sangat Tinggi
JJI-02440,Dropout,1,Advertising & Marketing Management,Pindah program studi,Lajang,Laki-laki,Siang,35,28-35 th,Lunas,Tidak,Tidak,Tidak,111.6,170.0,5,1,14.0,5,0,0.0,0.2,0.0,0.9733,Berisiko,Sangat Tinggi
JJI-02441,Dropout,1,Management,Fase 3 - kuota umum,Lajang,Laki-laki,Siang,23,21-23 th,Menunggak,Tidak,Tidak,Ya,101.0,133.1,5,0,0.0,5,0,0.0,0.0,0.0,0.989,Berisiko,Sangat Tinggi
JJI-02442,Enrolled,0,Social Service (kelas malam),Usia di atas 23 tahun,Lajang,Laki-laki,Malam,39,>35 th,Lunas,Tidak,Tidak,Tidak,108.3,100.0,6,5,11.4,6,3,11.0,0.833,0.5,0.6454,Berisiko,Tinggi
JJI-02443,Dropout,1,Advertising & Marketing Management,Pindah program studi,Menikah,Laki-laki,Siang,35,28-35 th,Lunas,Tidak,Tidak,Tidak,128.2,120.0,5,0,0.0,5,1,10.0,0.0,0.2,0.881,Berisiko,Sangat Tinggi
JJI-02444,Graduate,0,Agronomy,Usia di atas 23 tahun,Menikah,Laki-laki,Siang,32,28-35 th,Lunas,Tidak,Tidak,Tidak,150.0,110.0,6,6,18.88,12,12,17.69,1.0,1.0,0.0515,Aman,Rendah
JJI-02445,Dropout,1,Basic Education,Fase 1 - kuota umum,Lajang,Laki-laki,Siang,20,≤20 th,Lunas,Tidak,Tidak,Tidak,142.8,133.1,6,0,0.0,6,0,0.0,0.0,0.0,0.9768,Berisiko,Sangat Tinggi
JJI-02446,Enrolled,0,Nursing,Usia di atas 23 tahun,Lajang,Laki-laki,Siang,34,28-35 th,Lunas,Tidak,Tidak,Tidak,100.0,120.0,7,6,11.33,7,4,12.6,0.857,0.571,0.5663,Berisiko,Tinggi
JJI-02447,Dropout,1,Management (kelas malam),Pemegang gelar pendidikan tinggi lain,Lajang,Laki-laki,Malam,44,>35 th,Lunas,Tidak,Tidak,Ya,150.0,150.0,7,7,13.5,5,5,16.2,1.0,1.0,0.4304,Berisiko,Tinggi
JJI-02448,Graduate,0,Tourism,Usia di atas 23 tahun,Menikah,Laki-laki,Siang,53,>35 th,Lunas,Tidak,Tidak,Tidak,156.5,133.1,11,2,15.0,9,3,10.0,0.182,0.333,0.9879,Berisiko,Sangat Tinggi
JJI-02449,Dropout,1,Informatics Engineering,Usia di atas 23 tahun,Lajang,Laki-laki,Siang,28,28-35 th,Menunggak,Ya,Tidak,Tidak,98.6,120.0,5,0,0.0,5,0,0.0,0.0,0.0,0.9959,Berisiko,Sangat Tinggi
JJI-02450,Dropout,1,Management (kelas malam),Pemegang gelar pendidikan tinggi lain,Lajang,Laki-laki,Malam,31,28-35 th,Lunas,Tidak,Tidak,Tidak,130.0,130.0,9,9,14.22,5,5,12.8,1.0,1.0,0.3045,Aman,Sedang
JJI-02451,Enrolled,0,Animation & Multimedia Design,Fase 1 - kuota umum,Lajang,Laki-laki,Siang,18,≤20 th,Menunggak,Ya,Tidak,Tidak,118.1,130.0,0,0,0.0,0,0,0.0,,,0.8785,Berisiko,Sangat Tinggi
JJI-02452,Dropout,1,Agronomy,Usia di atas 23 tahun,Lajang,Laki-laki,Siang,44,>35 th,Menunggak,Ya,Tidak,Tidak,120.0,100.0,7,4,12.0,6,0,0.0,0.571,0.0,0.9964,Berisiko,Sangat Tinggi
JJI-02453,Graduate,0,Veterinary Nursing,Fase 1 - kuota umum,Lajang,Laki-laki,Siang,19,≤20 th,Lunas,Tidak,Tidak,Ya,127.7,142.0,5,5,12.6,5,4,12.0,1.0,0.8,0.2237,Aman,Rendah
JJI-02454,Enrolled,0,Animation & Multimedia Design,Mahasiswa internasional (S1),Lajang,Laki-laki,Siang,21,21-23 th,Lunas,Tidak,Tidak,Tidak,130.0,130.0,12,12,15.08,11,11,13.08,1.0,1.0,0.072,Aman,Rendah
JJI-02455,Dropout,1,Informatics Engineering,Fase 3 - kuota umum,Lajang,Laki-laki,Siang,18,≤20 th,Lunas,Tidak,Ya,Tidak,147.7,148.0,5,0,0.0,5,0,0.0,0.0,0.0,0.8978,Berisiko,Sangat Tinggi
JJI-02456,Graduate,0,Agronomy,Pemegang diploma spesialisasi teknologi,Lajang,Laki-laki,Siang,20,≤20 th,Lunas,Tidak,Tidak,Ya,170.0,170.0,6,6,14.5,6,6,15.3,1.0,1.0,0.1035,Aman,Rendah
JJI-02457,Graduate,0,Communication Design,Usia di atas 23 tahun,Lajang,Laki-laki,Siang,55,>35 th,Lunas,Tidak,Tidak,Tidak,110.2,110.0,6,6,14.5,6,6,13.5,1.0,1.0,0.4378,Berisiko,Tinggi
JJI-02458,Enrolled,0,Management,Fase 1 - kuota umum,Lajang,Laki-laki,Siang,27,24-27 th,Lunas,Tidak,Tidak,Tidak,146.4,166.0,5,3,10.0,5,1,13.0,0.6,0.2,0.6197,Berisiko,Tinggi
JJI-02459,Dropout,1,Informatics Engineering,Fase 2 - kuota umum,Lajang,Laki-laki,Siang,19,≤20 th,Lunas,Tidak,Tidak,Tidak,121.0,135.0,5,0,0.0,5,0,0.0,0.0,0.0,0.9424,Berisiko,Sangat Tinggi
JJI-02460,Graduate,0,Management,Fase 1 - kuota umum,Lajang,Laki-laki,Siang,18,≤20 th,Lunas,Tidak,Tidak,Tidak,129.9,133.0,5,5,11.6,5,5,13.2,1.0,1.0,0.1192,Aman,Rendah
JJI-02461,Dropout,1,Journalism & Communication,Usia di atas 23 tahun,Menikah,Laki-laki,Siang,43,>35 th,Lunas,Tidak,Tidak,Tidak,132.0,133.1,6,4,11.75,6,0,0.0,0.667,0.0,0.9757,Berisiko,Sangat Tinggi
JJI-02462,Dropout,1,Tourism,Fase 3 - kuota umum,Lajang,Laki-laki,Siang,18,≤20 th,Lunas,Tidak,Tidak,Ya,125.9,121.0,6,0,0.0,6,0,0.0,0.0,0.0,0.9646,Berisiko,Sangat Tinggi
JJI-02463,Dropout,1,Animation & Multimedia Design,Fase 1 - kuota umum,Lajang,Laki-laki,Siang,18,≤20 th,Lunas,Tidak,Tidak,Ya,165.7,159.0,0,0,0.0,0,0,0.0,,,0.5621,Berisiko,Tinggi
JJI-02464,Dropout,1,Tourism,Fase 2 - kuota umum,Lajang,Laki-laki,Siang,20,≤20 th,Lunas,Ya,Ya,Ya,122.7,130.0,6,0,0.0,6,0,0.0,0.0,0.0,0.9838,Berisiko,Sangat Tinggi
JJI-02465,Dropout,1,Management (kelas malam),Usia di atas 23 tahun,Menikah,Laki-laki,Malam,29,28-35 th,Menunggak,Ya,Tidak,Tidak,141.4,121.0,5,4,11.25,5,4,11.8,0.8,0.8,0.817,Berisiko,Sangat Tinggi
JJI-02466,Dropout,1,Equinculture,Usia di atas 23 tahun,Lajang,Laki-laki,Siang,44,>35 th,Lunas,Ya,Tidak,Ya,156.4,133.1,6,5,11.57,6,0,0.0,0.833,0.0,0.9889,Berisiko,Sangat Tinggi
JJI-02467,Enrolled,0,Informatics Engineering,Fase 1 - kuota umum,Lajang,Laki-laki,Siang,18,≤20 th,Lunas,Tidak,Tidak,Ya,148.5,146.0,5,4,10.0,5,1,16.0,0.8,0.2,0.4856,Berisiko,Tinggi
JJI-02468,Enrolled,0,Agronomy,Pemegang diploma spesialisasi teknologi,Lajang,Laki-laki,Siang,20,≤20 th,Lunas,Tidak,Ya,Tidak,140.0,140.0,6,5,13.83,6,6,12.3,0.833,1.0,0.1047,Aman,Rendah
JJI-02469,Dropout,1,Communication Design,Pindah program studi,Lajang,Laki-laki,Siang,20,≤20 th,Lunas,Tidak,Tidak,Ya,131.7,125.0,6,4,12.75,9,3,12.67,0.667,0.333,0.707,Berisiko,Tinggi
JJI-02470,Dropout,1,Management,Usia di atas 23 tahun,Menikah,Laki-laki,Siang,36,>35 th,Lunas,Tidak,Tidak,Ya,104.7,120.0,4,0,0.0,5,0,0.0,0.0,0.0,0.9721,Berisiko,Sangat Tinggi
JJI-02471,Enrolled,0,Equinculture,Pemegang diploma spesialisasi teknologi,Lajang,Laki-laki,Siang,19,≤20 th,Lunas,Tidak,Tidak,Ya,150.0,150.0,6,5,11.6,6,2,11.0,0.833,0.333,0.6852,Berisiko,Tinggi
JJI-02472,Dropout,1,Veterinary Nursing,Usia di atas 23 tahun,Menikah,Laki-laki,Siang,29,28-35 th,Menunggak,Tidak,Tidak,Tidak,110.0,110.0,5,0,0.0,5,0,0.0,0.0,0.0,0.9914,Berisiko,Sangat Tinggi
JJI-02473,Dropout,1,Advertising & Marketing Management,Fase 1 - kuota umum,Lajang,Laki-laki,Siang,18,≤20 th,Lunas,Tidak,Tidak,Ya,129.1,120.0,6,4,11.25,6,3,10.33,0.667,0.5,0.5404,Berisiko,Tinggi
JJI-02474,Dropout,1,Agronomy,Usia di atas 23 tahun,Lajang,Laki-laki,Siang,24,24-27 th,Menunggak,Tidak,Tidak,Tidak,120.0,133.1,6,0,0.0,6,0,0.0,0.0,0.0,0.9938,Berisiko,Sangat Tinggi
JJI-02475,Graduate,0,Journalism & Communication,Fase 1 - kuota umum,Lajang,Laki-laki,Siang,20,≤20 th,Lunas,Tidak,Tidak,Tidak,127.0,133.1,6,6,14.33,6,6,15.0,1.0,1.0,0.1399,Aman,Rendah
JJI-02476,Dropout,1,Social Service (kelas malam),Usia di atas 23 tahun,Menikah,Laki-laki,Malam,45,>35 th,Menunggak,Ya,Tidak,Tidak,151.5,133.1,6,0,0.0,5,0,0.0,0.0,0.0,0.9961,Berisiko,Sangat Tinggi
JJI-02477,Graduate,0,Nursing,Pindah program studi,Lajang,Laki-laki,Siang,28,28-35 th,Lunas,Tidak,Ya,Ya,126.8,130.0,23,20,13.5,23,20,13.5,0.87,0.87,0.1355,Aman,Rendah
JJI-02478,Enrolled,0,Tourism,Fase 1 - kuota umum,Lajang,Laki-laki,Siang,23,21-23 th,Lunas,Tidak,Tidak,Ya,140.8,160.0,6,6,12.67,6,5,12.2,1.0,0.833,0.2768,Aman,Sedang
JJI-02479,Graduate,0,Nursing,Fase 1 - kuota umum,Lajang,Laki-laki,Siang,18,≤20 th,Lunas,Tidak,Tidak,Ya,125.6,128.0,7,7,12.44,8,7,11.35,1.0,0.875,0.1491,Aman,Rendah
JJI-02480,Dropout,1,Management,Fase 1 - kuota umum,Lajang,Laki-laki,Siang,23,21-23 th,Lunas,Tidak,Tidak,Ya,127.8,140.0,5,3,10.67,5,3,11.33,0.6,0.6,0.4836,Berisiko,Tinggi
JJI-02481,Enrolled,0,Animation & Multimedia Design,Pindah program studi,Lajang,Laki-laki,Siang,22,21-23 th,Lunas,Tidak,Tidak,Ya,120.0,120.0,0,0,0.0,0,0,0.0,,,0.557,Berisiko,Tinggi
JJI-02482,Graduate,0,Communication Design,Fase 1 - kuota umum,Lajang,Laki-laki,Siang,22,21-23 th,Lunas,Tidak,Ya,Tidak,131.3,140.0,6,6,12.67,6,5,12.4,1.0,0.833,0.1315,Aman,Rendah
JJI-02483,Graduate,0,Management (kelas malam),Usia di atas 23 tahun,Lajang,Laki-laki,Malam,33,28-35 th,Lunas,Tidak,Tidak,Tidak,155.7,120.0,5,5,13.2,5,5,14.83,1.0,1.0,0.2356,Aman,Rendah
JJI-02484,Graduate,0,Agronomy,Pemegang diploma short cycle,Lajang,Laki-laki,Siang,21,21-23 th,Lunas,Tidak,Tidak,Tidak,128.5,130.0,12,10,12.7,12,11,12.18,0.833,0.917,0.1604,Aman,Rendah
JJI-02485,Graduate,0,Management,Usia di atas 23 tahun,Menikah,Laki-laki,Siang,45,>35 th,Lunas,Tidak,Tidak,Tidak,170.0,100.0,5,5,14.83,5,5,14.8,1.0,1.0,0.2522,Aman,Sedang
JJI-02486,Dropout,1,Agronomy,Usia di atas 23 tahun,Menikah,Laki-laki,Siang,44,>35 th,Menunggak,Tidak,Tidak,Tidak,100.0,133.1,10,4,11.5,7,1,12.0,0.4,0.143,0.9827,Berisiko,Sangat Tinggi
JJI-02487,Dropout,1,Advertising & Marketing Management,Usia di atas 23 tahun,Bercerai,Laki-laki,Siang,42,>35 th,Lunas,Tidak,Tidak,Tidak,107.2,110.0,6,0,0.0,6,0,0.0,0.0,0.0,0.9879,Berisiko,Sangat Tinggi
JJI-02488,Dropout,1,Management,Fase 3 - kuota umum,Lajang,Laki-laki,Siang,20,≤20 th,Lunas,Tidak,Tidak,Ya,139.3,147.0,5,0,0.0,5,0,0.0,0.0,0.0,0.9521,Berisiko,Sangat Tinggi
JJI-02489,Enrolled,0,Management,Fase 2 - kuota umum,Lajang,Laki-laki,Siang,20,≤20 th,Lunas,Tidak,Tidak,Ya,123.2,133.0,5,3,12.67,5,2,12.5,0.6,0.4,0.6487,Berisiko,Tinggi
JJI-02490,Graduate,0,Tourism,Fase 1 - kuota umum,Lajang,Laki-laki,Siang,20,≤20 th,Lunas,Tidak,Ya,Ya,122.3,137.0,6,6,14.71,6,6,12.5,1.0,1.0,0.1188,Aman,Rendah
JJI-02491,Enrolled,0,Journalism & Communication,Fase 2 - kuota umum,Lajang,Laki-laki,Siang,20,≤20 th,Lunas,Tidak,Tidak,Ya,127.9,124.0,6,3,13.67,6,4,10.25,0.5,0.667,0.6587,Berisiko,Tinggi
JJI-02492,Enrolled,0,Management,Fase 1 - kuota umum,Lajang,Laki-laki,Siang,19,≤20 th,Lunas,Tidak,Tidak,Tidak,120.3,128.0,5,5,10.8,5,2,13.5,1.0,0.4,0.3208,Aman,Sedang
JJI-02493,Dropout,1,Social Service (kelas malam),Pindah institusi/prodi,Lajang,Laki-laki,Malam,26,24-27 th,Menunggak,Ya,Tidak,Tidak,128.5,120.0,8,4,10.5,10,7,10.43,0.5,0.7,0.8784,Berisiko,Sangat Tinggi
JJI-02494,Graduate,0,Agronomy,Usia di atas 23 tahun,Menikah,Laki-laki,Siang,31,28-35 th,Lunas,Tidak,Tidak,Tidak,150.0,133.1,6,6,15.0,6,5,12.5,1.0,0.833,0.2718,Aman,Sedang
JJI-02495,Graduate,0,Journalism & Communication,Fase 1 - kuota umum,Lajang,Laki-laki,Siang,19,≤20 th,Lunas,Ya,Ya,Tidak,136.1,142.0,6,6,12.67,6,6,14.0,1.0,1.0,0.1443,Aman,Rendah
JJI-02496,Graduate,0,Journalism & Communication,Usia di atas 23 tahun,Lajang,Laki-laki,Siang,28,28-35 th,Lunas,Tidak,Tidak,Ya,128.0,100.0,6,6,13.17,6,6,13.67,1.0,1.0,0.2438,Aman,Rendah
JJI-02497,Graduate,0,Animation & Multimedia Design,Fase 1 - kuota umum,Lajang,Laki-laki,Siang,20,≤20 th,Lunas,Tidak,Ya,Ya,158.1,149.0,0,0,0.0,0,0,0.0,,,0.4791,Berisiko,Tinggi
JJI-02498,Graduate,0,Social Service (kelas malam),Fase 1 - kuota umum,Menikah,Perempuan,Malam,43,>35 th,Lunas,Tidak,Tidak,Ya,108.7,110.0,6,6,13.0,6,6,12.5,1.0,1.0,0.1815,Aman,Rendah
JJI-02499,Dropout,1,Animation & Multimedia Design,Usia di atas 23 tahun,Lajang,Laki-laki,Siang,25,24-27 th,Lunas,Tidak,Ya,Tidak,110.0,133.1,0,0,0.0,0,0,0.0,,,0.5573,Berisiko,Tinggi
JJI-02500,Dropout,1,Social Service,Usia di atas 23 tahun,Lajang,Perempuan,Siang,40,>35 th,Lunas,Ya,Tidak,Tidak,120.0,133.1,6,2,10.0,6,1,15.0,0.333,0.167,0.8593,Berisiko,Sangat Tinggi
JJI-02501,Graduate,0,Veterinary Nursing,Pemegang diploma spesialisasi teknologi,Lajang,Perempuan,Siang,20,≤20 th,Lunas,Tidak,Tidak,Tidak,150.0,150.0,6,6,13.33,6,5,13.38,1.0,0.833,0.1274,Aman,Rendah
JJI-02502,Graduate,0,Social Service (kelas malam),Usia di atas 23 tahun,Menikah,Perempuan,Malam,46,>35 th,Lunas,Tidak,Tidak,Tidak,113.0,133.1,6,3,12.33,6,6,13.33,0.5,1.0,0.3459,Aman,Sedang
JJI-02503,Graduate,0,Biofuel Production Technologies,Pindah institusi/prodi,Lajang,Perempuan,Siang,26,24-27 th,Lunas,Tidak,Tidak,Tidak,118.6,121.0,21,20,13.18,14,14,11.64,0.952,1.0,0.0845,Aman,Rendah
JJI-02504,Graduate,0,Nursing,Usia di atas 23 tahun,Menikah,Perempuan,Siang,34,28-35 th,Lunas,Tidak,Ya,Tidak,148.8,133.1,7,6,12.51,8,7,13.07,0.857,0.875,0.1349,Aman,Rendah
JJI-02505,Dropout,1,Basic Education,Fase 3 - kuota umum,Lajang,Perempuan,Siang,19,≤20 th,Lunas,Tidak,Tidak,Ya,120.3,122.0,6,0,0.0,6,0,0.0,0.0,0.0,0.9809,Berisiko,Sangat Tinggi
JJI-02506,Graduate,0,Nursing,Fase 1 - kuota umum,Lajang,Perempuan,Siang,18,≤20 th,Lunas,Tidak,Ya,Ya,127.0,143.0,8,7,13.59,8,7,13.59,0.875,0.875,0.0851,Aman,Rendah
JJI-02507,Graduate,0,Oral Hygiene,Fase 1 - kuota umum,Lajang,Perempuan,Siang,18,≤20 th,Lunas,Tidak,Tidak,Ya,113.8,123.0,7,7,11.16,8,8,11.42,1.0,1.0,0.1018,Aman,Rendah
JJI-02508,Graduate,0,Social Service (kelas malam),Usia di atas 23 tahun,Lajang,Laki-laki,Malam,37,>35 th,Lunas,Tidak,Ya,Tidak,108.0,120.0,7,6,11.86,6,5,12.0,0.857,0.833,0.2593,Aman,Sedang
JJI-02509,Graduate,0,Animation & Multimedia Design,Fase 2 - kuota umum,Lajang,Laki-laki,Siang,23,21-23 th,Lunas,Tidak,Ya,Tidak,129.1,114.0,0,0,0.0,0,0,0.0,,,0.5386,Berisiko,Tinggi
JJI-02510,Graduate,0,Communication Design,Pindah program studi,Lajang,Laki-laki,Siang,26,24-27 th,Lunas,Tidak,Tidak,Tidak,135.9,114.0,14,14,14.0,13,13,13.62,1.0,1.0,0.0771,Aman,Rendah
JJI-02511,Dropout,1,Journalism & Communication,Ordinance No. 854-B/99,Lajang,Perempuan,Siang,18,≤20 th,Menunggak,Tidak,Tidak,Ya,154.4,154.4,6,5,12.0,6,0,0.0,0.833,0.0,0.9832,Berisiko,Sangat Tinggi
JJI-02512,Enrolled,0,Nursing,Mahasiswa internasional (S1),Lajang,Perempuan,Siang,18,≤20 th,Lunas,Tidak,Tidak,Ya,190.0,190.0,7,4,11.58,7,5,12.42,0.571,0.714,0.2808,Aman,Sedang
JJI-02513,Graduate,0,Nursing,Fase 2 - kuota umum,Lajang,Perempuan,Siang,19,≤20 th,Lunas,Tidak,Tidak,Ya,132.5,136.0,7,7,13.2,8,8,13.06,1.0,1.0,0.1002,Aman,Rendah
JJI-02514,Graduate,0,Veterinary Nursing,Ordinance No. 854-B/99,Lajang,Perempuan,Siang,18,≤20 th,Lunas,Tidak,Tidak,Tidak,163.3,163.3,6,6,13.5,6,6,12.0,1.0,1.0,0.1094,Aman,Rendah
JJI-02515,Dropout,1,Advertising & Marketing Management,Fase 1 - kuota umum,Lajang,Perempuan,Siang,19,≤20 th,Lunas,Tidak,Tidak,Ya,122.5,126.0,6,6,13.33,6,5,12.8,1.0,0.833,0.1829,Aman,Rendah
JJI-02516,Enrolled,0,Informatics Engineering,Fase 2 - kuota umum,Lajang,Laki-laki,Siang,20,≤20 th,Lunas,Tidak,Tidak,Ya,121.0,122.0,5,4,14.25,5,1,10.0,0.8,0.2,0.7648,Berisiko,Sangat Tinggi
JJI-02517,Graduate,0,Communication Design,Fase 2 - kuota umum,Lajang,Perempuan,Siang,22,21-23 th,Lunas,Tidak,Ya,Tidak,131.8,137.0,6,6,12.17,6,4,12.0,1.0,0.667,0.2197,Aman,Rendah
JJI-02518,Graduate,0,Nursing,Fase 1 - kuota umum,Lajang,Perempuan,Siang,18,≤20 th,Lunas,Tidak,Ya,Ya,135.0,139.0,8,7,12.21,8,7,12.21,0.875,0.875,0.0837,Aman,Rendah
JJI-02519,Graduate,0,Tourism,Fase 2 - kuota umum,Lajang,Perempuan,Siang,18,≤20 th,Lunas,Tidak,Ya,Tidak,141.7,142.0,6,6,12.67,6,6,13.0,1.0,1.0,0.0853,Aman,Rendah
JJI-02520,Graduate,0,Journalism & Communication,Fase 1 - kuota umum,Lajang,Perempuan,Siang,18,≤20 th,Lunas,Tidak,Ya,Ya,131.3,133.1,6,6,12.29,6,6,13.5,1.0,1.0,0.0794,Aman,Rendah
JJI-02521,Graduate,0,Tourism,Fase 1 - kuota umum,Lajang,Perempuan,Siang,18,≤20 th,Lunas,Tidak,Ya,Ya,123.9,126.0,6,6,13.0,6,6,13.0,1.0,1.0,0.1102,Aman,Rendah
JJI-02522,Graduate,0,Tourism,Fase 1 - kuota umum,Lajang,Perempuan,Siang,18,≤20 th,Lunas,Tidak,Tidak,Ya,126.1,131.0,6,6,12.14,6,6,11.17,1.0,1.0,0.1394,Aman,Rendah
JJI-02523,Graduate,0,Nursing,Fase 2 - kuota umum,Lajang,Perempuan,Siang,19,≤20 th,Lunas,Tidak,Ya,Ya,126.5,131.0,7,7,13.88,8,7,13.09,1.0,0.875,0.1252,Aman,Rendah
JJI-02524,Dropout,1,Basic Education,Fase 2 - kuota umum,Lajang,Perempuan,Siang,20,≤20 th,Lunas,Tidak,Tidak,Tidak,107.3,108.0,6,0,0.0,6,0,0.0,0.0,0.0,0.9707,Berisiko,Sangat Tinggi
JJI-02525,Dropout,1,Social Service,Fase 2 - kuota umum,Lajang,Perempuan,Siang,19,≤20 th,Lunas,Tidak,Ya,Ya,95.0,133.1,6,6,11.67,6,0,0.0,1.0,0.0,0.8251,Berisiko,Sangat Tinggi
JJI-02526,Graduate,0,Veterinary Nursing,Fase 1 - kuota umum,Lajang,Perempuan,Siang,18,≤20 th,Lunas,Tidak,Tidak,Ya,116.1,122.0,6,6,13.15,6,3,11.0,1.0,0.5,0.3456,Aman,Sedang
JJI-02527,Dropout,1,Communication Design,Fase 1 - kuota umum,Lajang,Perempuan,Siang,18,≤20 th,Lunas,Tidak,Ya,Ya,134.6,143.0,6,6,14.5,6,6,12.83,1.0,1.0,0.0779,Aman,Rendah
JJI-02528,Graduate,0,Nursing,Fase 2 - kuota umum,Lajang,Perempuan,Siang,18,≤20 th,Lunas,Tidak,Ya,Ya,128.0,135.0,7,7,14.44,8,8,13.66,1.0,1.0,0.065,Aman,Rendah
JJI-02529,Graduate,0,Journalism & Communication,Fase 2 - kuota umum,Lajang,Perempuan,Siang,18,≤20 th,Lunas,Tidak,Tidak,Ya,144.2,148.0,6,6,15.17,6,6,14.29,1.0,1.0,0.1504,Aman,Rendah
JJI-02530,Graduate,0,Management,Fase 2 - kuota umum,Lajang,Perempuan,Siang,18,≤20 th,Lunas,Tidak,Ya,Tidak,129.5,134.0,5,5,11.6,5,4,12.62,1.0,0.8,0.1135,Aman,Rendah
JJI-02531,Graduate,0,Journalism & Communication,Fase 2 - kuota umum,Lajang,Perempuan,Siang,18,≤20 th,Lunas,Ya,Tidak,Ya,116.8,122.0,6,6,11.67,6,6,12.33,1.0,1.0,0.2656,Aman,Sedang
JJI-02532,Graduate,0,Agronomy,Pemegang diploma spesialisasi teknologi,Lajang,Perempuan,Siang,20,≤20 th,Lunas,Tidak,Ya,Tidak,160.0,160.0,6,6,12.62,6,6,13.2,1.0,1.0,0.0553,Aman,Rendah
JJI-02533,Graduate,0,Social Service,Fase 1 - kuota khusus (Madeira),Lajang,Perempuan,Siang,19,≤20 th,Lunas,Tidak,Ya,Ya,127.1,126.0,6,3,12.67,6,6,11.0,0.5,1.0,0.1232,Aman,Rendah
JJI-02534,Enrolled,0,Equinculture,Fase 2 - kuota umum,Lajang,Perempuan,Siang,18,≤20 th,Lunas,Tidak,Ya,Ya,126.3,138.0,6,6,12.83,6,6,13.0,1.0,1.0,0.1357,Aman,Rendah
JJI-02535,Graduate,0,Social Service,Fase 1 - kuota umum,Lajang,Perempuan,Siang,19,≤20 th,Lunas,Tidak,Ya,Ya,112.9,115.0,6,6,11.86,6,6,13.14,1.0,1.0,0.0513,Aman,Rendah
JJI-02536,Enrolled,0,Basic Education,Fase 2 - kuota umum,Lajang,Perempuan,Siang,19,≤20 th,Lunas,Tidak,Tidak,Ya,130.2,141.0,6,5,11.4,6,4,10.75,0.833,0.667,0.5402,Berisiko,Tinggi
JJI-02537,Enrolled,0,Equinculture,Pindah program studi,Lajang,Perempuan,Siang,19,≤20 th,Lunas,Tidak,Tidak,Tidak,100.0,100.0,5,5,14.86,5,5,15.14,1.0,1.0,0.139,Aman,Rendah
JJI-02538,Graduate,0,Advertising & Marketing Management,Fase 1 - kuota umum,Lajang,Perempuan,Siang,19,≤20 th,Lunas,Tidak,Tidak,Tidak,121.6,130.0,6,6,14.71,6,6,15.83,1.0,1.0,0.0792,Aman,Rendah
JJI-02539,Graduate,0,Advertising & Marketing Management,Mahasiswa internasional (S1),Lajang,Perempuan,Siang,20,≤20 th,Lunas,Ya,Tidak,Tidak,130.0,130.0,6,6,13.5,6,5,13.0,1.0,0.833,0.2357,Aman,Rendah
JJI-02540,Graduate,0,Equinculture,Fase 3 - kuota umum,Lajang,Perempuan,Siang,18,≤20 th,Lunas,Tidak,Ya,Ya,121.7,135.0,5,4,11.5,5,5,12.4,0.8,1.0,0.1704,Aman,Rendah
JJI-02541,Dropout,1,Management,Pemegang gelar pendidikan tinggi lain,Lajang,Perempuan,Siang,33,28-35 th,Lunas,Tidak,Tidak,Tidak,120.0,120.0,5,2,14.0,5,0,0.0,0.4,0.0,0.9573,Berisiko,Sangat Tinggi
JJI-02542,Dropout,1,Basic Education,Fase 1 - kuota umum,Lajang,Perempuan,Siang,19,≤20 th,Lunas,Tidak,Ya,Tidak,143.5,148.0,7,6,12.83,6,0,0.0,0.857,0.0,0.8943,Berisiko,Sangat Tinggi
JJI-02543,Graduate,0,Oral Hygiene,Fase 2 - kuota umum,Lajang,Perempuan,Siang,18,≤20 th,Lunas,Tidak,Ya,Tidak,128.3,136.0,7,7,13.43,8,8,14.75,1.0,1.0,0.0452,Aman,Rendah
JJI-02544,Dropout,1,Communication Design,Fase 2 - kuota umum,Lajang,Perempuan,Siang,19,≤20 th,Lunas,Tidak,Tidak,Tidak,111.9,108.0,6,0,0.0,6,0,0.0,0.0,0.0,0.9523,Berisiko,Sangat Tinggi
JJI-02545,Enrolled,0,Agronomy,Pemegang diploma spesialisasi teknologi,Lajang,Perempuan,Siang,19,≤20 th,Lunas,Tidak,Tidak,Tidak,140.0,140.0,6,3,11.67,6,4,11.5,0.5,0.667,0.3679,Aman,Sedang
JJI-02546,Graduate,0,Journalism & Communication,Fase 1 - kuota umum,Lajang,Perempuan,Siang,18,≤20 th,Lunas,Tidak,Tidak,Ya,137.6,153.0,6,6,16.0,6,6,14.33,1.0,1.0,0.1212,Aman,Rendah
JJI-02547,Graduate,0,Social Service,Fase 1 - kuota umum,Lajang,Perempuan,Siang,20,≤20 th,Lunas,Tidak,Tidak,Ya,135.0,135.0,6,6,13.83,6,6,11.83,1.0,1.0,0.0931,Aman,Rendah
JJI-02548,Graduate,0,Nursing,Fase 1 - kuota umum,Lajang,Perempuan,Siang,19,≤20 th,Lunas,Tidak,Tidak,Ya,133.8,146.0,8,8,13.23,8,8,13.23,1.0,1.0,0.0792,Aman,Rendah
JJI-02549,Graduate,0,Journalism & Communication,Fase 1 - kuota umum,Lajang,Laki-laki,Siang,18,≤20 th,Lunas,Tidak,Ya,Ya,126.9,130.0,6,6,14.0,6,6,14.17,1.0,1.0,0.1126,Aman,Rendah
JJI-02550,Dropout,1,Tourism,Fase 2 - kuota umum,Lajang,Laki-laki,Siang,19,≤20 th,Lunas,Ya,Ya,Ya,106.7,113.0,6,2,10.0,6,0,0.0,0.333,0.0,0.9689,Berisiko,Sangat Tinggi
JJI-02551,Graduate,0,Social Service (kelas malam),Pindah program studi,Lajang,Perempuan,Malam,25,24-27 th,Lunas,Tidak,Tidak,Ya,145.7,145.7,16,15,13.33,13,11,12.27,0.938,0.846,0.1562,Aman,Rendah
JJI-02552,Enrolled,0,Communication Design,Fase 2 - kuota umum,Lajang,Perempuan,Siang,20,≤20 th,Lunas,Tidak,Ya,Ya,153.1,145.0,6,6,12.5,6,6,14.33,1.0,1.0,0.0953,Aman,Rendah
JJI-02553,Graduate,0,Social Service (kelas malam),Fase 1 - kuota umum,Lajang,Perempuan,Malam,19,≤20 th,Lunas,Tidak,Tidak,Tidak,118.7,126.0,6,6,12.5,6,6,11.5,1.0,1.0,0.0858,Aman,Rendah
JJI-02554,Dropout,1,Management (kelas malam),Fase 2 - kuota umum,Lajang,Laki-laki,Malam,33,28-35 th,Lunas,Ya,Tidak,Ya,161.8,160.0,5,2,10.5,5,0,0.0,0.4,0.0,0.9825,Berisiko,Sangat Tinggi
JJI-02555,Enrolled,0,Informatics Engineering,Fase 3 - kuota umum,Lajang,Laki-laki,Siang,18,≤20 th,Lunas,Ya,Tidak,Ya,124.9,134.0,5,3,10.67,5,3,11.33,0.6,0.6,0.6702,Berisiko,Tinggi
JJI-02556,Enrolled,0,Informatics Engineering,Fase 1 - kuota umum,Lajang,Laki-laki,Siang,18,≤20 th,Lunas,Tidak,Tidak,Ya,150.8,163.0,5,4,10.5,5,2,10.5,0.8,0.4,0.5164,Berisiko,Tinggi
JJI-02557,Graduate,0,Management,Mahasiswa internasional (S1),Lajang,Perempuan,Siang,19,≤20 th,Lunas,Tidak,Tidak,Tidak,130.0,130.0,5,4,12.0,5,5,11.4,0.8,1.0,0.1355,Aman,Rendah
JJI-02558,Enrolled,0,Animation & Multimedia Design,Fase 1 - kuota umum,Lajang,Perempuan,Siang,18,≤20 th,Lunas,Tidak,Tidak,Ya,163.6,165.0,0,0,0.0,0,0,0.0,,,0.513,Berisiko,Tinggi
JJI-02559,Enrolled,0,Management,Pindah program studi,Lajang,Perempuan,Siang,19,≤20 th,Lunas,Tidak,Tidak,Tidak,115.0,142.0,5,5,11.5,5,2,10.67,1.0,0.4,0.3369,Aman,Sedang
JJI-02560,Dropout,1,Journalism & Communication,Fase 1 - kuota umum,Lajang,Perempuan,Siang,18,≤20 th,Lunas,Tidak,Tidak,Ya,136.8,156.0,6,6,14.0,6,6,13.5,1.0,1.0,0.1125,Aman,Rendah
JJI-02561,Graduate,0,Basic Education,Fase 2 - kuota umum,Lajang,Perempuan,Siang,18,≤20 th,Lunas,Tidak,Tidak,Ya,130.9,141.0,6,6,13.5,6,5,12.6,1.0,0.833,0.355,Aman,Sedang
JJI-02562,Graduate,0,Nursing,Fase 1 - kuota umum,Lajang,Perempuan,Siang,18,≤20 th,Lunas,Tidak,Tidak,Ya,127.0,143.0,8,8,13.07,8,8,13.07,1.0,1.0,0.0705,Aman,Rendah
JJI-02563,Dropout,1,Nursing,Usia di atas 23 tahun,Menikah,Perempuan,Siang,37,>35 th,Lunas,Tidak,Tidak,Tidak,120.0,133.1,7,2,10.75,7,0,0.0,0.286,0.0,0.9715,Berisiko,Sangat Tinggi
JJI-02564,Enrolled,0,Social Service,Fase 1 - kuota umum,Lajang,Perempuan,Siang,20,≤20 th,Lunas,Tidak,Tidak,Tidak,126.0,133.0,6,1,12.0,5,0,0.0,0.167,0.0,0.8794,Berisiko,Sangat Tinggi
JJI-02565,Graduate,0,Tourism,Fase 1 - kuota umum,Lajang,Perempuan,Siang,20,≤20 th,Lunas,Tidak,Ya,Ya,153.8,172.0,6,6,14.0,6,6,13.33,1.0,1.0,0.0757,Aman,Rendah
JJI-02566,Graduate,0,Social Service,Mahasiswa internasional (S1),Lajang,Laki-laki,Siang,21,21-23 th,Lunas,Tidak,Tidak,Tidak,140.0,140.0,6,6,12.33,6,6,13.43,1.0,1.0,0.086,Aman,Rendah
JJI-02567,Graduate,0,Nursing,Fase 2 - kuota umum,Lajang,Perempuan,Siang,18,≤20 th,Lunas,Tidak,Ya,Tidak,136.6,142.0,7,7,13.46,8,8,14.79,1.0,1.0,0.0397,Aman,Rendah
JJI-02568,Enrolled,0,Social Service (kelas malam),Usia di atas 23 tahun,Lajang,Perempuan,Malam,26,24-27 th,Lunas,Tidak,Tidak,Tidak,105.0,140.0,6,3,10.67,6,5,11.2,0.5,0.833,0.3164,Aman,Sedang
JJI-02569,Enrolled,0,Management,Usia di atas 23 tahun,Lajang,Perempuan,Siang,41,>35 th,Lunas,Ya,Tidak,Tidak,139.4,133.1,5,5,11.6,5,5,12.2,1.0,1.0,0.3765,Aman,Sedang
JJI-02570,Graduate,0,Journalism & Communication,Fase 1 - kuota umum,Lajang,Perempuan,Siang,18,≤20 th,Lunas,Tidak,Ya,Ya,140.0,148.0,6,6,13.67,6,6,14.67,1.0,1.0,0.066,Aman,Rendah
JJI-02571,Graduate,0,Nursing,Fase 1 - kuota umum,Lajang,Perempuan,Siang,18,≤20 th,Lunas,Ya,Tidak,Tidak,130.8,137.0,8,8,14.4,8,8,14.4,1.0,1.0,0.0963,Aman,Rendah
JJI-02572,Graduate,0,Nursing,Fase 1 - kuota umum,Lajang,Perempuan,Siang,31,28-35 th,Lunas,Tidak,Tidak,Ya,138.8,143.0,7,7,15.47,8,8,16.39,1.0,1.0,0.0871,Aman,Rendah
JJI-02573,Graduate,0,Social Service,Fase 1 - kuota umum,Lajang,Perempuan,Siang,23,21-23 th,Lunas,Ya,Tidak,Tidak,110.0,133.1,6,6,12.62,6,6,14.17,1.0,1.0,0.1073,Aman,Rendah
JJI-02574,Graduate,0,Nursing,Fase 1 - kuota umum,Lajang,Perempuan,Siang,19,≤20 th,Lunas,Tidak,Tidak,Ya,127.8,138.0,7,6,14.98,7,6,14.98,0.857,0.857,0.1214,Aman,Rendah
JJI-02575,Graduate,0,Journalism & Communication,Fase 1 - kuota khusus (Madeira),Lajang,Perempuan,Siang,20,≤20 th,Lunas,Tidak,Ya,Ya,134.2,138.0,6,6,15.0,6,6,13.0,1.0,1.0,0.1175,Aman,Rendah
JJI-02576,Graduate,0,Social Service (kelas malam),Usia di atas 23 tahun,Menikah,Perempuan,Malam,40,>35 th,Lunas,Tidak,Tidak,Tidak,143.0,150.0,9,9,15.89,7,7,14.14,1.0,1.0,0.1573,Aman,Rendah
JJI-02577,Dropout,1,Veterinary Nursing,Pemegang diploma spesialisasi teknologi,Lajang,Perempuan,Siang,32,28-35 th,Lunas,Ya,Tidak,Ya,120.0,120.0,6,4,11.5,6,3,11.0,0.667,0.5,0.6917,Berisiko,Tinggi
JJI-02578,Dropout,1,Tourism,Fase 1 - kuota umum,Lajang,Perempuan,Siang,24,24-27 th,Lunas,Tidak,Tidak,Ya,113.2,110.0,6,2,10.5,6,1,10.0,0.333,0.167,0.8299,Berisiko,Sangat Tinggi
JJI-02579,Graduate,0,Nursing,Fase 2 - kuota umum,Lajang,Perempuan,Siang,18,≤20 th,Lunas,Tidak,Tidak,Ya,135.8,146.0,7,6,13.98,7,6,13.98,0.857,0.857,0.1784,Aman,Rendah
JJI-02580,Graduate,0,Social Service,Fase 1 - kuota umum,Lajang,Perempuan,Siang,18,≤20 th,Lunas,Tidak,Tidak,Tidak,143.5,148.0,6,6,13.0,6,6,12.83,1.0,1.0,0.0593,Aman,Rendah
JJI-02581,Graduate,0,Social Service,Fase 1 - kuota umum,Lajang,Perempuan,Siang,18,≤20 th,Lunas,Tidak,Ya,Ya,148.9,145.0,6,6,13.67,6,6,13.0,1.0,1.0,0.0426,Aman,Rendah
JJI-02582,Dropout,1,Agronomy,Usia di atas 23 tahun,Lajang,Perempuan,Siang,27,24-27 th,Menunggak,Tidak,Tidak,Ya,115.6,133.1,6,0,0.0,6,0,0.0,0.0,0.0,0.9937,Berisiko,Sangat Tinggi
JJI-02583,Graduate,0,Management,Fase 1 - kuota umum,Lajang,Perempuan,Siang,18,≤20 th,Lunas,Tidak,Tidak,Tidak,159.3,160.0,5,5,14.4,5,5,15.4,1.0,1.0,0.0627,Aman,Rendah
JJI-02584,Enrolled,0,Management (kelas malam),Usia di atas 23 tahun,Lajang,Perempuan,Malam,26,24-27 th,Lunas,Tidak,Tidak,Tidak,138.5,150.0,5,4,12.0,5,4,11.25,0.8,0.8,0.3612,Aman,Sedang
JJI-02585,Graduate,0,Basic Education,Fase 1 - kuota umum,Lajang,Perempuan,Siang,19,≤20 th,Lunas,Tidak,Tidak,Ya,133.2,130.0,6,6,14.17,6,6,13.67,1.0,1.0,0.1709,Aman,Rendah
JJI-02586,Graduate,0,Social Service (kelas malam),Fase 2 - kuota umum,Lajang,Perempuan,Malam,19,≤20 th,Lunas,Tidak,Tidak,Ya,117.6,120.0,6,5,12.2,6,6,12.0,0.833,1.0,0.1706,Aman,Rendah
JJI-02587,Enrolled,0,Management,Fase 3 - kuota umum,Lajang,Perempuan,Siang,21,21-23 th,Lunas,Tidak,Tidak,Ya,108.7,115.0,5,3,12.0,5,3,12.67,0.6,0.6,0.3789,Aman,Sedang
JJI-02588,Enrolled,0,Management,Fase 1 - kuota umum,Lajang,Perempuan,Siang,24,24-27 th,Lunas,Tidak,Tidak,Ya,106.0,133.1,5,2,10.5,5,1,11.0,0.4,0.2,0.6912,Berisiko,Tinggi
JJI-02589,Dropout,1,Basic Education,Fase 2 - kuota umum,Lajang,Perempuan,Siang,20,≤20 th,Lunas,Tidak,Tidak,Tidak,122.6,120.0,6,3,12.33,6,2,10.5,0.5,0.333,0.7795,Berisiko,Sangat Tinggi
JJI-02590,Enrolled,0,Basic Education,Fase 1 - kuota umum,Lajang,Perempuan,Siang,18,≤20 th,Lunas,Tidak,Tidak,Ya,127.4,134.0,6,5,12.2,6,5,12.2,0.833,0.833,0.3426,Aman,Sedang
JJI-02591,Dropout,1,Agronomy,Usia di atas 23 tahun,Lajang,Perempuan,Siang,30,28-35 th,Lunas,Tidak,Tidak,Tidak,100.0,133.1,6,0,0.0,6,0,0.0,0.0,0.0,0.9669,Berisiko,Sangat Tinggi
JJI-02592,Enrolled,0,Basic Education,Fase 1 - kuota umum,Lajang,Perempuan,Siang,22,21-23 th,Menunggak,Ya,Tidak,Ya,95.0,133.1,7,6,11.5,7,6,13.17,0.857,0.857,0.7307,Berisiko,Tinggi
JJI-02593,Graduate,0,Management,Pemegang gelar pendidikan tinggi lain,Lajang,Perempuan,Siang,21,21-23 th,Lunas,Tidak,Tidak,Tidak,130.0,130.0,9,9,10.89,10,10,11.62,1.0,1.0,0.097,Aman,Rendah
JJI-02594,Dropout,1,Oral Hygiene,Usia di atas 23 tahun,Lajang,Perempuan,Siang,26,24-27 th,Lunas,Tidak,Tidak,Tidak,122.8,120.0,7,6,12.17,8,8,11.68,0.857,1.0,0.1495,Aman,Rendah
JJI-02595,Enrolled,0,Management,Fase 2 - kuota umum,Lajang,Perempuan,Siang,23,21-23 th,Lunas,Tidak,Tidak,Ya,115.0,115.0,5,2,10.0,5,1,12.0,0.4,0.2,0.7213,Berisiko,Tinggi
JJI-02596,Graduate,0,Communication Design,Fase 2 - kuota umum,Lajang,Perempuan,Siang,18,≤20 th,Lunas,Tidak,Ya,Tidak,145.9,135.0,6,6,12.67,6,6,12.17,1.0,1.0,0.0771,Aman,Rendah
JJI-02597,Dropout,1,Communication Design,Fase 1 - kuota umum,Lajang,Perempuan,Siang,21,21-23 th,Lunas,Ya,Tidak,Ya,143.0,133.1,6,5,11.4,6,5,12.2,0.833,0.833,0.3088,Aman,Sedang
JJI-02598,Dropout,1,Animation & Multimedia Design,Pindah program studi,Lajang,Perempuan,Siang,18,≤20 th,Lunas,Tidak,Ya,Tidak,100.0,145.0,0,0,0.0,0,0,0.0,,,0.4006,Aman,Sedang
JJI-02599,Enrolled,0,Veterinary Nursing,Fase 2 - kuota umum,Lajang,Perempuan,Siang,21,21-23 th,Lunas,Tidak,Tidak,Ya,121.3,130.0,5,2,13.0,5,4,12.0,0.4,0.8,0.3816,Aman,Sedang
JJI-02600,Enrolled,0,Basic Education,Fase 2 - kuota umum,Lajang,Perempuan,Siang,18,≤20 th,Lunas,Tidak,Tidak,Ya,121.2,118.0,6,5,13.4,6,5,12.0,0.833,0.833,0.3786,Aman,Sedang
JJI-02601,Dropout,1,Basic Education,Fase 2 - kuota umum,Lajang,Perempuan,Siang,19,≤20 th,Lunas,Tidak,Ya,Ya,125.1,138.0,6,6,13.5,6,5,12.8,1.0,0.833,0.2303,Aman,Rendah
JJI-02602,Enrolled,0,Tourism,Fase 2 - kuota umum,Lajang,Perempuan,Siang,22,21-23 th,Lunas,Tidak,Tidak,Ya,112.9,122.0,6,4,12.25,6,3,11.33,0.667,0.5,0.5604,Berisiko,Tinggi
JJI-02603,Graduate,0,Social Service,Fase 1 - kuota umum,Lajang,Perempuan,Siang,19,≤20 th,Lunas,Tidak,Tidak,Ya,120.8,126.0,6,6,12.29,6,6,12.83,1.0,1.0,0.0924,Aman,Rendah
JJI-02604,Dropout,1,Veterinary Nursing,Fase 1 - kuota umum,Lajang,Perempuan,Siang,19,≤20 th,Menunggak,Tidak,Tidak,Ya,114.0,121.0,5,0,0.0,5,0,0.0,0.0,0.0,0.9811,Berisiko,Sangat Tinggi
JJI-02605,Dropout,1,Social Service,Fase 2 - kuota umum,Lajang,Perempuan,Siang,19,≤20 th,Lunas,Tidak,Tidak,Ya,132.1,152.0,6,2,10.5,6,1,13.0,0.333,0.167,0.7058,Berisiko,Tinggi
JJI-02606,Graduate,0,Veterinary Nursing,Pemegang diploma spesialisasi teknologi,Menikah,Perempuan,Siang,27,24-27 th,Lunas,Tidak,Tidak,Tidak,160.0,160.0,5,3,14.0,5,5,12.0,0.6,1.0,0.1721,Aman,Rendah
JJI-02607,Graduate,0,Veterinary Nursing,Ordinance No. 854-B/99,Lajang,Perempuan,Siang,22,21-23 th,Lunas,Tidak,Tidak,Ya,134.0,134.0,5,5,14.2,5,5,12.2,1.0,1.0,0.1499,Aman,Rendah
JJI-02608,Dropout,1,Journalism & Communication,Fase 1 - kuota umum,Lajang,Perempuan,Siang,18,≤20 th,Lunas,Tidak,Tidak,Ya,124.2,128.0,6,5,13.0,6,6,13.14,0.833,1.0,0.1447,Aman,Rendah
JJI-02609,Graduate,0,Tourism,Fase 2 - kuota umum,Lajang,Perempuan,Siang,20,≤20 th,Lunas,Tidak,Tidak,Ya,115.6,125.0,6,6,11.0,6,4,12.75,1.0,0.667,0.3624,Aman,Sedang
JJI-02610,Dropout,1,Management (kelas malam),Pindah program studi,Menikah,Perempuan,Malam,34,28-35 th,Lunas,Tidak,Tidak,Tidak,128.2,130.0,8,3,11.0,7,2,10.0,0.375,0.286,0.8709,Berisiko,Sangat Tinggi
JJI-02611,Graduate,0,Nursing,Fase 2 - kuota umum,Lajang,Perempuan,Siang,18,≤20 th,Lunas,Tidak,Tidak,Ya,132.8,138.0,7,6,12.39,8,8,13.76,0.857,1.0,0.0991,Aman,Rendah
JJI-02612,Graduate,0,Journalism & Communication,Fase 2 - kuota umum,Lajang,Laki-laki,Siang,20,≤20 th,Lunas,Tidak,Tidak,Ya,123.1,121.0,6,4,14.75,6,4,12.25,0.667,0.667,0.5728,Berisiko,Tinggi
JJI-02613,Graduate,0,Equinculture,Fase 1 - kuota umum,Lajang,Perempuan,Siang,20,≤20 th,Lunas,Tidak,Tidak,Ya,125.6,134.0,5,5,16.17,5,5,15.83,1.0,1.0,0.1297,Aman,Rendah
JJI-02614,Dropout,1,Management (kelas malam),Usia di atas 23 tahun,Lajang,Laki-laki,Malam,25,24-27 th,Lunas,Tidak,Tidak,Tidak,115.0,130.0,5,0,0.0,5,0,0.0,0.0,0.0,0.9669,Berisiko,Sangat Tinggi
JJI-02615,Dropout,1,Informatics Engineering,Fase 1 - kuota umum,Lajang,Laki-laki,Siang,18,≤20 th,Lunas,Tidak,Tidak,Ya,123.6,126.0,5,5,12.4,5,3,13.0,1.0,0.6,0.3352,Aman,Sedang
JJI-02616,Dropout,1,Equinculture,Fase 1 - kuota umum,Lajang,Laki-laki,Siang,18,≤20 th,Menunggak,Tidak,Tidak,Tidak,141.7,148.0,6,5,11.6,6,4,13.0,0.833,0.667,0.686,Berisiko,Tinggi
JJI-02617,Dropout,1,Basic Education,Fase 2 - kuota umum,Lajang,Perempuan,Siang,18,≤20 th,Lunas,Tidak,Ya,Ya,139.0,160.0,6,5,12.2,6,0,0.0,0.833,0.0,0.9209,Berisiko,Sangat Tinggi
JJI-02618,Graduate,0,Tourism,Fase 2 - kuota umum,Lajang,Perempuan,Siang,19,≤20 th,Lunas,Tidak,Ya,Tidak,118.0,118.0,6,5,11.0,6,5,12.8,0.833,0.833,0.131,Aman,Rendah
JJI-02619,Dropout,1,Basic Education,Fase 2 - kuota umum,Lajang,Perempuan,Siang,19,≤20 th,Lunas,Tidak,Ya,Ya,142.0,150.0,6,6,12.33,6,5,12.4,1.0,0.833,0.2441,Aman,Rendah
JJI-02620,Graduate,0,Social Service,Pemegang diploma spesialisasi teknologi,Lajang,Perempuan,Siang,21,21-23 th,Lunas,Tidak,Ya,Tidak,143.4,140.0,6,6,14.83,6,6,12.57,1.0,1.0,0.0531,Aman,Rendah
JJI-02621,Enrolled,0,Communication Design,Transfer,Lajang,Perempuan,Siang,29,28-35 th,Lunas,Tidak,Tidak,Tidak,115.9,100.0,10,9,11.56,11,10,11.9,0.9,0.909,0.2108,Aman,Rendah
JJI-02622,Graduate,0,Communication Design,Fase 1 - kuota umum,Lajang,Perempuan,Siang,20,≤20 th,Lunas,Tidak,Ya,Ya,105.1,110.0,6,6,12.0,6,6,11.83,1.0,1.0,0.0796,Aman,Rendah
JJI-02623,Graduate,0,Social Service (kelas malam),Pindah institusi/prodi,Lajang,Perempuan,Malam,21,21-23 th,Lunas,Ya,Ya,Ya,138.0,140.0,13,11,12.73,11,10,12.6,0.846,0.909,0.1555,Aman,Rendah
JJI-02624,Dropout,1,Management (kelas malam),Pindah program studi,Lajang,Perempuan,Malam,34,28-35 th,Lunas,Tidak,Tidak,Tidak,114.7,133.1,2,2,10.5,1,1,11.0,1.0,1.0,0.2809,Aman,Sedang
JJI-02625,Graduate,0,Journalism & Communication,Fase 1 - kuota umum,Lajang,Perempuan,Siang,20,≤20 th,Lunas,Tidak,Tidak,Ya,130.5,140.0,6,6,12.33,6,6,12.0,1.0,1.0,0.1908,Aman,Rendah
JJI-02626,Dropout,1,Management (kelas malam),Usia di atas 23 tahun,Lajang,Laki-laki,Malam,24,24-27 th,Lunas,Tidak,Tidak,Tidak,134.3,110.0,5,0,0.0,5,1,12.0,0.0,0.2,0.863,Berisiko,Sangat Tinggi
JJI-02627,Graduate,0,Nursing,Fase 1 - kuota umum,Lajang,Laki-laki,Siang,18,≤20 th,Lunas,Tidak,Tidak,Tidak,137.5,148.0,7,7,14.84,8,8,14.39,1.0,1.0,0.0607,Aman,Rendah
JJI-02628,Enrolled,0,Nursing,Fase 1 - kuota umum,Lajang,Laki-laki,Siang,19,≤20 th,Lunas,Tidak,Tidak,Tidak,125.3,137.0,7,7,12.2,7,7,12.2,1.0,1.0,0.0867,Aman,Rendah
JJI-02629,Enrolled,0,Management,Fase 1 - kuota umum,Lajang,Laki-laki,Siang,18,≤20 th,Lunas,Tidak,Ya,Tidak,111.3,120.0,5,4,10.8,5,4,11.75,0.8,0.8,0.1778,Aman,Rendah
JJI-02630,Enrolled,0,Management (kelas malam),Usia di atas 23 tahun,Lajang,Laki-laki,Malam,28,28-35 th,Lunas,Tidak,Tidak,Tidak,144.8,120.0,5,4,12.75,5,5,14.33,0.8,1.0,0.4334,Berisiko,Tinggi
JJI-02631,Dropout,1,Management (kelas malam),Usia di atas 23 tahun,Lajang,Laki-laki,Malam,28,28-35 th,Lunas,Tidak,Tidak,Tidak,152.1,130.0,5,2,11.0,5,1,12.0,0.4,0.2,0.798,Berisiko,Sangat Tinggi
JJI-02632,Dropout,1,Tourism,Fase 2 - kuota umum,Lajang,Laki-laki,Siang,20,≤20 th,Lunas,Tidak,Tidak,Tidak,126.1,132.0,6,4,10.75,6,0,0.0,0.667,0.0,0.9387,Berisiko,Sangat Tinggi
JJI-02633,Graduate,0,Nursing,Pindah program studi,Lajang,Laki-laki,Siang,22,21-23 th,Lunas,Tidak,Tidak,Ya,136.0,130.0,8,8,12.55,8,8,12.55,1.0,1.0,0.1212,Aman,Rendah
JJI-02634,Graduate,0,Nursing,Fase 1 - kuota umum,Lajang,Laki-laki,Siang,19,≤20 th,Lunas,Tidak,Tidak,Ya,124.3,128.0,8,7,12.67,8,7,12.67,0.875,0.875,0.1885,Aman,Rendah
JJI-02635,Enrolled,0,Advertising & Marketing Management,Fase 1 - kuota umum,Lajang,Laki-laki,Siang,20,≤20 th,Lunas,Tidak,Tidak,Ya,129.9,132.0,6,6,12.71,6,4,13.0,1.0,0.667,0.314,Aman,Sedang
JJI-02636,Dropout,1,Oral Hygiene,Usia di atas 23 tahun,Lajang,Laki-laki,Siang,26,24-27 th,Lunas,Tidak,Tidak,Tidak,136.1,133.1,7,2,11.75,5,0,0.0,0.286,0.0,0.9713,Berisiko,Sangat Tinggi
JJI-02637,Dropout,1,Tourism,Fase 1 - kuota umum,Lajang,Laki-laki,Siang,21,21-23 th,Menunggak,Tidak,Tidak,Ya,115.1,120.0,6,3,11.0,6,0,0.0,0.5,0.0,0.987,Berisiko,Sangat Tinggi
JJI-02638,Graduate,0,Animation & Multimedia Design,Fase 1 - kuota khusus (Madeira),Lajang,Laki-laki,Siang,18,≤20 th,Lunas,Tidak,Tidak,Ya,143.6,145.0,0,0,0.0,0,0,0.0,,,0.6203,Berisiko,Tinggi
JJI-02639,Graduate,0,Management,Fase 2 - kuota umum,Lajang,Laki-laki,Siang,18,≤20 th,Lunas,Tidak,Tidak,Ya,115.8,127.0,5,5,13.4,5,5,12.2,1.0,1.0,0.1875,Aman,Rendah
JJI-02640,Graduate,0,Animation & Multimedia Design,Fase 1 - kuota umum,Lajang,Laki-laki,Siang,22,21-23 th,Lunas,Tidak,Tidak,Ya,149.0,135.0,17,17,12.58,17,17,12.12,1.0,1.0,0.049,Aman,Rendah
JJI-02641,Dropout,1,Informatics Engineering,Usia di atas 23 tahun,Menikah,Laki-laki,Siang,36,>35 th,Lunas,Tidak,Tidak,Tidak,100.0,133.1,5,0,0.0,5,0,0.0,0.0,0.0,0.9749,Berisiko,Sangat Tinggi
JJI-02642,Graduate,0,Journalism & Communication,Fase 1 - kuota umum,Lajang,Laki-laki,Siang,20,≤20 th,Lunas,Tidak,Ya,Ya,133.4,125.0,6,6,12.0,6,6,11.5,1.0,1.0,0.1195,Aman,Rendah
JJI-02643,Dropout,1,Advertising & Marketing Management,Fase 2 - kuota umum,Lajang,Laki-laki,Siang,20,≤20 th,Lunas,Tidak,Tidak,Tidak,122.8,127.0,6,3,12.33,6,0,0.0,0.5,0.0,0.9603,Berisiko,Sangat Tinggi
JJI-02644,Dropout,1,Management (kelas malam),Usia di atas 23 tahun,Lajang,Laki-laki,Malam,25,24-27 th,Lunas,Tidak,Tidak,Tidak,151.2,133.1,5,4,11.5,5,3,13.5,0.8,0.6,0.4986,Berisiko,Tinggi
JJI-02645,Graduate,0,Agronomy,Usia di atas 23 tahun,Lajang,Laki-laki,Siang,35,28-35 th,Lunas,Tidak,Tidak,Tidak,137.0,150.0,6,5,12.8,6,5,13.83,0.833,0.833,0.3447,Aman,Sedang
JJI-02646,Dropout,1,Animation & Multimedia Design,Fase 1 - kuota umum,Lajang,Laki-laki,Siang,22,21-23 th,Lunas,Tidak,Tidak,Tidak,118.0,133.1,0,0,0.0,0,0,0.0,,,0.5666,Berisiko,Tinggi
JJI-02647,Enrolled,0,Communication Design,Pindah program studi,Lajang,Laki-laki,Siang,26,24-27 th,Lunas,Tidak,Tidak,Tidak,126.4,150.0,7,7,13.29,8,7,12.14,1.0,0.875,0.208,Aman,Rendah
JJI-02648,Dropout,1,Agronomy,Pemegang diploma spesialisasi teknologi,Lajang,Laki-laki,Siang,20,≤20 th,Menunggak,Ya,Tidak,Tidak,130.0,130.0,6,4,11.8,6,2,12.0,0.667,0.333,0.9029,Berisiko,Sangat Tinggi
JJI-02649,Dropout,1,Social Service (kelas malam),Pindah program studi,Lajang,Laki-laki,Malam,50,>35 th,Lunas,Tidak,Tidak,Tidak,112.5,133.1,13,6,11.33,11,2,13.5,0.462,0.182,0.9804,Berisiko,Sangat Tinggi
JJI-02650,Dropout,1,Nursing,Fase 1 - kuota umum,Lajang,Laki-laki,Siang,20,≤20 th,Lunas,Tidak,Tidak,Tidak,118.3,125.0,8,5,12.0,8,5,12.0,0.625,0.625,0.3951,Aman,Sedang
JJI-02651,Enrolled,0,Nursing,Fase 1 - kuota umum,Lajang,Laki-laki,Siang,20,≤20 th,Lunas,Tidak,Tidak,Tidak,121.4,127.0,7,5,13.98,8,8,13.22,0.714,1.0,0.1112,Aman,Rendah
JJI-02652,Dropout,1,Agronomy,Pemegang gelar pendidikan tinggi lain,Lajang,Laki-laki,Siang,35,28-35 th,Menunggak,Tidak,Tidak,Tidak,140.0,140.0,6,5,15.2,6,1,11.0,0.833,0.167,0.944,Berisiko,Sangat Tinggi
JJI-02653,Graduate,0,Advertising & Marketing Management,Fase 1 - kuota umum,Lajang,Laki-laki,Siang,19,≤20 th,Lunas,Tidak,Ya,Tidak,109.0,110.0,6,6,13.14,6,6,14.17,1.0,1.0,0.0818,Aman,Rendah
JJI-02654,Dropout,1,Management,Usia di atas 23 tahun,Menikah,Laki-laki,Siang,43,>35 th,Lunas,Tidak,Tidak,Tidak,110.0,133.1,5,0,0.0,5,0,0.0,0.0,0.0,0.9789,Berisiko,Sangat Tinggi
JJI-02655,Graduate,0,Nursing,Fase 2 - kuota umum,Lajang,Laki-laki,Siang,19,≤20 th,Lunas,Tidak,Tidak,Tidak,119.8,124.0,8,7,13.87,8,7,13.87,0.875,0.875,0.1977,Aman,Rendah
JJI-02656,Graduate,0,Nursing,Usia di atas 23 tahun,Lajang,Laki-laki,Siang,25,24-27 th,Lunas,Tidak,Tidak,Tidak,130.0,114.0,8,6,12.68,8,6,12.68,0.75,0.75,0.3285,Aman,Sedang
JJI-02657,Graduate,0,Animation & Multimedia Design,Fase 1 - kuota khusus (Madeira),Lajang,Laki-laki,Siang,19,≤20 th,Lunas,Tidak,Tidak,Ya,167.3,155.0,0,0,0.0,0,0,0.0,,,0.557,Berisiko,Tinggi
JJI-02658,Enrolled,0,Basic Education,Fase 2 - kuota umum,Lajang,Laki-laki,Siang,20,≤20 th,Lunas,Tidak,Ya,Ya,111.9,114.0,6,6,12.0,6,6,12.5,1.0,1.0,0.2104,Aman,Rendah
JJI-02659,Dropout,1,Animation & Multimedia Design,Fase 1 - kuota umum,Lajang,Laki-laki,Siang,22,21-23 th,Lunas,Tidak,Tidak,Ya,136.0,133.1,0,0,0.0,0,0,0.0,,,0.5525,Berisiko,Tinggi
JJI-02660,Dropout,1,Tourism,Fase 1 - kuota umum,Lajang,Laki-laki,Siang,19,≤20 th,Lunas,Tidak,Ya,Tidak,124.0,125.0,6,6,11.0,6,5,12.2,1.0,0.833,0.1253,Aman,Rendah
JJI-02661,Dropout,1,Management (kelas malam),Usia di atas 23 tahun,Menikah,Laki-laki,Malam,32,28-35 th,Lunas,Tidak,Tidak,Tidak,132.9,120.0,5,4,10.75,5,4,11.33,0.8,0.8,0.4609,Berisiko,Tinggi
JJI-02662,Graduate,0,Journalism & Communication,Usia di atas 23 tahun,Menikah,Laki-laki,Siang,57,>35 th,Lunas,Tidak,Tidak,Ya,154.0,100.0,6,5,14.2,6,6,14.17,0.833,1.0,0.5917,Berisiko,Tinggi
JJI-02663,Dropout,1,Nursing,Fase 1 - kuota umum,Lajang,Laki-laki,Siang,20,≤20 th,Menunggak,Tidak,Tidak,Tidak,115.0,133.1,7,4,12.6,7,4,11.58,0.571,0.571,0.7539,Berisiko,Sangat Tinggi
JJI-02664,Dropout,1,Management (kelas malam),Usia di atas 23 tahun,Lajang,Laki-laki,Malam,38,>35 th,Menunggak,Tidak,Tidak,Ya,96.0,120.0,5,0,0.0,5,0,0.0,0.0,0.0,0.9963,Berisiko,Sangat Tinggi
JJI-02665,Graduate,0,Management (kelas malam),Usia di atas 23 tahun,Menikah,Laki-laki,Malam,45,>35 th,Lunas,Tidak,Tidak,Tidak,168.2,120.0,5,5,14.0,5,5,14.17,1.0,1.0,0.351,Aman,Sedang
JJI-02666,Dropout,1,Journalism & Communication,Usia di atas 23 tahun,Menikah,Laki-laki,Siang,43,>35 th,Menunggak,Ya,Tidak,Tidak,140.0,110.0,6,2,10.0,6,4,12.25,0.333,0.667,0.9565,Berisiko,Sangat Tinggi
JJI-02667,Graduate,0,Communication Design,Fase 2 - kuota umum,Lajang,Laki-laki,Siang,19,≤20 th,Lunas,Tidak,Tidak,Ya,137.4,144.0,6,6,13.83,6,6,13.12,1.0,1.0,0.2037,Aman,Rendah
JJI-02668,Dropout,1,Management (kelas malam),Usia di atas 23 tahun,Menikah,Laki-laki,Malam,49,>35 th,Menunggak,Tidak,Tidak,Tidak,150.0,133.1,5,2,11.0,5,1,11.0,0.4,0.2,0.9727,Berisiko,Sangat Tinggi
JJI-02669,Enrolled,0,Nursing,Usia di atas 23 tahun,Menikah,Laki-laki,Siang,43,>35 th,Lunas,Tidak,Tidak,Ya,100.5,133.1,8,7,11.64,8,7,11.64,0.875,0.875,0.4157,Aman,Sedang
JJI-02670,Dropout,1,Social Service (kelas malam),Usia di atas 23 tahun,Lajang,Laki-laki,Malam,34,28-35 th,Lunas,Tidak,Tidak,Tidak,148.5,133.1,6,4,12.25,5,0,0.0,0.667,0.0,0.9428,Berisiko,Sangat Tinggi
JJI-02671,Enrolled,0,Informatics Engineering,Fase 2 - kuota umum,Lajang,Laki-laki,Siang,18,≤20 th,Lunas,Ya,Tidak,Ya,123.3,138.0,5,4,12.5,5,5,11.29,0.8,1.0,0.4231,Berisiko,Tinggi
JJI-02672,Graduate,0,Management (kelas malam),Usia di atas 23 tahun,Menikah,Laki-laki,Malam,43,>35 th,Lunas,Tidak,Tidak,Tidak,138.7,120.0,5,5,13.8,5,5,13.67,1.0,1.0,0.3593,Aman,Sedang
JJI-02673,Dropout,1,Tourism,Fase 1 - kuota umum,Lajang,Laki-laki,Siang,21,21-23 th,Lunas,Tidak,Tidak,Tidak,117.2,120.0,6,3,12.0,6,1,11.0,0.5,0.167,0.7576,Berisiko,Sangat Tinggi
JJI-02674,Enrolled,0,Management (kelas malam),Usia di atas 23 tahun,Menikah,Laki-laki,Malam,40,>35 th,Lunas,Tidak,Tidak,Tidak,114.3,160.0,5,3,11.0,5,4,12.5,0.6,0.8,0.5823,Berisiko,Tinggi
JJI-02675,Graduate,0,Advertising & Marketing Management,Fase 2 - kuota umum,Lajang,Laki-laki,Siang,19,≤20 th,Lunas,Tidak,Ya,Ya,125.3,134.0,6,4,13.75,6,6,11.56,0.667,1.0,0.2346,Aman,Rendah
JJI-02676,Enrolled,0,Tourism,Fase 1 - kuota umum,Lajang,Laki-laki,Siang,27,24-27 th,Lunas,Tidak,Tidak,Tidak,97.0,133.1,6,6,10.67,6,4,11.25,1.0,0.667,0.3877,Aman,Sedang
JJI-02677,Dropout,1,Oral Hygiene,Transfer,Menikah,Laki-laki,Siang,43,>35 th,Lunas,Tidak,Tidak,Tidak,140.0,110.0,7,0,0.0,8,2,13.15,0.0,0.25,0.9554,Berisiko,Sangat Tinggi
JJI-02678,Graduate,0,Management (kelas malam),Pindah program studi,Lajang,Laki-laki,Malam,31,28-35 th,Lunas,Tidak,Tidak,Tidak,124.0,130.0,5,5,13.83,5,5,15.4,1.0,1.0,0.2387,Aman,Rendah
JJI-02679,Enrolled,0,Agronomy,Pemegang diploma spesialisasi teknologi,Lajang,Laki-laki,Siang,26,24-27 th,Lunas,Ya,Tidak,Ya,140.0,140.0,6,0,0.0,6,0,0.0,0.0,0.0,0.9799,Berisiko,Sangat Tinggi
JJI-02680,Graduate,0,Management (kelas malam),Usia di atas 23 tahun,Lajang,Laki-laki,Malam,34,28-35 th,Lunas,Tidak,Tidak,Tidak,127.0,150.0,5,5,15.8,5,5,16.8,1.0,1.0,0.2425,Aman,Rendah
JJI-02681,Graduate,0,Nursing,Pindah program studi,Bercerai,Laki-laki,Siang,30,28-35 th,Lunas,Tidak,Tidak,Tidak,110.0,100.0,14,12,12.53,14,12,12.53,0.857,0.857,0.1773,Aman,Rendah
JJI-02682,Dropout,1,Nursing,Usia di atas 23 tahun,Menikah,Laki-laki,Siang,36,>35 th,Lunas,Tidak,Tidak,Tidak,170.0,133.1,7,6,12.78,8,0,0.0,0.857,0.0,0.9613,Berisiko,Sangat Tinggi
JJI-02683,Dropout,1,Management (kelas malam),Pemegang gelar pendidikan tinggi lain,Lajang,Laki-laki,Malam,46,>35 th,Menunggak,Ya,Tidak,Tidak,120.0,120.0,5,0,0.0,5,1,10.0,0.0,0.2,0.9927,Berisiko,Sangat Tinggi
JJI-02684,Graduate,0,Veterinary Nursing,Fase 2 - kuota umum,Lajang,Laki-laki,Siang,22,21-23 th,Lunas,Tidak,Tidak,Tidak,130.0,133.1,5,3,13.0,5,3,10.67,0.6,0.6,0.471,Berisiko,Tinggi
JJI-02685,Dropout,1,Agronomy,Pemegang gelar pendidikan tinggi lain,Lajang,Laki-laki,Siang,27,24-27 th,Lunas,Tidak,Tidak,Tidak,130.0,130.0,6,0,0.0,6,0,0.0,0.0,0.0,0.979,Berisiko,Sangat Tinggi
JJI-02686,Enrolled,0,Informatics Engineering,Fase 1 - kuota umum,Lajang,Laki-laki,Siang,20,≤20 th,Lunas,Tidak,Tidak,Ya,122.5,126.0,5,5,10.8,5,3,12.0,1.0,0.6,0.3639,Aman,Sedang
JJI-02687,Enrolled,0,Management,Pindah institusi/prodi,Lajang,Laki-laki,Siang,20,≤20 th,Lunas,Tidak,Tidak,Tidak,115.7,130.0,5,5,11.0,5,3,10.0,1.0,0.6,0.4094,Aman,Sedang
JJI-02688,Dropout,1,Informatics Engineering,Transfer,Lajang,Laki-laki,Siang,31,28-35 th,Menunggak,Ya,Tidak,Tidak,120.0,140.0,4,0,0.0,5,0,0.0,0.0,0.0,0.9947,Berisiko,Sangat Tinggi
JJI-02689,Enrolled,0,Informatics Engineering,Fase 1 - kuota umum,Lajang,Laki-laki,Siang,20,≤20 th,Lunas,Ya,Tidak,Ya,166.0,140.0,5,0,0.0,5,0,0.0,0.0,0.0,0.9659,Berisiko,Sangat Tinggi
JJI-02690,Dropout,1,Journalism & Communication,Fase 2 - kuota umum,Lajang,Laki-laki,Siang,21,21-23 th,Menunggak,Tidak,Tidak,Ya,132.8,145.0,6,2,12.0,6,0,0.0,0.333,0.0,0.9949,Berisiko,Sangat Tinggi
JJI-02691,Dropout,1,Management,Fase 2 - kuota umum,Lajang,Laki-laki,Siang,21,21-23 th,Lunas,Tidak,Tidak,Tidak,100.0,133.1,5,4,10.75,5,2,11.0,0.8,0.4,0.5011,Berisiko,Tinggi
JJI-02692,Graduate,0,Management,Fase 1 - kuota umum,Lajang,Laki-laki,Siang,19,≤20 th,Lunas,Tidak,Tidak,Tidak,121.8,127.0,5,5,11.6,5,4,13.5,1.0,0.8,0.1602,Aman,Rendah
JJI-02693,Graduate,0,Management,Fase 2 - kuota umum,Lajang,Laki-laki,Siang,20,≤20 th,Lunas,Tidak,Ya,Ya,109.5,114.0,5,5,11.8,5,4,11.6,1.0,0.8,0.2479,Aman,Rendah
JJI-02694,Graduate,0,Agronomy,Fase 1 - kuota umum,Lajang,Laki-laki,Siang,18,≤20 th,Lunas,Tidak,Tidak,Tidak,138.3,140.0,6,6,16.0,6,6,15.17,1.0,1.0,0.0905,Aman,Rendah
JJI-02695,Graduate,0,Journalism & Communication,Fase 1 - kuota umum,Lajang,Laki-laki,Siang,18,≤20 th,Lunas,Tidak,Ya,Tidak,131.6,140.0,6,6,12.67,6,6,11.5,1.0,1.0,0.1203,Aman,Rendah
JJI-02696,Enrolled,0,Nursing,Usia di atas 23 tahun,Lajang,Laki-laki,Siang,30,28-35 th,Lunas,Ya,Tidak,Tidak,125.3,120.0,7,4,14.4,7,6,13.5,0.571,0.857,0.4454,Berisiko,Tinggi
JJI-02697,Dropout,1,Tourism,Usia di atas 23 tahun,Lajang,Laki-laki,Siang,34,28-35 th,Menunggak,Ya,Tidak,Tidak,101.5,133.1,6,0,0.0,6,0,0.0,0.0,0.0,0.9976,Berisiko,Sangat Tinggi
JJI-02698,Enrolled,0,Advertising & Marketing Management,Fase 2 - kuota umum,Lajang,Laki-laki,Siang,21,21-23 th,Menunggak,Ya,Tidak,Tidak,109.1,115.0,6,4,12.25,6,4,13.4,0.667,0.667,0.866,Berisiko,Sangat Tinggi
JJI-02699,Dropout,1,Communication Design,Pemegang diploma spesialisasi teknologi,Lajang,Laki-laki,Siang,20,≤20 th,Lunas,Tidak,Tidak,Tidak,123.9,123.9,7,5,12.6,9,8,12.75,0.714,0.889,0.2001,Aman,Rendah
JJI-02700,Graduate,0,Nursing,Fase 1 - kuota umum,Lajang,Laki-laki,Siang,18,≤20 th,Lunas,Tidak,Tidak,Tidak,143.0,157.0,8,7,13.4,8,7,13.4,0.875,0.875,0.1325,Aman,Rendah
JJI-02701,Dropout,1,Animation & Multimedia Design,Fase 1 - kuota umum,Lajang,Laki-laki,Siang,21,21-23 th,Lunas,Ya,Tidak,Ya,126.3,127.0,0,0,0.0,0,0,0.0,,,0.7092,Berisiko,Tinggi
JJI-02702,Dropout,1,Agronomy,Transfer,Menikah,Laki-laki,Siang,26,24-27 th,Lunas,Tidak,Tidak,Tidak,113.3,120.0,6,1,10.0,6,0,0.0,0.167,0.0,0.9624,Berisiko,Sangat Tinggi
JJI-02703,Dropout,1,Informatics Engineering,Fase 2 - kuota umum,Lajang,Laki-laki,Siang,20,≤20 th,Lunas,Ya,Tidak,Ya,119.9,130.0,5,0,0.0,5,0,0.0,0.0,0.0,0.9788,Berisiko,Sangat Tinggi
JJI-02704,Dropout,1,Agronomy,Pemegang diploma spesialisasi teknologi,Lajang,Laki-laki,Siang,25,24-27 th,Lunas,Tidak,Tidak,Tidak,140.0,140.0,6,3,11.25,6,4,11.2,0.5,0.667,0.4395,Berisiko,Tinggi
JJI-02705,Enrolled,0,Advertising & Marketing Management,Fase 2 - kuota umum,Lajang,Laki-laki,Siang,19,≤20 th,Lunas,Tidak,Tidak,Tidak,108.0,109.0,5,0,0.0,5,0,0.0,0.0,0.0,0.9655,Berisiko,Sangat Tinggi
JJI-02706,Dropout,1,Management,Usia di atas 23 tahun,Lajang,Laki-laki,Siang,24,24-27 th,Lunas,Tidak,Tidak,Ya,100.0,143.0,5,3,10.67,5,1,14.0,0.6,0.2,0.6791,Berisiko,Tinggi
JJI-02707,Graduate,0,Equinculture,Fase 1 - kuota umum,Lajang,Laki-laki,Siang,20,≤20 th,Lunas,Tidak,Tidak,Tidak,132.4,125.0,5,4,11.75,5,5,13.4,0.8,1.0,0.2275,Aman,Rendah
JJI-02708,Dropout,1,Management,Fase 1 - kuota umum,Lajang,Laki-laki,Siang,20,≤20 th,Lunas,Tidak,Tidak,Tidak,137.1,136.0,5,0,0.0,5,0,0.0,0.0,0.0,0.9348,Berisiko,Sangat Tinggi
JJI-02709,Graduate,0,Communication Design,Fase 1 - kuota khusus (Azores),Lajang,Perempuan,Siang,18,≤20 th,Lunas,Tidak,Tidak,Ya,138.1,157.0,6,6,12.67,6,6,14.12,1.0,1.0,0.1149,Aman,Rendah
JJI-02710,Enrolled,0,Oral Hygiene,Usia di atas 23 tahun,Bercerai,Perempuan,Siang,25,24-27 th,Lunas,Tidak,Tidak,Tidak,130.0,160.0,7,7,11.95,8,7,12.04,1.0,0.875,0.2049,Aman,Rendah
JJI-02711,Graduate,0,Tourism,Fase 2 - kuota umum,Lajang,Perempuan,Siang,22,21-23 th,Lunas,Tidak,Tidak,Ya,109.7,116.0,6,5,14.0,6,6,15.67,0.833,1.0,0.1616,Aman,Rendah
JJI-02712,Dropout,1,Social Service (kelas malam),Pindah program studi,Lajang,Perempuan,Malam,41,>35 th,Menunggak,Tidak,Tidak,Tidak,128.2,113.0,6,0,0.0,6,0,0.0,0.0,0.0,0.9914,Berisiko,Sangat Tinggi
JJI-02713,Dropout,1,Management,Fase 1 - kuota umum,Lajang,Perempuan,Siang,19,≤20 th,Lunas,Ya,Ya,Tidak,117.8,130.0,5,2,11.5,5,0,0.0,0.4,0.0,0.8759,Berisiko,Sangat Tinggi
JJI-02714,Graduate,0,Equinculture,Pindah program studi,Lajang,Perempuan,Siang,21,21-23 th,Lunas,Tidak,Tidak,Ya,150.0,150.0,6,6,12.0,6,5,12.8,1.0,0.833,0.2857,Aman,Sedang
JJI-02715,Dropout,1,Veterinary Nursing,Usia di atas 23 tahun,Lajang,Perempuan,Siang,30,28-35 th,Lunas,Ya,Tidak,Ya,160.0,110.0,6,6,16.43,6,6,16.67,1.0,1.0,0.1562,Aman,Rendah
JJI-02716,Graduate,0,Nursing,Fase 1 - kuota umum,Lajang,Perempuan,Siang,21,21-23 th,Lunas,Tidak,Ya,Ya,104.5,101.0,7,5,13.34,8,7,13.21,0.714,0.875,0.1247,Aman,Rendah
JJI-02717,Enrolled,0,Oral Hygiene,Usia di atas 23 tahun,Menikah,Perempuan,Siang,26,24-27 th,Lunas,Tidak,Ya,Tidak,112.8,110.0,7,0,0.0,8,0,0.0,0.0,0.0,0.984,Berisiko,Sangat Tinggi
JJI-02718,Graduate,0,Advertising & Marketing Management,Mahasiswa internasional (S1),Lajang,Perempuan,Siang,21,21-23 th,Lunas,Tidak,Tidak,Tidak,100.0,133.1,7,7,14.67,6,6,14.0,1.0,1.0,0.1068,Aman,Rendah
JJI-02719,Graduate,0,Nursing,Fase 1 - kuota umum,Lajang,Perempuan,Siang,18,≤20 th,Lunas,Tidak,Tidak,Ya,132.5,138.0,8,7,14.12,8,7,14.12,0.875,0.875,0.0989,Aman,Rendah
JJI-02720,Graduate,0,Veterinary Nursing,Fase 1 - kuota umum,Lajang,Perempuan,Siang,19,≤20 th,Lunas,Tidak,Ya,Ya,123.3,138.0,6,6,14.86,6,6,13.11,1.0,1.0,0.0726,Aman,Rendah
JJI-02721,Graduate,0,Veterinary Nursing,Fase 1 - kuota umum,Lajang,Perempuan,Siang,18,≤20 th,Lunas,Tidak,Ya,Ya,128.9,141.0,6,6,13.83,6,6,13.71,1.0,1.0,0.0595,Aman,Rendah
JJI-02722,Enrolled,0,Management,Fase 2 - kuota umum,Lajang,Perempuan,Siang,19,≤20 th,Lunas,Tidak,Tidak,Ya,128.3,129.0,5,3,11.0,5,4,11.75,0.6,0.8,0.3378,Aman,Sedang
JJI-02723,Enrolled,0,Veterinary Nursing,Pindah program studi,Lajang,Perempuan,Siang,21,21-23 th,Lunas,Tidak,Tidak,Tidak,100.0,127.0,6,4,11.75,6,3,13.67,0.667,0.5,0.3921,Aman,Sedang
JJI-02724,Dropout,1,Management,Fase 2 - kuota umum,Lajang,Perempuan,Siang,18,≤20 th,Lunas,Tidak,Ya,Ya,120.1,133.0,5,2,10.0,5,2,12.0,0.4,0.4,0.4637,Berisiko,Tinggi
JJI-02725,Graduate,0,Nursing,Usia di atas 23 tahun,Lajang,Perempuan,Siang,24,24-27 th,Lunas,Tidak,Ya,Ya,160.0,100.0,8,6,12.42,8,6,12.42,0.75,0.75,0.2569,Aman,Sedang
JJI-02726,Enrolled,0,Equinculture,Fase 1 - kuota umum,Lajang,Perempuan,Siang,21,21-23 th,Lunas,Tidak,Tidak,Ya,123.0,138.0,5,1,11.0,5,2,10.5,0.2,0.4,0.7372,Berisiko,Tinggi
JJI-02727,Graduate,0,Veterinary Nursing,Pemegang diploma spesialisasi teknologi,Lajang,Perempuan,Siang,23,21-23 th,Lunas,Tidak,Tidak,Ya,150.0,150.0,6,5,14.43,6,6,13.43,0.833,1.0,0.1511,Aman,Rendah
JJI-02728,Graduate,0,Nursing,Fase 2 - kuota umum,Lajang,Perempuan,Siang,18,≤20 th,Lunas,Tidak,Ya,Ya,124.0,129.0,8,7,14.31,8,7,14.31,0.875,0.875,0.0983,Aman,Rendah
JJI-02729,Enrolled,0,Veterinary Nursing,Usia di atas 23 tahun,Lajang,Perempuan,Siang,26,24-27 th,Menunggak,Tidak,Tidak,Tidak,120.0,130.0,6,6,15.43,6,5,14.5,1.0,0.833,0.4369,Berisiko,Tinggi
JJI-02730,Graduate,0,Equinculture,Fase 1 - kuota umum,Lajang,Perempuan,Siang,20,≤20 th,Lunas,Tidak,Tidak,Ya,120.4,133.0,5,4,12.0,5,5,13.4,0.8,1.0,0.2016,Aman,Rendah
JJI-02731,Graduate,0,Social Service,Fase 1 - kuota umum,Lajang,Perempuan,Siang,18,≤20 th,Lunas,Tidak,Tidak,Tidak,131.6,133.0,6,6,13.83,6,6,13.71,1.0,1.0,0.0582,Aman,Rendah
JJI-02732,Graduate,0,Social Service,Fase 1 - kuota umum,Lajang,Perempuan,Siang,20,≤20 th,Lunas,Tidak,Tidak,Ya,104.2,107.0,6,6,12.17,6,6,12.14,1.0,1.0,0.086,Aman,Rendah
JJI-02733,Enrolled,0,Nursing,Fase 1 - kuota umum,Lajang,Perempuan,Siang,20,≤20 th,Lunas,Tidak,Tidak,Ya,122.0,131.0,8,7,14.01,8,7,14.01,0.875,0.875,0.1254,Aman,Rendah
JJI-02734,Enrolled,0,Social Service,Fase 2 - kuota umum,Lajang,Perempuan,Siang,18,≤20 th,Lunas,Tidak,Tidak,Ya,110.7,118.0,6,2,10.33,6,3,13.33,0.333,0.5,0.5053,Berisiko,Tinggi
JJI-02735,Graduate,0,Journalism & Communication,Fase 1 - kuota umum,Lajang,Perempuan,Siang,22,21-23 th,Lunas,Tidak,Ya,Ya,121.7,136.0,6,5,13.2,6,5,13.6,0.833,0.833,0.185,Aman,Rendah
JJI-02736,Graduate,0,Nursing,Fase 1 - kuota umum,Lajang,Perempuan,Siang,20,≤20 th,Lunas,Ya,Tidak,Ya,126.0,125.0,7,6,15.4,7,6,15.4,0.857,0.857,0.1626,Aman,Rendah
JJI-02737,Graduate,0,Nursing,Fase 2 - kuota umum,Lajang,Perempuan,Siang,19,≤20 th,Lunas,Tidak,Ya,Ya,128.4,137.0,7,7,13.39,8,8,15.92,1.0,1.0,0.0533,Aman,Rendah
JJI-02738,Dropout,1,Equinculture,Fase 1 - kuota umum,Lajang,Perempuan,Siang,18,≤20 th,Lunas,Ya,Tidak,Ya,134.9,144.0,6,6,10.86,6,4,11.0,1.0,0.667,0.488,Berisiko,Tinggi
JJI-02739,Graduate,0,Management,Fase 2 - kuota umum,Lajang,Perempuan,Siang,18,≤20 th,Lunas,Tidak,Tidak,Tidak,143.9,146.0,5,5,11.33,5,5,12.0,1.0,1.0,0.1376,Aman,Rendah
JJI-02740,Graduate,0,Veterinary Nursing,Fase 1 - kuota umum,Lajang,Perempuan,Siang,19,≤20 th,Lunas,Tidak,Ya,Ya,145.0,145.0,5,4,14.5,5,5,13.6,0.8,1.0,0.1078,Aman,Rendah
JJI-02741,Graduate,0,Communication Design,Fase 1 - kuota umum,Lajang,Perempuan,Siang,19,≤20 th,Lunas,Tidak,Ya,Ya,132.0,126.0,6,6,14.17,6,6,12.38,1.0,1.0,0.0749,Aman,Rendah
JJI-02742,Graduate,0,Social Service (kelas malam),Fase 2 - kuota umum,Lajang,Perempuan,Malam,24,24-27 th,Lunas,Tidak,Tidak,Tidak,136.1,141.0,6,6,12.83,6,6,12.0,1.0,1.0,0.1134,Aman,Rendah
JJI-02743,Graduate,0,Social Service,Fase 1 - kuota umum,Lajang,Perempuan,Siang,21,21-23 th,Lunas,Tidak,Tidak,Tidak,138.9,141.0,6,6,13.33,6,6,14.5,1.0,1.0,0.0637,Aman,Rendah
JJI-02744,Graduate,0,Social Service,Fase 1 - kuota umum,Lajang,Perempuan,Siang,20,≤20 th,Lunas,Tidak,Ya,Ya,102.0,133.1,6,6,13.67,6,6,14.57,1.0,1.0,0.0505,Aman,Rendah
JJI-02745,Dropout,1,Tourism,Usia di atas 23 tahun,Lajang,Perempuan,Siang,28,28-35 th,Menunggak,Ya,Ya,Tidak,123.0,133.1,6,6,10.83,6,5,11.0,1.0,0.833,0.6368,Berisiko,Tinggi
JJI-02746,Graduate,0,Basic Education,Fase 1 - kuota umum,Lajang,Perempuan,Siang,21,21-23 th,Lunas,Tidak,Tidak,Ya,137.5,127.0,6,6,13.43,6,6,13.14,1.0,1.0,0.1771,Aman,Rendah
JJI-02747,Enrolled,0,Nursing,Fase 1 - kuota umum,Lajang,Laki-laki,Siang,20,≤20 th,Lunas,Ya,Tidak,Ya,102.2,106.0,7,7,12.4,8,6,11.81,1.0,0.75,0.2998,Aman,Sedang
JJI-02748,Dropout,1,Agronomy,Transfer,Lajang,Laki-laki,Siang,36,>35 th,Menunggak,Tidak,Tidak,Tidak,105.3,130.0,6,0,0.0,6,0,0.0,0.0,0.0,0.9959,Berisiko,Sangat Tinggi
JJI-02749,Dropout,1,Management (kelas malam),Usia di atas 23 tahun,Menikah,Laki-laki,Malam,42,>35 th,Menunggak,Tidak,Tidak,Tidak,130.0,110.0,4,0,0.0,5,0,0.0,0.0,0.0,0.9941,Berisiko,Sangat Tinggi
JJI-02750,Dropout,1,Management (kelas malam),Usia di atas 23 tahun,Menikah,Laki-laki,Malam,47,>35 th,Lunas,Tidak,Tidak,Tidak,122.5,150.0,5,4,11.5,5,5,11.6,0.8,1.0,0.495,Berisiko,Tinggi
JJI-02751,Dropout,1,Informatics Engineering,Usia di atas 23 tahun,Lajang,Laki-laki,Siang,25,24-27 th,Menunggak,Tidak,Tidak,Tidak,112.0,160.0,5,0,0.0,5,0,0.0,0.0,0.0,0.9905,Berisiko,Sangat Tinggi
JJI-02752,Graduate,0,Advertising & Marketing Management,Usia di atas 23 tahun,Lajang,Laki-laki,Siang,25,24-27 th,Lunas,Tidak,Ya,Tidak,110.0,170.0,6,6,14.14,6,6,13.5,1.0,1.0,0.1909,Aman,Rendah
JJI-02753,Dropout,1,Social Service (kelas malam),Usia di atas 23 tahun,Menikah,Laki-laki,Malam,48,>35 th,Lunas,Tidak,Tidak,Tidak,149.5,133.1,6,0,0.0,5,0,0.0,0.0,0.0,0.9759,Berisiko,Sangat Tinggi
JJI-02754,Graduate,0,Management (kelas malam),Pindah program studi,Lajang,Laki-laki,Malam,32,28-35 th,Lunas,Tidak,Ya,Tidak,141.0,120.0,10,10,13.8,10,10,12.8,1.0,1.0,0.1014,Aman,Rendah
JJI-02755,Dropout,1,Management (kelas malam),Pemegang gelar pendidikan tinggi lain,Lajang,Laki-laki,Malam,38,>35 th,Lunas,Tidak,Tidak,Tidak,130.0,130.0,10,10,13.6,10,5,13.6,1.0,0.5,0.7399,Berisiko,Tinggi
JJI-02756,Graduate,0,Social Service,Pemegang gelar pendidikan tinggi lain,Lajang,Laki-laki,Siang,37,>35 th,Lunas,Tidak,Tidak,Tidak,130.0,130.0,16,15,11.73,11,9,11.89,0.938,0.818,0.3606,Aman,Sedang
JJI-02757,Dropout,1,Management,Usia di atas 23 tahun,Lajang,Laki-laki,Siang,26,24-27 th,Menunggak,Tidak,Tidak,Tidak,104.0,120.0,5,1,10.0,5,1,10.0,0.2,0.2,0.9555,Berisiko,Sangat Tinggi
JJI-02758,Dropout,1,Veterinary Nursing,Pemegang diploma spesialisasi teknologi,Lajang,Laki-laki,Siang,23,21-23 th,Lunas,Tidak,Tidak,Tidak,110.0,110.0,6,0,0.0,6,0,0.0,0.0,0.0,0.9669,Berisiko,Sangat Tinggi
JJI-02759,Enrolled,0,Agronomy,Pemegang diploma spesialisasi teknologi,Lajang,Laki-laki,Siang,23,21-23 th,Lunas,Tidak,Tidak,Tidak,120.0,120.0,6,0,0.0,6,0,0.0,0.0,0.0,0.9671,Berisiko,Sangat Tinggi
JJI-02760,Enrolled,0,Agronomy,Pemegang diploma spesialisasi teknologi,Lajang,Laki-laki,Siang,20,≤20 th,Lunas,Tidak,Tidak,Tidak,130.0,130.0,6,4,10.8,6,4,12.0,0.667,0.667,0.3633,Aman,Sedang
JJI-02761,Dropout,1,Nursing,Usia di atas 23 tahun,Lajang,Laki-laki,Siang,26,24-27 th,Lunas,Tidak,Tidak,Ya,127.0,150.0,7,6,13.05,8,7,13.31,0.857,0.875,0.2475,Aman,Rendah
JJI-02762,Enrolled,0,Social Service (kelas malam),Pindah program studi,Lajang,Perempuan,Malam,45,>35 th,Lunas,Tidak,Tidak,Tidak,100.0,120.0,9,8,11.0,7,6,10.83,0.889,0.857,0.3489,Aman,Sedang
JJI-02763,Enrolled,0,Social Service (kelas malam),Usia di atas 23 tahun,Lajang,Perempuan,Malam,26,24-27 th,Lunas,Tidak,Ya,Ya,111.0,100.0,6,3,12.33,6,3,11.67,0.5,0.5,0.443,Berisiko,Tinggi
JJI-02764,Graduate,0,Social Service (kelas malam),Pindah program studi,Lajang,Perempuan,Malam,26,24-27 th,Lunas,Tidak,Tidak,Tidak,130.0,133.1,11,10,11.8,7,7,13.29,0.909,1.0,0.1263,Aman,Rendah
JJI-02765,Enrolled,0,Management (kelas malam),Usia di atas 23 tahun,Lajang,Perempuan,Malam,25,24-27 th,Lunas,Tidak,Tidak,Tidak,130.1,130.0,5,3,11.0,5,3,11.25,0.6,0.6,0.4946,Berisiko,Tinggi
JJI-02766,Graduate,0,Nursing,Fase 1 - kuota khusus (Madeira),Lajang,Perempuan,Siang,18,≤20 th,Lunas,Tidak,Tidak,Ya,127.5,145.0,8,8,13.11,8,8,13.11,1.0,1.0,0.0936,Aman,Rendah
JJI-02767,Graduate,0,Nursing,Pemegang gelar pendidikan tinggi lain,Lajang,Perempuan,Siang,27,24-27 th,Lunas,Tidak,Tidak,Ya,130.0,130.0,8,7,14.41,8,7,14.41,0.875,0.875,0.2248,Aman,Rendah
JJI-02768,Dropout,1,Social Service (kelas malam),Fase 2 - kuota umum,Pisah secara hukum,Perempuan,Malam,24,24-27 th,Menunggak,Tidak,Tidak,Tidak,115.0,115.0,5,0,0.0,5,0,0.0,0.0,0.0,0.9801,Berisiko,Sangat Tinggi
JJI-02769,Graduate,0,Management,Fase 2 - kuota umum,Lajang,Perempuan,Siang,20,≤20 th,Lunas,Tidak,Tidak,Ya,126.8,124.0,5,5,12.33,5,5,12.2,1.0,1.0,0.1774,Aman,Rendah
JJI-02770,Dropout,1,Nursing,Fase 1 - kuota umum,Lajang,Perempuan,Siang,18,≤20 th,Lunas,Tidak,Ya,Ya,116.7,124.0,7,0,0.0,7,1,10.0,0.0,0.143,0.8146,Berisiko,Sangat Tinggi
JJI-02771,Graduate,0,Oral Hygiene,Fase 2 - kuota umum,Lajang,Perempuan,Siang,18,≤20 th,Lunas,Tidak,Ya,Ya,128.5,134.0,7,7,14.1,8,8,13.31,1.0,1.0,0.0919,Aman,Rendah
JJI-02772,Graduate,0,Nursing,Fase 1 - kuota umum,Lajang,Perempuan,Siang,18,≤20 th,Lunas,Tidak,Tidak,Ya,127.5,137.0,8,8,13.04,8,8,13.04,1.0,1.0,0.0731,Aman,Rendah
JJI-02773,Enrolled,0,Nursing,Fase 1 - kuota umum,Lajang,Laki-laki,Siang,19,≤20 th,Lunas,Tidak,Tidak,Ya,117.5,124.0,8,5,12.86,8,5,12.86,0.625,0.625,0.4048,Aman,Sedang
JJI-02774,Graduate,0,Nursing,Transfer,Lajang,Perempuan,Siang,19,≤20 th,Lunas,Tidak,Ya,Ya,148.8,136.0,8,8,14.25,8,8,14.25,1.0,1.0,0.0753,Aman,Rendah
JJI-02775,Enrolled,0,Nursing,Fase 1 - kuota umum,Lajang,Perempuan,Siang,19,≤20 th,Lunas,Tidak,Ya,Tidak,120.2,126.0,7,5,14.06,7,7,11.24,0.714,1.0,0.0819,Aman,Rendah
JJI-02776,Graduate,0,Nursing,Fase 1 - kuota umum,Lajang,Perempuan,Siang,18,≤20 th,Lunas,Tidak,Tidak,Ya,127.3,142.0,8,7,15.08,8,7,15.08,0.875,0.875,0.1099,Aman,Rendah
JJI-02777,Enrolled,0,Animation & Multimedia Design,Fase 2 - kuota umum,Lajang,Perempuan,Siang,18,≤20 th,Lunas,Tidak,Ya,Ya,136.1,141.0,0,0,0.0,0,0,0.0,,,0.4838,Berisiko,Tinggi
JJI-02778,Enrolled,0,Advertising & Marketing Management,Pindah program studi,Lajang,Perempuan,Siang,19,≤20 th,Lunas,Tidak,Tidak,Ya,122.4,129.0,5,4,13.75,6,5,12.6,0.8,0.833,0.2482,Aman,Rendah
JJI-02779,Graduate,0,Agronomy,Pemegang gelar pendidikan tinggi lain,Lajang,Perempuan,Siang,23,21-23 th,Lunas,Tidak,Tidak,Ya,130.0,130.0,17,17,13.15,12,12,13.21,1.0,1.0,0.0869,Aman,Rendah
JJI-02780,Graduate,0,Social Service,Fase 1 - kuota umum,Lajang,Perempuan,Siang,21,21-23 th,Lunas,Tidak,Ya,Ya,121.7,136.0,6,5,12.33,6,5,11.8,0.833,0.833,0.1239,Aman,Rendah
JJI-02781,Graduate,0,Nursing,Fase 1 - kuota umum,Lajang,Perempuan,Siang,18,≤20 th,Lunas,Tidak,Ya,Ya,122.7,137.0,7,7,13.78,8,8,13.12,1.0,1.0,0.05,Aman,Rendah
JJI-02782,Dropout,1,Basic Education,Fase 1 - kuota umum,Lajang,Perempuan,Siang,20,≤20 th,Menunggak,Ya,Tidak,Ya,129.2,125.0,6,3,10.33,6,1,11.0,0.5,0.167,0.9668,Berisiko,Sangat Tinggi
JJI-02783,Enrolled,0,Journalism & Communication,Pindah program studi,Lajang,Perempuan,Siang,23,21-23 th,Lunas,Tidak,Tidak,Ya,105.0,119.0,6,3,11.33,6,2,11.0,0.5,0.333,0.7711,Berisiko,Sangat Tinggi
JJI-02784,Enrolled,0,Social Service,Fase 1 - kuota umum,Lajang,Perempuan,Siang,20,≤20 th,Lunas,Tidak,Tidak,Ya,129.9,132.0,6,5,13.2,6,6,12.67,0.833,1.0,0.1048,Aman,Rendah
JJI-02785,Graduate,0,Communication Design,Fase 1 - kuota umum,Lajang,Perempuan,Siang,18,≤20 th,Lunas,Tidak,Ya,Tidak,136.3,152.0,6,6,13.57,6,6,12.38,1.0,1.0,0.057,Aman,Rendah
JJI-02786,Graduate,0,Social Service (kelas malam),Fase 1 - kuota umum,Lajang,Perempuan,Malam,29,28-35 th,Lunas,Tidak,Tidak,Tidak,114.9,125.0,11,11,12.75,7,7,13.43,1.0,1.0,0.0957,Aman,Rendah
JJI-02787,Dropout,1,Journalism & Communication,Usia di atas 23 tahun,Lajang,Laki-laki,Siang,28,28-35 th,Lunas,Tidak,Tidak,Ya,102.0,133.1,6,3,13.0,6,1,12.0,0.5,0.167,0.8895,Berisiko,Sangat Tinggi
JJI-02788,Enrolled,0,Advertising & Marketing Management,Fase 1 - kuota umum,Lajang,Laki-laki,Siang,19,≤20 th,Lunas,Tidak,Tidak,Ya,111.3,120.0,5,3,11.33,5,4,11.0,0.6,0.8,0.3874,Aman,Sedang
JJI-02789,Dropout,1,Advertising & Marketing Management,Usia di atas 23 tahun,Lajang,Laki-laki,Siang,24,24-27 th,Menunggak,Ya,Tidak,Tidak,130.9,148.0,6,0,0.0,6,0,0.0,0.0,0.0,0.9964,Berisiko,Sangat Tinggi
JJI-02790,Dropout,1,Animation & Multimedia Design,Usia di atas 23 tahun,Lajang,Laki-laki,Siang,33,28-35 th,Lunas,Ya,Ya,Tidak,100.0,133.1,0,0,0.0,0,0,0.0,,,0.7286,Berisiko,Tinggi
JJI-02791,Dropout,1,Management,Fase 2 - kuota umum,Lajang,Laki-laki,Siang,19,≤20 th,Menunggak,Tidak,Tidak,Ya,112.9,115.0,5,2,12.5,5,1,11.0,0.4,0.2,0.914,Berisiko,Sangat Tinggi
JJI-02792,Graduate,0,Veterinary Nursing,Fase 1 - kuota umum,Lajang,Laki-laki,Siang,19,≤20 th,Lunas,Tidak,Tidak,Tidak,112.7,120.0,6,6,14.86,6,6,14.14,1.0,1.0,0.087,Aman,Rendah
JJI-02793,Graduate,0,Social Service (kelas malam),Usia di atas 23 tahun,Bercerai,Laki-laki,Malam,37,>35 th,Lunas,Tidak,Tidak,Tidak,143.0,133.1,9,8,12.0,7,7,11.57,0.889,1.0,0.1964,Aman,Rendah
JJI-02794,Graduate,0,Animation & Multimedia Design,Fase 1 - kuota umum,Lajang,Laki-laki,Siang,18,≤20 th,Menunggak,Ya,Ya,Ya,155.1,168.0,0,0,0.0,0,0,0.0,,,0.834,Berisiko,Sangat Tinggi
JJI-02795,Enrolled,0,Management (kelas malam),Usia di atas 23 tahun,Bercerai,Laki-laki,Malam,29,28-35 th,Lunas,Tidak,Tidak,Tidak,127.6,130.0,5,0,0.0,5,0,0.0,0.0,0.0,0.9677,Berisiko,Sangat Tinggi
JJI-02796,Graduate,0,Nursing,Usia di atas 23 tahun,Menikah,Laki-laki,Siang,37,>35 th,Lunas,Tidak,Tidak,Tidak,146.6,133.1,7,7,12.83,8,8,12.69,1.0,1.0,0.1541,Aman,Rendah
JJI-02797,Dropout,1,Nursing,Usia di atas 23 tahun,Lajang,Laki-laki,Siang,36,>35 th,Lunas,Tidak,Tidak,Tidak,141.0,137.0,7,0,0.0,8,0,0.0,0.0,0.0,0.99,Berisiko,Sangat Tinggi
JJI-02798,Graduate,0,Advertising & Marketing Management,Fase 1 - kuota umum,Lajang,Laki-laki,Siang,19,≤20 th,Lunas,Tidak,Tidak,Ya,120.6,123.0,6,6,13.33,6,5,14.0,1.0,0.833,0.2157,Aman,Rendah
JJI-02799,Graduate,0,Nursing,Transfer,Lajang,Laki-laki,Siang,33,28-35 th,Lunas,Tidak,Ya,Ya,110.0,150.0,14,14,13.07,14,14,13.07,1.0,1.0,0.0879,Aman,Rendah
JJI-02800,Dropout,1,Informatics Engineering,Transfer,Lajang,Laki-laki,Siang,34,28-35 th,Menunggak,Tidak,Tidak,Tidak,108.6,120.0,7,5,12.0,7,3,11.0,0.714,0.429,0.9329,Berisiko,Sangat Tinggi
JJI-02801,Graduate,0,Tourism,Fase 1 - kuota umum,Lajang,Perempuan,Siang,18,≤20 th,Lunas,Tidak,Tidak,Ya,134.9,145.0,6,6,15.5,6,6,16.0,1.0,1.0,0.0802,Aman,Rendah
JJI-02802,Dropout,1,Equinculture,Pemegang diploma spesialisasi teknologi,Lajang,Perempuan,Siang,20,≤20 th,Lunas,Tidak,Tidak,Ya,120.0,120.0,6,0,0.0,6,0,0.0,0.0,0.0,0.9746,Berisiko,Sangat Tinggi
JJI-02803,Graduate,0,Journalism & Communication,Fase 1 - kuota umum,Lajang,Perempuan,Siang,19,≤20 th,Lunas,Tidak,Ya,Tidak,141.3,142.0,6,6,14.71,6,6,15.17,1.0,1.0,0.0521,Aman,Rendah
JJI-02804,Graduate,0,Veterinary Nursing,Fase 1 - kuota umum,Lajang,Perempuan,Siang,20,≤20 th,Lunas,Tidak,Tidak,Ya,135.6,147.0,6,6,16.71,6,6,15.33,1.0,1.0,0.0717,Aman,Rendah
JJI-02805,Graduate,0,Social Service,Fase 1 - kuota umum,Lajang,Perempuan,Siang,19,≤20 th,Lunas,Tidak,Ya,Ya,121.5,125.0,6,6,10.86,6,6,11.67,1.0,1.0,0.0617,Aman,Rendah
JJI-02806,Graduate,0,Nursing,Fase 1 - kuota umum,Lajang,Perempuan,Siang,19,≤20 th,Lunas,Tidak,Tidak,Ya,125.0,126.0,7,6,11.66,8,6,12.42,0.857,0.75,0.2104,Aman,Rendah
JJI-02807,Graduate,0,Journalism & Communication,Fase 3 - kuota umum,Lajang,Perempuan,Siang,22,21-23 th,Lunas,Tidak,Ya,Ya,119.1,132.0,6,5,11.6,6,6,12.0,0.833,1.0,0.1678,Aman,Rendah
JJI-02808,Enrolled,0,Advertising & Marketing Management,Fase 1 - kuota umum,Lajang,Perempuan,Siang,18,≤20 th,Lunas,Tidak,Tidak,Ya,126.6,122.0,6,6,14.62,6,6,14.14,1.0,1.0,0.1233,Aman,Rendah
JJI-02809,Graduate,0,Journalism & Communication,Fase 1 - kuota umum,Lajang,Perempuan,Siang,18,≤20 th,Lunas,Tidak,Ya,Tidak,116.7,123.0,6,6,12.17,6,6,12.67,1.0,1.0,0.0841,Aman,Rendah
JJI-02810,Enrolled,0,Nursing,Fase 1 - kuota umum,Lajang,Perempuan,Siang,19,≤20 th,Lunas,Tidak,Tidak,Ya,120.1,126.0,7,4,13.38,7,6,12.12,0.571,0.857,0.2218,Aman,Rendah
JJI-02811,Graduate,0,Basic Education,Fase 1 - kuota umum,Lajang,Perempuan,Siang,19,≤20 th,Lunas,Tidak,Ya,Tidak,124.9,128.0,6,6,12.5,6,6,12.83,1.0,1.0,0.0983,Aman,Rendah
JJI-02812,Dropout,1,Nursing,Usia di atas 23 tahun,Lajang,Perempuan,Siang,31,28-35 th,Menunggak,Ya,Tidak,Ya,114.0,100.0,7,5,12.56,7,5,12.56,0.714,0.714,0.8136,Berisiko,Sangat Tinggi
JJI-02813,Graduate,0,Nursing,Fase 2 - kuota umum,Lajang,Perempuan,Siang,18,≤20 th,Lunas,Tidak,Tidak,Ya,131.1,140.0,7,7,13.19,8,8,14.23,1.0,1.0,0.0948,Aman,Rendah
JJI-02814,Graduate,0,Social Service,Fase 1 - kuota umum,Lajang,Perempuan,Siang,19,≤20 th,Lunas,Ya,Ya,Tidak,129.3,145.0,6,3,11.0,6,4,11.25,0.5,0.667,0.2928,Aman,Sedang
JJI-02815,Graduate,0,Animation & Multimedia Design,Fase 1 - kuota umum,Lajang,Perempuan,Siang,18,≤20 th,Lunas,Tidak,Tidak,Ya,129.7,143.0,0,0,0.0,0,0,0.0,,,0.5011,Berisiko,Tinggi
JJI-02816,Graduate,0,Social Service,Fase 2 - kuota umum,Lajang,Perempuan,Siang,19,≤20 th,Lunas,Tidak,Ya,Tidak,120.8,132.0,6,5,11.6,6,6,11.71,0.833,1.0,0.0865,Aman,Rendah
JJI-02817,Graduate,0,Nursing,Fase 1 - kuota umum,Lajang,Perempuan,Siang,19,≤20 th,Lunas,Tidak,Tidak,Tidak,135.0,130.0,7,6,14.27,7,6,14.27,0.857,0.857,0.0967,Aman,Rendah
JJI-02818,Enrolled,0,Management,Fase 1 - kuota umum,Lajang,Perempuan,Siang,19,≤20 th,Lunas,Tidak,Ya,Tidak,117.8,129.0,5,4,11.0,5,4,13.86,0.8,0.8,0.107,Aman,Rendah
JJI-02819,Graduate,0,Social Service (kelas malam),Pemegang gelar pendidikan tinggi lain,Menikah,Perempuan,Malam,30,28-35 th,Lunas,Tidak,Tidak,Tidak,130.0,124.4,10,9,12.67,7,7,12.43,0.9,1.0,0.1922,Aman,Rendah
JJI-02820,Enrolled,0,Journalism & Communication,Pindah program studi,Lajang,Perempuan,Siang,18,≤20 th,Lunas,Tidak,Tidak,Ya,117.6,127.0,6,0,0.0,6,3,11.0,0.0,0.5,0.766,Berisiko,Sangat Tinggi
JJI-02821,Graduate,0,Nursing,Fase 3 - kuota umum,Lajang,Perempuan,Siang,18,≤20 th,Lunas,Tidak,Tidak,Ya,130.8,144.0,8,7,12.77,8,7,12.77,0.875,0.875,0.1722,Aman,Rendah
JJI-02822,Dropout,1,Veterinary Nursing,Fase 3 - kuota umum,Lajang,Perempuan,Siang,21,21-23 th,Lunas,Tidak,Tidak,Ya,111.9,121.0,5,0,0.0,5,0,0.0,0.0,0.0,0.9499,Berisiko,Sangat Tinggi
JJI-02823,Graduate,0,Social Service,Pemegang diploma spesialisasi teknologi,Lajang,Perempuan,Siang,19,≤20 th,Lunas,Tidak,Ya,Tidak,145.9,150.0,6,6,15.5,6,6,13.57,1.0,1.0,0.0461,Aman,Rendah
JJI-02824,Enrolled,0,Advertising & Marketing Management,Fase 2 - kuota umum,Lajang,Perempuan,Siang,19,≤20 th,Lunas,Tidak,Ya,Ya,109.1,115.0,6,6,13.29,6,5,14.6,1.0,0.833,0.1477,Aman,Rendah
JJI-02825,Enrolled,0,Nursing,Fase 1 - kuota umum,Lajang,Perempuan,Siang,19,≤20 th,Lunas,Tidak,Tidak,Ya,120.3,125.0,7,5,11.72,7,5,13.7,0.714,0.714,0.2768,Aman,Sedang
JJI-02826,Dropout,1,Equinculture,Fase 2 - kuota umum,Lajang,Perempuan,Siang,19,≤20 th,Lunas,Tidak,Tidak,Ya,113.5,117.0,6,6,11.33,6,4,13.75,1.0,0.667,0.3748,Aman,Sedang
JJI-02827,Graduate,0,Advertising & Marketing Management,Fase 1 - kuota umum,Lajang,Perempuan,Siang,19,≤20 th,Lunas,Tidak,Ya,Ya,135.4,121.0,6,6,13.33,6,5,13.4,1.0,0.833,0.1225,Aman,Rendah
JJI-02828,Graduate,0,Management (kelas malam),Usia di atas 23 tahun,Menikah,Perempuan,Malam,39,>35 th,Lunas,Tidak,Ya,Tidak,130.2,140.0,5,4,12.33,5,2,10.0,0.8,0.4,0.63,Berisiko,Tinggi
JJI-02829,Enrolled,0,Communication Design,Fase 1 - kuota umum,Lajang,Perempuan,Siang,18,≤20 th,Lunas,Tidak,Tidak,Ya,136.4,129.0,6,6,12.33,6,6,12.83,1.0,1.0,0.1071,Aman,Rendah
JJI-02830,Dropout,1,Animation & Multimedia Design,Fase 2 - kuota umum,Lajang,Perempuan,Siang,20,≤20 th,Lunas,Tidak,Tidak,Ya,126.9,130.0,0,0,0.0,0,0,0.0,,,0.5598,Berisiko,Tinggi
JJI-02831,Graduate,0,Management,Fase 2 - kuota umum,Lajang,Perempuan,Siang,19,≤20 th,Lunas,Tidak,Tidak,Ya,119.8,131.0,5,5,12.6,5,4,11.6,1.0,0.8,0.2737,Aman,Sedang
JJI-02832,Enrolled,0,Management,Fase 2 - kuota umum,Lajang,Perempuan,Siang,18,≤20 th,Lunas,Tidak,Tidak,Ya,124.4,137.0,5,5,12.6,5,4,11.0,1.0,0.8,0.2659,Aman,Sedang
JJI-02833,Enrolled,0,Agronomy,Usia di atas 23 tahun,Menikah,Perempuan,Siang,34,28-35 th,Menunggak,Ya,Tidak,Tidak,120.0,150.0,6,6,14.33,6,6,12.83,1.0,1.0,0.5922,Berisiko,Tinggi
JJI-02834,Enrolled,0,Advertising & Marketing Management,Fase 1 - kuota umum,Lajang,Perempuan,Siang,22,21-23 th,Lunas,Tidak,Tidak,Tidak,111.8,117.0,5,3,12.0,5,2,11.0,0.6,0.4,0.5067,Berisiko,Tinggi
JJI-02835,Graduate,0,Veterinary Nursing,Usia di atas 23 tahun,Lajang,Perempuan,Siang,24,24-27 th,Lunas,Tidak,Tidak,Ya,130.0,133.1,6,6,14.86,6,5,13.6,1.0,0.833,0.1888,Aman,Rendah
JJI-02836,Graduate,0,Management,Pindah program studi,Menikah,Perempuan,Siang,34,28-35 th,Lunas,Tidak,Tidak,Tidak,138.0,130.0,15,12,11.92,13,11,13.18,0.8,0.846,0.2412,Aman,Rendah
JJI-02837,Dropout,1,Management (kelas malam),Usia di atas 23 tahun,Menikah,Perempuan,Malam,46,>35 th,Lunas,Tidak,Tidak,Ya,114.6,110.0,5,0,0.0,5,0,0.0,0.0,0.0,0.9807,Berisiko,Sangat Tinggi
JJI-02838,Enrolled,0,Management,Usia di atas 23 tahun,Menikah,Perempuan,Siang,50,>35 th,Lunas,Tidak,Tidak,Tidak,108.0,140.0,5,3,13.33,5,5,12.2,0.6,1.0,0.409,Aman,Sedang
JJI-02839,Dropout,1,Management (kelas malam),Usia di atas 23 tahun,Lajang,Perempuan,Malam,37,>35 th,Menunggak,Tidak,Tidak,Tidak,140.0,140.0,5,0,0.0,5,0,0.0,0.0,0.0,0.9928,Berisiko,Sangat Tinggi
JJI-02840,Graduate,0,Veterinary Nursing,Fase 1 - kuota umum,Lajang,Perempuan,Siang,18,≤20 th,Lunas,Tidak,Tidak,Ya,134.7,148.0,6,6,17.0,6,6,15.5,1.0,1.0,0.0692,Aman,Rendah
JJI-02841,Enrolled,0,Veterinary Nursing,Usia di atas 23 tahun,Lajang,Perempuan,Siang,25,24-27 th,Lunas,Tidak,Ya,Tidak,110.0,130.0,6,3,11.67,6,2,11.33,0.5,0.333,0.6174,Berisiko,Tinggi
JJI-02842,Graduate,0,Agronomy,Usia di atas 23 tahun,Menikah,Perempuan,Siang,46,>35 th,Lunas,Tidak,Tidak,Tidak,104.8,140.0,19,19,12.21,13,13,11.38,1.0,1.0,0.157,Aman,Rendah
JJI-02843,Graduate,0,Communication Design,Usia di atas 23 tahun,Menikah,Perempuan,Siang,30,28-35 th,Lunas,Tidak,Ya,Tidak,126.5,160.0,6,6,13.0,6,5,12.86,1.0,0.833,0.153,Aman,Rendah
JJI-02844,Dropout,1,Management (kelas malam),Fase 1 - kuota umum,Bercerai,Perempuan,Malam,37,>35 th,Menunggak,Ya,Tidak,Tidak,118.1,130.0,5,0,0.0,5,0,0.0,0.0,0.0,0.9936,Berisiko,Sangat Tinggi
JJI-02845,Enrolled,0,Management (kelas malam),Usia di atas 23 tahun,Menikah,Perempuan,Malam,50,>35 th,Lunas,Tidak,Tidak,Tidak,119.9,120.0,5,2,10.5,5,3,11.0,0.4,0.6,0.7499,Berisiko,Tinggi
JJI-02846,Graduate,0,Agronomy,Pemegang diploma spesialisasi teknologi,Lajang,Perempuan,Siang,20,≤20 th,Lunas,Tidak,Tidak,Ya,160.0,160.0,6,6,13.57,6,6,12.71,1.0,1.0,0.1032,Aman,Rendah
JJI-02847,Dropout,1,Oral Hygiene,Usia di atas 23 tahun,Menikah,Perempuan,Siang,39,>35 th,Lunas,Tidak,Tidak,Tidak,100.5,133.1,3,1,14.0,2,0,0.0,0.333,0.0,0.8678,Berisiko,Sangat Tinggi
JJI-02848,Dropout,1,Journalism & Communication,Usia di atas 23 tahun,Menikah,Perempuan,Siang,53,>35 th,Menunggak,Tidak,Tidak,Tidak,110.0,133.1,5,0,0.0,4,0,0.0,0.0,0.0,0.9941,Berisiko,Sangat Tinggi
JJI-02849,Dropout,1,Management,Transfer,Menikah,Perempuan,Siang,54,>35 th,Lunas,Tidak,Tidak,Ya,100.0,100.0,15,13,12.46,13,10,11.1,0.867,0.769,0.6345,Berisiko,Tinggi
JJI-02850,Graduate,0,Veterinary Nursing,Pemegang diploma spesialisasi teknologi,Lajang,Perempuan,Siang,19,≤20 th,Lunas,Tidak,Tidak,Ya,140.0,140.0,6,4,14.4,6,5,13.0,0.667,0.833,0.2259,Aman,Rendah
JJI-02851,Dropout,1,Journalism & Communication,Fase 3 - kuota umum,Lajang,Perempuan,Siang,20,≤20 th,Menunggak,Tidak,Tidak,Ya,109.0,109.0,6,0,0.0,6,0,0.0,0.0,0.0,0.994,Berisiko,Sangat Tinggi
JJI-02852,Graduate,0,Journalism & Communication,Fase 1 - kuota umum,Lajang,Perempuan,Siang,18,≤20 th,Lunas,Ya,Tidak,Ya,120.9,130.0,6,6,14.33,6,6,14.17,1.0,1.0,0.1876,Aman,Rendah
JJI-02853,Graduate,0,Agronomy,Pemegang diploma short cycle,Lajang,Perempuan,Siang,21,21-23 th,Lunas,Ya,Tidak,Tidak,125.8,130.0,13,11,11.91,11,11,10.73,0.846,1.0,0.1542,Aman,Rendah
JJI-02854,Graduate,0,Communication Design,Fase 3 - kuota umum,Lajang,Perempuan,Siang,18,≤20 th,Lunas,Tidak,Tidak,Ya,161.2,164.0,6,6,13.71,6,6,14.38,1.0,1.0,0.1114,Aman,Rendah
JJI-02855,Dropout,1,Nursing,Fase 1 - kuota umum,Lajang,Perempuan,Siang,19,≤20 th,Lunas,Ya,Tidak,Ya,122.0,125.0,7,0,0.0,8,0,0.0,0.0,0.0,0.98,Berisiko,Sangat Tinggi
JJI-02856,Dropout,1,Nursing,Fase 2 - kuota umum,Lajang,Perempuan,Siang,18,≤20 th,Lunas,Tidak,Ya,Ya,127.9,137.0,7,5,13.46,7,7,12.24,0.714,1.0,0.0981,Aman,Rendah
JJI-02857,Graduate,0,Journalism & Communication,Fase 1 - kuota umum,Lajang,Perempuan,Siang,19,≤20 th,Lunas,Tidak,Tidak,Ya,135.8,133.0,6,6,15.0,6,6,13.33,1.0,1.0,0.1118,Aman,Rendah
JJI-02858,Dropout,1,Animation & Multimedia Design,Fase 1 - kuota umum,Lajang,Perempuan,Siang,18,≤20 th,Lunas,Tidak,Ya,Ya,149.7,163.0,0,0,0.0,0,0,0.0,,,0.37,Aman,Sedang
JJI-02859,Graduate,0,Advertising & Marketing Management,Fase 1 - kuota umum,Lajang,Perempuan,Siang,19,≤20 th,Lunas,Tidak,Tidak,Ya,137.3,160.0,6,5,13.4,6,5,12.8,0.833,0.833,0.258,Aman,Sedang
JJI-02860,Enrolled,0,Social Service (kelas malam),Pindah program studi,Bercerai,Perempuan,Malam,48,>35 th,Lunas,Tidak,Tidak,Ya,106.0,133.1,6,5,13.0,6,4,12.5,0.833,0.667,0.4201,Berisiko,Tinggi
JJI-02861,Graduate,0,Social Service,Pindah program studi,Bercerai,Perempuan,Siang,34,28-35 th,Lunas,Ya,Tidak,Tidak,110.0,120.0,6,4,11.25,6,4,13.75,0.667,0.667,0.4784,Berisiko,Tinggi
JJI-02862,Graduate,0,Veterinary Nursing,Fase 1 - kuota umum,Lajang,Perempuan,Siang,18,≤20 th,Lunas,Tidak,Tidak,Tidak,146.4,140.0,5,5,12.6,5,5,11.6,1.0,1.0,0.0919,Aman,Rendah
JJI-02863,Graduate,0,Social Service (kelas malam),Usia di atas 23 tahun,Menikah,Perempuan,Malam,50,>35 th,Lunas,Tidak,Tidak,Tidak,121.0,140.0,6,6,12.67,6,6,11.83,1.0,1.0,0.2762,Aman,Sedang
JJI-02864,Graduate,0,Basic Education,Pindah program studi,Lajang,Perempuan,Siang,41,>35 th,Lunas,Ya,Tidak,Tidak,125.2,140.0,21,21,12.33,19,19,12.11,1.0,1.0,0.1902,Aman,Rendah
JJI-02865,Dropout,1,Journalism & Communication,Fase 2 - kuota umum,Lajang,Perempuan,Siang,22,21-23 th,Lunas,Tidak,Ya,Ya,119.6,115.0,6,5,12.0,6,5,11.0,0.833,0.833,0.2681,Aman,Sedang
JJI-02866,Graduate,0,Management,Usia di atas 23 tahun,Bercerai,Perempuan,Siang,43,>35 th,Lunas,Tidak,Tidak,Tidak,142.8,140.0,5,5,16.4,5,5,16.6,1.0,1.0,0.1607,Aman,Rendah
JJI-02867,Dropout,1,Social Service (kelas malam),Usia di atas 23 tahun,Menikah,Perempuan,Malam,50,>35 th,Lunas,Tidak,Tidak,Tidak,123.5,133.1,1,0,0.0,6,0,0.0,0.0,0.0,0.9555,Berisiko,Sangat Tinggi
JJI-02868,Graduate,0,Agronomy,Usia di atas 23 tahun,Lajang,Perempuan,Siang,60,>35 th,Lunas,Tidak,Tidak,Tidak,100.0,133.1,6,6,12.75,6,4,14.75,1.0,0.667,0.5818,Berisiko,Tinggi
JJI-02869,Enrolled,0,Management,Usia di atas 23 tahun,Menikah,Perempuan,Siang,41,>35 th,Lunas,Tidak,Tidak,Tidak,140.0,110.0,5,4,14.5,5,5,13.0,0.8,1.0,0.2933,Aman,Sedang
JJI-02870,Graduate,0,Management (kelas malam),Usia di atas 23 tahun,Menikah,Perempuan,Malam,47,>35 th,Lunas,Tidak,Tidak,Tidak,150.3,133.1,5,5,14.8,5,5,14.4,1.0,1.0,0.3032,Aman,Sedang
JJI-02871,Graduate,0,Animation & Multimedia Design,Fase 1 - kuota umum,Lajang,Perempuan,Siang,22,21-23 th,Lunas,Tidak,Tidak,Tidak,128.2,116.0,17,17,10.37,17,17,11.5,1.0,1.0,0.0403,Aman,Rendah
JJI-02872,Dropout,1,Nursing,Usia di atas 23 tahun,Menikah,Perempuan,Siang,41,>35 th,Lunas,Tidak,Tidak,Tidak,114.3,110.0,7,0,0.0,8,0,0.0,0.0,0.0,0.9884,Berisiko,Sangat Tinggi
JJI-02873,Enrolled,0,Management (kelas malam),Pindah program studi,Menikah,Perempuan,Malam,28,28-35 th,Lunas,Tidak,Tidak,Tidak,117.3,140.0,10,6,10.67,10,9,11.33,0.6,0.9,0.2798,Aman,Sedang
JJI-02874,Graduate,0,Tourism,Transfer,Kumpul kebo,Perempuan,Siang,32,28-35 th,Lunas,Tidak,Tidak,Tidak,120.0,120.0,15,13,12.69,15,13,12.38,0.867,0.867,0.2567,Aman,Sedang
JJI-02875,Dropout,1,Management (kelas malam),Usia di atas 23 tahun,Menikah,Perempuan,Malam,50,>35 th,Lunas,Tidak,Tidak,Ya,110.7,133.1,5,0,0.0,5,0,0.0,0.0,0.0,0.9835,Berisiko,Sangat Tinggi
JJI-02876,Enrolled,0,Management,Pindah institusi/prodi,Lajang,Perempuan,Siang,53,>35 th,Lunas,Tidak,Tidak,Tidak,118.0,160.0,15,15,11.8,13,12,11.67,1.0,0.923,0.2673,Aman,Sedang
JJI-02877,Dropout,1,Oral Hygiene,Usia di atas 23 tahun,Lajang,Perempuan,Siang,54,>35 th,Menunggak,Ya,Tidak,Tidak,169.2,133.1,7,0,0.0,5,0,0.0,0.0,0.0,0.998,Berisiko,Sangat Tinggi
JJI-02878,Enrolled,0,Social Service (kelas malam),Usia di atas 23 tahun,Lajang,Perempuan,Malam,49,>35 th,Lunas,Tidak,Tidak,Tidak,106.8,120.0,6,5,12.33,6,4,11.5,0.833,0.667,0.5458,Berisiko,Tinggi
JJI-02879,Dropout,1,Basic Education,Transfer,Menikah,Perempuan,Siang,34,28-35 th,Lunas,Tidak,Tidak,Tidak,100.0,133.1,12,11,13.0,13,8,11.88,0.917,0.615,0.7372,Berisiko,Tinggi
JJI-02880,Dropout,1,Social Service (kelas malam),Usia di atas 23 tahun,Bercerai,Perempuan,Malam,45,>35 th,Lunas,Tidak,Tidak,Tidak,144.5,133.1,6,4,12.5,6,3,11.67,0.667,0.5,0.5673,Berisiko,Tinggi
JJI-02881,Graduate,0,Social Service (kelas malam),Usia di atas 23 tahun,Bercerai,Perempuan,Malam,47,>35 th,Lunas,Tidak,Ya,Tidak,134.5,133.1,6,5,12.2,6,4,11.25,0.833,0.667,0.3602,Aman,Sedang
JJI-02882,Enrolled,0,Social Service,Pindah program studi,Lajang,Perempuan,Siang,22,21-23 th,Lunas,Tidak,Tidak,Ya,114.3,122.0,10,8,11.0,7,5,11.2,0.8,0.714,0.3368,Aman,Sedang
JJI-02883,Dropout,1,Management (kelas malam),Usia di atas 23 tahun,Menikah,Perempuan,Malam,33,28-35 th,Lunas,Tidak,Tidak,Tidak,113.4,133.1,5,1,10.0,5,2,12.0,0.2,0.4,0.74,Berisiko,Tinggi
JJI-02884,Graduate,0,Social Service (kelas malam),Usia di atas 23 tahun,Menikah,Perempuan,Malam,43,>35 th,Lunas,Tidak,Ya,Tidak,128.0,140.0,6,6,12.33,6,6,11.5,1.0,1.0,0.1583,Aman,Rendah
JJI-02885,Graduate,0,Agronomy,Pemegang gelar pendidikan tinggi lain,Lajang,Perempuan,Siang,54,>35 th,Lunas,Tidak,Tidak,Tidak,120.0,120.0,13,13,14.31,12,12,15.23,1.0,1.0,0.1822,Aman,Rendah
JJI-02886,Graduate,0,Social Service (kelas malam),Usia di atas 23 tahun,Lajang,Perempuan,Malam,39,>35 th,Lunas,Tidak,Tidak,Tidak,147.5,130.0,11,11,14.45,8,8,13.5,1.0,1.0,0.1611,Aman,Rendah
JJI-02887,Graduate,0,Management (kelas malam),Usia di atas 23 tahun,Menikah,Perempuan,Malam,39,>35 th,Lunas,Tidak,Tidak,Tidak,120.7,120.0,5,5,11.0,5,5,13.2,1.0,1.0,0.273,Aman,Sedang
JJI-02888,Graduate,0,Basic Education,Fase 1 - kuota umum,Lajang,Perempuan,Siang,18,≤20 th,Lunas,Tidak,Ya,Tidak,153.7,153.0,6,6,13.14,6,6,12.83,1.0,1.0,0.0875,Aman,Rendah
JJI-02889,Graduate,0,Social Service,Fase 2 - kuota umum,Lajang,Perempuan,Siang,19,≤20 th,Lunas,Tidak,Ya,Tidak,121.9,131.0,6,6,13.75,6,6,11.86,1.0,1.0,0.0663,Aman,Rendah
JJI-02890,Graduate,0,Advertising & Marketing Management,Fase 2 - kuota umum,Lajang,Perempuan,Siang,18,≤20 th,Lunas,Tidak,Ya,Ya,119.4,126.0,6,6,14.0,6,5,13.8,1.0,0.833,0.1673,Aman,Rendah
JJI-02891,Graduate,0,Social Service (kelas malam),Usia di atas 23 tahun,Menikah,Perempuan,Malam,44,>35 th,Lunas,Tidak,Tidak,Tidak,157.8,110.0,8,8,13.75,6,6,12.5,1.0,1.0,0.1883,Aman,Rendah
JJI-02892,Dropout,1,Management (kelas malam),Usia di atas 23 tahun,Lajang,Perempuan,Malam,27,24-27 th,Lunas,Tidak,Tidak,Tidak,154.0,150.0,5,0,0.0,5,0,0.0,0.0,0.0,0.9581,Berisiko,Sangat Tinggi
JJI-02893,Graduate,0,Advertising & Marketing Management,Fase 1 - kuota umum,Lajang,Perempuan,Siang,18,≤20 th,Lunas,Tidak,Ya,Ya,135.9,131.0,6,6,13.17,6,6,12.43,1.0,1.0,0.0846,Aman,Rendah
JJI-02894,Dropout,1,Social Service (kelas malam),Pindah program studi,Menikah,Perempuan,Malam,45,>35 th,Lunas,Tidak,Tidak,Tidak,130.0,130.0,12,9,12.44,7,6,12.0,0.75,0.857,0.3716,Aman,Sedang
JJI-02895,Graduate,0,Basic Education,Fase 2 - kuota umum,Lajang,Perempuan,Siang,20,≤20 th,Lunas,Tidak,Tidak,Ya,118.9,122.0,6,6,12.67,6,5,13.0,1.0,0.833,0.3536,Aman,Sedang
JJI-02896,Graduate,0,Social Service (kelas malam),Fase 1 - kuota umum,Menikah,Perempuan,Malam,40,>35 th,Lunas,Tidak,Tidak,Tidak,152.4,151.0,6,6,11.33,6,6,10.5,1.0,1.0,0.1656,Aman,Rendah
JJI-02897,Enrolled,0,Management (kelas malam),Usia di atas 23 tahun,Lajang,Perempuan,Malam,40,>35 th,Lunas,Tidak,Tidak,Tidak,147.8,120.0,5,4,11.25,5,5,12.0,0.8,1.0,0.3562,Aman,Sedang
JJI-02898,Graduate,0,Nursing,Pindah program studi,Lajang,Perempuan,Siang,18,≤20 th,Lunas,Tidak,Tidak,Tidak,100.0,136.0,7,7,13.61,8,8,14.58,1.0,1.0,0.0693,Aman,Rendah
JJI-02899,Graduate,0,Nursing,Fase 3 - kuota umum,Lajang,Perempuan,Siang,21,21-23 th,Lunas,Tidak,Tidak,Ya,129.0,140.0,8,7,12.41,8,7,12.41,0.875,0.875,0.1995,Aman,Rendah
JJI-02900,Graduate,0,Animation & Multimedia Design,Fase 2 - kuota umum,Lajang,Perempuan,Siang,20,≤20 th,Lunas,Tidak,Tidak,Ya,148.9,131.0,0,0,0.0,0,0,0.0,,,0.5442,Berisiko,Tinggi
JJI-02901,Enrolled,0,Management (kelas malam),Pindah program studi,Menikah,Perempuan,Malam,36,>35 th,Lunas,Tidak,Tidak,Tidak,120.0,120.0,12,11,11.5,12,12,11.44,0.917,1.0,0.1661,Aman,Rendah
JJI-02902,Dropout,1,Social Service (kelas malam),Pemegang gelar pendidikan tinggi lain,Menikah,Perempuan,Malam,27,24-27 th,Lunas,Tidak,Tidak,Tidak,170.0,170.0,5,0,0.0,6,0,0.0,0.0,0.0,0.9469,Berisiko,Sangat Tinggi
JJI-02903,Graduate,0,Oral Hygiene,Usia di atas 23 tahun,Menikah,Perempuan,Siang,32,28-35 th,Lunas,Tidak,Tidak,Tidak,130.0,100.0,7,7,11.0,8,8,13.12,1.0,1.0,0.1504,Aman,Rendah
JJI-02904,Graduate,0,Social Service,Fase 2 - kuota umum,Lajang,Perempuan,Siang,18,≤20 th,Lunas,Tidak,Ya,Ya,119.2,116.0,6,6,14.0,6,6,13.5,1.0,1.0,0.0564,Aman,Rendah
JJI-02905,Dropout,1,Social Service (kelas malam),Usia di atas 23 tahun,Lajang,Perempuan,Malam,37,>35 th,Lunas,Tidak,Tidak,Tidak,129.0,133.1,6,4,12.0,6,3,12.0,0.667,0.5,0.584,Berisiko,Tinggi
JJI-02906,Graduate,0,Journalism & Communication,Fase 2 - kuota umum,Lajang,Perempuan,Siang,19,≤20 th,Lunas,Tidak,Tidak,Ya,132.5,136.0,6,6,12.5,6,6,12.5,1.0,1.0,0.1851,Aman,Rendah
JJI-02907,Graduate,0,Social Service (kelas malam),Usia di atas 23 tahun,Bercerai,Perempuan,Malam,41,>35 th,Lunas,Tidak,Ya,Tidak,115.0,160.0,6,6,11.33,6,6,11.33,1.0,1.0,0.1682,Aman,Rendah
JJI-02908,Graduate,0,Nursing,Fase 1 - kuota umum,Menikah,Perempuan,Siang,18,≤20 th,Lunas,Tidak,Ya,Tidak,128.0,140.0,7,6,14.07,7,6,14.07,0.857,0.857,0.0665,Aman,Rendah
JJI-02909,Graduate,0,Veterinary Nursing,Pindah program studi,Lajang,Perempuan,Siang,21,21-23 th,Lunas,Tidak,Tidak,Tidak,125.1,130.0,9,8,13.56,7,7,13.57,0.889,1.0,0.106,Aman,Rendah
JJI-02910,Dropout,1,Agronomy,Pemegang diploma spesialisasi teknologi,Lajang,Perempuan,Siang,23,21-23 th,Menunggak,Ya,Tidak,Ya,140.0,140.0,6,5,11.6,6,4,12.25,0.833,0.667,0.7116,Berisiko,Tinggi
JJI-02911,Dropout,1,Journalism & Communication,Fase 2 - kuota umum,Lajang,Perempuan,Siang,18,≤20 th,Lunas,Tidak,Tidak,Ya,120.9,123.0,6,0,0.0,6,0,0.0,0.0,0.0,0.9665,Berisiko,Sangat Tinggi
JJI-02912,Graduate,0,Nursing,Fase 1 - kuota umum,Lajang,Perempuan,Siang,18,≤20 th,Lunas,Tidak,Tidak,Ya,135.3,143.0,8,8,13.28,8,8,13.28,1.0,1.0,0.0746,Aman,Rendah
JJI-02913,Dropout,1,Veterinary Nursing,Pindah program studi,Lajang,Perempuan,Siang,21,21-23 th,Lunas,Tidak,Tidak,Tidak,125.2,133.1,6,0,0.0,6,0,0.0,0.0,0.0,0.9457,Berisiko,Sangat Tinggi
JJI-02914,Graduate,0,Social Service,Fase 1 - kuota umum,Lajang,Perempuan,Siang,19,≤20 th,Lunas,Tidak,Tidak,Ya,135.7,136.0,6,6,14.38,6,6,14.75,1.0,1.0,0.0662,Aman,Rendah
JJI-02915,Dropout,1,Management,Usia di atas 23 tahun,Pisah secara hukum,Perempuan,Siang,47,>35 th,Lunas,Tidak,Tidak,Tidak,110.0,133.1,5,0,0.0,5,0,0.0,0.0,0.0,0.9668,Berisiko,Sangat Tinggi
JJI-02916,Enrolled,0,Social Service (kelas malam),Usia di atas 23 tahun,Pisah secara hukum,Perempuan,Malam,48,>35 th,Lunas,Tidak,Ya,Tidak,119.0,133.1,6,6,10.67,6,5,11.8,1.0,0.833,0.2587,Aman,Sedang
JJI-02917,Graduate,0,Social Service (kelas malam),Pemegang gelar pendidikan tinggi lain,Menikah,Perempuan,Malam,39,>35 th,Lunas,Tidak,Tidak,Tidak,110.0,110.0,13,12,13.42,10,10,14.5,0.923,1.0,0.1511,Aman,Rendah
JJI-02918,Graduate,0,Nursing,Fase 1 - kuota umum,Lajang,Perempuan,Siang,19,≤20 th,Lunas,Tidak,Tidak,Ya,115.2,118.0,7,6,12.97,8,7,12.32,0.857,0.875,0.1316,Aman,Rendah
JJI-02919,Dropout,1,Management (kelas malam),Pindah program studi,Lajang,Perempuan,Malam,38,>35 th,Lunas,Tidak,Tidak,Tidak,112.9,110.0,15,14,10.93,14,12,11.83,0.933,0.857,0.2544,Aman,Sedang
JJI-02920,Dropout,1,Agronomy,Usia di atas 23 tahun,Kumpul kebo,Perempuan,Siang,27,24-27 th,Menunggak,Ya,Tidak,Tidak,119.4,133.1,6,0,0.0,6,0,0.0,0.0,0.0,0.9952,Berisiko,Sangat Tinggi
JJI-02921,Graduate,0,Animation & Multimedia Design,Fase 1 - kuota umum,Lajang,Perempuan,Siang,18,≤20 th,Lunas,Tidak,Ya,Ya,152.9,162.0,0,0,0.0,0,0,0.0,,,0.3709,Aman,Sedang
JJI-02922,Enrolled,0,Social Service (kelas malam),Usia di atas 23 tahun,Lajang,Perempuan,Malam,34,28-35 th,Lunas,Tidak,Tidak,Tidak,117.5,155.0,6,4,13.25,6,0,0.0,0.667,0.0,0.9475,Berisiko,Sangat Tinggi
JJI-02923,Dropout,1,Social Service,Usia di atas 23 tahun,Menikah,Perempuan,Siang,48,>35 th,Lunas,Tidak,Tidak,Tidak,98.5,133.1,6,6,11.33,6,5,12.4,1.0,0.833,0.3484,Aman,Sedang
JJI-02924,Dropout,1,Advertising & Marketing Management,Usia di atas 23 tahun,Lajang,Perempuan,Siang,25,24-27 th,Lunas,Tidak,Tidak,Tidak,108.0,150.0,5,1,11.0,5,0,0.0,0.2,0.0,0.946,Berisiko,Sangat Tinggi
JJI-02925,Graduate,0,Nursing,Usia di atas 23 tahun,Menikah,Perempuan,Siang,32,28-35 th,Lunas,Tidak,Ya,Tidak,120.0,133.1,8,7,12.76,8,7,12.76,0.875,0.875,0.1328,Aman,Rendah
JJI-02926,Graduate,0,Journalism & Communication,Fase 1 - kuota umum,Lajang,Perempuan,Siang,18,≤20 th,Lunas,Tidak,Ya,Tidak,150.2,154.0,6,6,14.5,6,6,14.67,1.0,1.0,0.0672,Aman,Rendah
JJI-02927,Graduate,0,Social Service (kelas malam),Pemegang diploma spesialisasi teknologi,Lajang,Perempuan,Malam,20,≤20 th,Lunas,Ya,Tidak,Tidak,139.2,140.0,6,6,13.83,6,6,14.57,1.0,1.0,0.1177,Aman,Rendah
JJI-02928,Graduate,0,Management,Fase 1 - kuota umum,Lajang,Perempuan,Siang,20,≤20 th,Lunas,Tidak,Tidak,Ya,130.0,158.0,5,4,11.25,5,5,10.4,0.8,1.0,0.1446,Aman,Rendah
JJI-02929,Dropout,1,Animation & Multimedia Design,Fase 1 - kuota umum,Lajang,Perempuan,Siang,20,≤20 th,Lunas,Tidak,Tidak,Ya,115.7,122.0,0,0,0.0,0,0,0.0,,,0.4547,Berisiko,Tinggi
JJI-02930,Enrolled,0,Nursing,Fase 1 - kuota umum,Lajang,Perempuan,Siang,19,≤20 th,Lunas,Tidak,Tidak,Ya,127.0,136.0,8,1,13.67,8,1,13.67,0.125,0.125,0.8646,Berisiko,Sangat Tinggi
JJI-02931,Dropout,1,Management (kelas malam),Usia di atas 23 tahun,Lajang,Perempuan,Malam,39,>35 th,Lunas,Tidak,Tidak,Ya,118.1,133.1,5,0,0.0,5,2,12.5,0.0,0.4,0.8347,Berisiko,Sangat Tinggi
JJI-02932,Dropout,1,Equinculture,Fase 1 - kuota umum,Lajang,Perempuan,Siang,29,28-35 th,Lunas,Ya,Tidak,Ya,119.1,132.0,5,1,13.0,5,0,0.0,0.2,0.0,0.9759,Berisiko,Sangat Tinggi
JJI-02933,Dropout,1,Management (kelas malam),Usia di atas 23 tahun,Lajang,Perempuan,Malam,36,>35 th,Lunas,Ya,Tidak,Tidak,111.9,130.0,5,0,0.0,5,0,0.0,0.0,0.0,0.9855,Berisiko,Sangat Tinggi
JJI-02934,Graduate,0,Nursing,Fase 1 - kuota umum,Lajang,Perempuan,Siang,18,≤20 th,Lunas,Tidak,Tidak,Ya,130.5,144.0,8,7,11.97,8,7,11.97,0.875,0.875,0.1586,Aman,Rendah
JJI-02935,Dropout,1,Social Service (kelas malam),Usia di atas 23 tahun,Menikah,Perempuan,Malam,51,>35 th,Lunas,Tidak,Tidak,Tidak,135.0,133.1,6,0,0.0,6,0,0.0,0.0,0.0,0.9843,Berisiko,Sangat Tinggi
JJI-02936,Dropout,1,Journalism & Communication,Pindah program studi,Lajang,Perempuan,Siang,23,21-23 th,Lunas,Ya,Tidak,Tidak,130.0,133.1,6,1,16.0,6,4,12.25,0.167,0.667,0.6978,Berisiko,Tinggi
JJI-02937,Dropout,1,Veterinary Nursing,Pemegang diploma spesialisasi teknologi,Lajang,Perempuan,Siang,21,21-23 th,Lunas,Tidak,Tidak,Ya,150.0,150.0,6,0,0.0,6,0,0.0,0.0,0.0,0.9465,Berisiko,Sangat Tinggi
JJI-02938,Dropout,1,Basic Education,Pindah program studi,Lajang,Perempuan,Siang,28,28-35 th,Menunggak,Tidak,Tidak,Ya,150.2,150.0,6,4,12.75,5,0,0.0,0.667,0.0,0.9897,Berisiko,Sangat Tinggi
JJI-02939,Enrolled,0,Management (kelas malam),Usia di atas 23 tahun,Menikah,Perempuan,Malam,34,28-35 th,Lunas,Tidak,Tidak,Tidak,127.1,110.0,5,4,11.0,5,4,10.75,0.8,0.8,0.385,Aman,Sedang
JJI-02940,Dropout,1,Social Service (kelas malam),Usia di atas 23 tahun,Lajang,Perempuan,Malam,41,>35 th,Lunas,Tidak,Tidak,Tidak,107.5,100.0,2,0,0.0,6,0,0.0,0.0,0.0,0.9445,Berisiko,Sangat Tinggi
JJI-02941,Graduate,0,Social Service (kelas malam),Usia di atas 23 tahun,Bercerai,Perempuan,Malam,43,>35 th,Lunas,Tidak,Ya,Tidak,130.0,100.0,6,5,12.2,6,6,12.33,0.833,1.0,0.1539,Aman,Rendah
JJI-02942,Enrolled,0,Oral Hygiene,Usia di atas 23 tahun,Menikah,Perempuan,Siang,28,28-35 th,Lunas,Tidak,Tidak,Ya,152.8,133.1,7,7,12.43,8,8,12.3,1.0,1.0,0.1341,Aman,Rendah
JJI-02943,Graduate,0,Animation & Multimedia Design,Fase 1 - kuota umum,Lajang,Perempuan,Siang,19,≤20 th,Lunas,Tidak,Ya,Tidak,160.1,145.0,12,12,14.5,11,11,13.58,1.0,1.0,0.0319,Aman,Rendah
JJI-02944,Graduate,0,Agronomy,Usia di atas 23 tahun,Lajang,Perempuan,Siang,26,24-27 th,Lunas,Tidak,Tidak,Tidak,140.0,130.0,12,6,13.0,12,11,13.83,0.5,0.917,0.2384,Aman,Rendah
JJI-02945,Graduate,0,Nursing,Fase 1 - kuota umum,Lajang,Perempuan,Siang,18,≤20 th,Lunas,Tidak,Tidak,Ya,110.7,118.0,7,7,11.71,8,8,12.75,1.0,1.0,0.0766,Aman,Rendah
JJI-02946,Dropout,1,Basic Education,Usia di atas 23 tahun,Menikah,Perempuan,Siang,45,>35 th,Lunas,Tidak,Tidak,Tidak,138.3,133.1,7,4,10.25,7,3,13.0,0.571,0.429,0.8338,Berisiko,Sangat Tinggi
JJI-02947,Dropout,1,Basic Education,Pemegang diploma spesialisasi teknologi,Lajang,Perempuan,Siang,19,≤20 th,Lunas,Tidak,Tidak,Tidak,150.0,150.0,6,0,0.0,6,0,0.0,0.0,0.0,0.9636,Berisiko,Sangat Tinggi
JJI-02948,Graduate,0,Advertising & Marketing Management,Fase 2 - kuota umum,Lajang,Perempuan,Siang,20,≤20 th,Lunas,Tidak,Tidak,Tidak,112.3,113.0,6,6,12.38,6,6,13.14,1.0,1.0,0.1865,Aman,Rendah
JJI-02949,Graduate,0,Basic Education,Fase 1 - kuota umum,Lajang,Perempuan,Siang,18,≤20 th,Lunas,Tidak,Tidak,Tidak,122.0,136.0,6,6,12.67,6,6,12.0,1.0,1.0,0.1699,Aman,Rendah
JJI-02950,Dropout,1,Veterinary Nursing,Usia di atas 23 tahun,Lajang,Perempuan,Siang,27,24-27 th,Lunas,Tidak,Tidak,Ya,141.7,140.0,6,3,10.5,6,1,12.0,0.5,0.167,0.7707,Berisiko,Sangat Tinggi
JJI-02951,Graduate,0,Agronomy,Fase 1 - kuota umum,Menikah,Perempuan,Siang,20,≤20 th,Lunas,Tidak,Tidak,Tidak,118.4,131.0,6,6,14.12,6,5,12.6,1.0,0.833,0.1264,Aman,Rendah
JJI-02952,Graduate,0,Veterinary Nursing,Fase 1 - kuota umum,Lajang,Perempuan,Siang,18,≤20 th,Lunas,Tidak,Tidak,Ya,128.7,138.0,6,6,14.67,6,6,13.83,1.0,1.0,0.0825,Aman,Rendah
JJI-02953,Enrolled,0,Advertising & Marketing Management,Usia di atas 23 tahun,Menikah,Perempuan,Siang,35,28-35 th,Lunas,Tidak,Tidak,Tidak,100.0,100.0,5,5,11.4,5,3,12.33,1.0,0.6,0.4694,Berisiko,Tinggi
JJI-02954,Dropout,1,Animation & Multimedia Design,Usia di atas 23 tahun,Lajang,Perempuan,Siang,26,24-27 th,Lunas,Tidak,Tidak,Tidak,100.8,140.0,0,0,0.0,0,0,0.0,,,0.5778,Berisiko,Tinggi
JJI-02955,Graduate,0,Social Service,Usia di atas 23 tahun,Bercerai,Perempuan,Siang,39,>35 th,Lunas,Tidak,Ya,Ya,125.5,120.0,6,6,14.0,6,5,14.8,1.0,0.833,0.1323,Aman,Rendah
JJI-02956,Graduate,0,Animation & Multimedia Design,Fase 1 - kuota umum,Lajang,Perempuan,Siang,18,≤20 th,Lunas,Tidak,Tidak,Ya,124.0,139.0,0,0,0.0,0,0,0.0,,,0.5101,Berisiko,Tinggi
JJI-02957,Dropout,1,Nursing,Pemegang gelar pendidikan tinggi lain,Lajang,Perempuan,Siang,36,>35 th,Lunas,Tidak,Tidak,Tidak,130.0,130.0,7,0,0.0,7,0,0.0,0.0,0.0,0.9859,Berisiko,Sangat Tinggi
JJI-02958,Graduate,0,Social Service (kelas malam),Usia di atas 23 tahun,Menikah,Perempuan,Malam,38,>35 th,Lunas,Tidak,Tidak,Tidak,160.5,110.0,11,11,12.64,8,8,11.0,1.0,1.0,0.1332,Aman,Rendah
JJI-02959,Dropout,1,Basic Education,Usia di atas 23 tahun,Menikah,Perempuan,Siang,45,>35 th,Lunas,Tidak,Tidak,Tidak,100.0,133.1,6,3,12.33,6,2,11.0,0.5,0.333,0.8846,Berisiko,Sangat Tinggi
JJI-02960,Graduate,0,Tourism,Usia di atas 23 tahun,Kumpul kebo,Perempuan,Siang,62,>35 th,Lunas,Tidak,Tidak,Tidak,103.0,133.1,6,6,15.0,6,6,12.83,1.0,1.0,0.4141,Aman,Sedang
JJI-02961,Graduate,0,Advertising & Marketing Management,Fase 1 - kuota umum,Lajang,Perempuan,Siang,20,≤20 th,Lunas,Tidak,Ya,Ya,103.0,133.1,6,4,11.75,6,6,12.67,0.667,1.0,0.1391,Aman,Rendah
JJI-02962,Graduate,0,Nursing,Fase 1 - kuota umum,Lajang,Perempuan,Siang,18,≤20 th,Lunas,Tidak,Tidak,Ya,131.5,139.0,8,7,14.14,8,7,14.14,0.875,0.875,0.1011,Aman,Rendah
JJI-02963,Dropout,1,Communication Design,Fase 3 - kuota umum,Lajang,Perempuan,Siang,18,≤20 th,Lunas,Tidak,Tidak,Tidak,121.4,134.0,6,2,12.0,6,1,11.0,0.333,0.167,0.7575,Berisiko,Sangat Tinggi
JJI-02964,Graduate,0,Management (kelas malam),Fase 1 - kuota umum,Menikah,Perempuan,Malam,23,21-23 th,Lunas,Tidak,Tidak,Tidak,137.3,160.0,5,5,10.8,5,4,11.5,1.0,0.8,0.2206,Aman,Rendah
JJI-02965,Dropout,1,Communication Design,Fase 1 - kuota umum,Lajang,Perempuan,Siang,19,≤20 th,Lunas,Ya,Ya,Ya,138.4,124.0,6,6,13.29,6,6,12.5,1.0,1.0,0.1087,Aman,Rendah
JJI-02966,Graduate,0,Management,Fase 2 - kuota umum,Lajang,Perempuan,Siang,19,≤20 th,Lunas,Ya,Ya,Ya,131.1,137.0,5,5,13.6,5,5,12.6,1.0,1.0,0.1634,Aman,Rendah
JJI-02967,Graduate,0,Nursing,Transfer,Lajang,Perempuan,Siang,18,≤20 th,Lunas,Tidak,Tidak,Tidak,100.0,157.0,7,7,13.55,8,8,14.19,1.0,1.0,0.0747,Aman,Rendah
JJI-02968,Enrolled,0,Nursing,Fase 2 - kuota umum,Lajang,Perempuan,Siang,18,≤20 th,Lunas,Tidak,Tidak,Ya,133.0,138.0,8,0,0.0,8,0,0.0,0.0,0.0,0.9865,Berisiko,Sangat Tinggi
JJI-02969,Graduate,0,Social Service (kelas malam),Usia di atas 23 tahun,Lajang,Perempuan,Malam,41,>35 th,Lunas,Tidak,Tidak,Tidak,100.0,100.0,6,4,13.5,6,6,11.17,0.667,1.0,0.3378,Aman,Sedang
JJI-02970,Graduate,0,Advertising & Marketing Management,Usia di atas 23 tahun,Lajang,Perempuan,Siang,51,>35 th,Lunas,Tidak,Ya,Tidak,159.0,130.0,6,5,11.6,6,5,14.2,0.833,0.833,0.3255,Aman,Sedang
JJI-02971,Graduate,0,Social Service,Pindah program studi,Lajang,Perempuan,Siang,24,24-27 th,Lunas,Tidak,Tidak,Ya,120.6,133.1,10,10,12.5,7,4,12.6,1.0,0.571,0.344,Aman,Sedang
JJI-02972,Dropout,1,Management (kelas malam),Usia di atas 23 tahun,Lajang,Perempuan,Malam,25,24-27 th,Lunas,Tidak,Tidak,Tidak,134.0,120.0,5,1,11.0,5,2,12.67,0.2,0.4,0.688,Berisiko,Tinggi
JJI-02973,Enrolled,0,Veterinary Nursing,Fase 1 - kuota khusus (Azores),Lajang,Perempuan,Siang,18,≤20 th,Lunas,Tidak,Tidak,Tidak,139.4,150.0,5,3,12.0,5,4,13.0,0.6,0.8,0.2264,Aman,Rendah
JJI-02974,Graduate,0,Management,Fase 1 - kuota khusus (Madeira),Lajang,Perempuan,Siang,20,≤20 th,Lunas,Tidak,Tidak,Ya,116.5,128.0,5,4,11.6,5,3,12.33,0.8,0.6,0.367,Aman,Sedang
JJI-02975,Dropout,1,Animation & Multimedia Design,Fase 1 - kuota umum,Lajang,Perempuan,Siang,19,≤20 th,Lunas,Tidak,Tidak,Ya,113.9,124.0,0,0,0.0,0,0,0.0,,,0.5031,Berisiko,Tinggi
JJI-02976,Graduate,0,Management (kelas malam),Pindah program studi,Kumpul kebo,Perempuan,Malam,41,>35 th,Lunas,Tidak,Tidak,Tidak,130.0,130.0,10,10,14.64,10,10,14.6,1.0,1.0,0.1518,Aman,Rendah
JJI-02977,Graduate,0,Tourism,Fase 1 - kuota umum,Lajang,Perempuan,Siang,19,≤20 th,Lunas,Tidak,Ya,Ya,129.9,132.0,6,6,13.0,6,6,12.17,1.0,1.0,0.0924,Aman,Rendah
JJI-02978,Dropout,1,Basic Education,Transfer,Lajang,Perempuan,Siang,28,28-35 th,Lunas,Tidak,Tidak,Tidak,133.7,133.1,18,14,12.79,17,16,13.88,0.778,0.941,0.2225,Aman,Rendah
JJI-02979,Graduate,0,Communication Design,Fase 1 - kuota umum,Lajang,Perempuan,Siang,21,21-23 th,Lunas,Tidak,Tidak,Ya,124.8,129.0,6,6,14.5,6,5,12.0,1.0,0.833,0.1802,Aman,Rendah
JJI-02980,Dropout,1,Veterinary Nursing,Fase 1 - kuota umum,Lajang,Perempuan,Siang,22,21-23 th,Menunggak,Tidak,Tidak,Ya,133.6,135.0,5,4,14.6,5,4,12.75,0.8,0.8,0.5344,Berisiko,Tinggi
JJI-02981,Graduate,0,Journalism & Communication,Fase 2 - kuota umum,Lajang,Perempuan,Siang,18,≤20 th,Menunggak,Tidak,Tidak,Ya,133.5,138.0,6,6,12.5,6,6,12.17,1.0,1.0,0.4988,Berisiko,Tinggi
JJI-02982,Graduate,0,Communication Design,Fase 1 - kuota umum,Lajang,Perempuan,Siang,19,≤20 th,Lunas,Tidak,Ya,Ya,128.0,135.0,6,6,14.0,6,6,13.12,1.0,1.0,0.0632,Aman,Rendah
JJI-02983,Graduate,0,Nursing,Fase 2 - kuota umum,Lajang,Perempuan,Siang,19,≤20 th,Lunas,Tidak,Ya,Ya,127.2,131.0,7,7,13.8,8,8,14.58,1.0,1.0,0.0727,Aman,Rendah
JJI-02984,Graduate,0,Basic Education,Pemegang gelar pendidikan tinggi lain,Lajang,Perempuan,Siang,25,24-27 th,Menunggak,Ya,Tidak,Tidak,150.0,150.0,6,6,14.43,6,6,13.67,1.0,1.0,0.7074,Berisiko,Tinggi
JJI-02985,Graduate,0,Nursing,Transfer,Lajang,Perempuan,Siang,18,≤20 th,Lunas,Tidak,Ya,Ya,127.8,133.0,7,6,14.35,7,6,14.35,0.857,0.857,0.1331,Aman,Rendah
JJI-02986,Graduate,0,Communication Design,Fase 2 - kuota umum,Lajang,Perempuan,Siang,19,≤20 th,Lunas,Tidak,Tidak,Ya,125.2,135.0,6,6,14.33,6,6,13.5,1.0,1.0,0.1132,Aman,Rendah
JJI-02987,Enrolled,0,Basic Education,Pindah program studi,Lajang,Perempuan,Siang,20,≤20 th,Lunas,Tidak,Tidak,Ya,110.0,118.0,6,4,12.25,6,4,11.5,0.667,0.667,0.5526,Berisiko,Tinggi
JJI-02988,Graduate,0,Social Service (kelas malam),Usia di atas 23 tahun,Menikah,Perempuan,Malam,46,>35 th,Lunas,Tidak,Tidak,Tidak,100.0,100.0,6,6,13.33,6,6,11.83,1.0,1.0,0.2196,Aman,Rendah
JJI-02989,Graduate,0,Animation & Multimedia Design,Fase 2 - kuota umum,Lajang,Perempuan,Siang,19,≤20 th,Menunggak,Tidak,Tidak,Ya,151.4,158.0,12,12,13.0,11,11,13.25,1.0,1.0,0.2975,Aman,Sedang
JJI-02990,Enrolled,0,Tourism,Fase 1 - kuota umum,Lajang,Perempuan,Siang,18,≤20 th,Lunas,Tidak,Tidak,Ya,125.1,137.0,6,4,11.75,6,5,11.2,0.667,0.833,0.2622,Aman,Sedang
JJI-02991,Graduate,0,Equinculture,Fase 1 - kuota umum,Lajang,Perempuan,Siang,18,≤20 th,Lunas,Tidak,Ya,Ya,163.3,172.0,6,6,14.5,6,4,13.0,1.0,0.667,0.2218,Aman,Rendah
JJI-02992,Graduate,0,Nursing,Fase 3 - kuota umum,Lajang,Perempuan,Siang,19,≤20 th,Lunas,Tidak,Ya,Ya,118.0,123.0,8,7,11.82,8,7,11.82,0.875,0.875,0.1222,Aman,Rendah
JJI-02993,Dropout,1,Journalism & Communication,Fase 1 - kuota umum,Lajang,Perempuan,Siang,20,≤20 th,Lunas,Tidak,Tidak,Ya,140.2,144.0,6,0,0.0,6,0,0.0,0.0,0.0,0.9699,Berisiko,Sangat Tinggi
JJI-02994,Graduate,0,Social Service (kelas malam),Usia di atas 23 tahun,Menikah,Perempuan,Malam,38,>35 th,Lunas,Tidak,Ya,Tidak,128.5,140.0,6,5,12.4,6,6,12.67,0.833,1.0,0.1468,Aman,Rendah
JJI-02995,Graduate,0,Journalism & Communication,Fase 2 - kuota umum,Lajang,Perempuan,Siang,18,≤20 th,Lunas,Tidak,Tidak,Ya,131.5,136.0,6,6,12.57,6,6,11.86,1.0,1.0,0.1814,Aman,Rendah
JJI-02996,Graduate,0,Nursing,Fase 2 - kuota umum,Lajang,Perempuan,Siang,18,≤20 th,Lunas,Tidak,Ya,Ya,132.6,137.0,7,7,13.86,8,8,14.9,1.0,1.0,0.0556,Aman,Rendah
JJI-02997,Graduate,0,Social Service,Fase 2 - kuota umum,Lajang,Perempuan,Siang,18,≤20 th,Lunas,Tidak,Tidak,Ya,122.1,128.0,6,5,11.83,6,5,13.8,0.833,0.833,0.164,Aman,Rendah
JJI-02998,Enrolled,0,Management,Fase 2 - kuota umum,Lajang,Perempuan,Siang,20,≤20 th,Lunas,Tidak,Tidak,Tidak,112.0,120.0,5,4,11.0,5,4,11.5,0.8,0.8,0.2465,Aman,Rendah
JJI-02999,Graduate,0,Equinculture,Fase 1 - kuota umum,Lajang,Perempuan,Siang,19,≤20 th,Lunas,Tidak,Tidak,Ya,133.0,130.0,6,6,14.67,6,6,13.67,1.0,1.0,0.1223,Aman,Rendah
JJI-03000,Dropout,1,Social Service (kelas malam),Usia di atas 23 tahun,Bercerai,Perempuan,Malam,37,>35 th,Menunggak,Tidak,Tidak,Tidak,127.0,138.0,4,0,0.0,5,0,0.0,0.0,0.0,0.9802,Berisiko,Sangat Tinggi
JJI-03001,Enrolled,0,Nursing,Usia di atas 23 tahun,Lajang,Perempuan,Siang,24,24-27 th,Lunas,Tidak,Tidak,Tidak,130.0,148.0,8,7,12.71,8,7,12.71,0.875,0.875,0.1652,Aman,Rendah
JJI-03002,Graduate,0,Nursing,Fase 1 - kuota umum,Lajang,Perempuan,Siang,19,≤20 th,Lunas,Tidak,Tidak,Ya,136.4,139.0,7,7,13.42,8,7,12.19,1.0,0.875,0.1199,Aman,Rendah
JJI-03003,Dropout,1,Journalism & Communication,Fase 1 - kuota umum,Lajang,Perempuan,Siang,19,≤20 th,Lunas,Tidak,Ya,Ya,129.0,136.0,6,6,14.0,6,5,12.2,1.0,0.833,0.1349,Aman,Rendah
JJI-03004,Dropout,1,Oral Hygiene,Fase 2 - kuota umum,Lajang,Perempuan,Siang,19,≤20 th,Lunas,Tidak,Ya,Ya,119.0,126.0,7,7,12.14,8,8,13.38,1.0,1.0,0.0676,Aman,Rendah
JJI-03005,Graduate,0,Management,Fase 2 - kuota umum,Lajang,Perempuan,Siang,18,≤20 th,Lunas,Ya,Ya,Ya,128.0,135.0,5,5,12.8,5,5,13.0,1.0,1.0,0.1338,Aman,Rendah
JJI-03006,Graduate,0,Nursing,Fase 1 - kuota umum,Lajang,Perempuan,Siang,18,≤20 th,Lunas,Tidak,Ya,Ya,117.1,122.0,7,7,14.57,8,8,14.96,1.0,1.0,0.041,Aman,Rendah
JJI-03007,Graduate,0,Management,Fase 1 - kuota umum,Lajang,Perempuan,Siang,18,≤20 th,Lunas,Tidak,Tidak,Tidak,136.3,137.0,5,4,11.25,5,4,11.0,0.8,0.8,0.2185,Aman,Rendah
JJI-03008,Enrolled,0,Management,Fase 2 - kuota umum,Lajang,Perempuan,Siang,19,≤20 th,Lunas,Tidak,Ya,Ya,124.6,127.0,5,2,10.0,5,4,11.75,0.4,0.8,0.3109,Aman,Sedang
JJI-03009,Dropout,1,Equinculture,Fase 1 - kuota umum,Lajang,Perempuan,Siang,18,≤20 th,Lunas,Tidak,Tidak,Ya,130.7,137.0,6,5,14.4,6,4,14.6,0.833,0.667,0.2702,Aman,Sedang
JJI-03010,Graduate,0,Nursing,Fase 1 - kuota umum,Lajang,Perempuan,Siang,20,≤20 th,Lunas,Tidak,Tidak,Ya,115.2,125.0,7,7,12.98,8,8,14.46,1.0,1.0,0.0717,Aman,Rendah
JJI-03011,Graduate,0,Veterinary Nursing,Fase 2 - kuota umum,Lajang,Perempuan,Siang,20,≤20 th,Lunas,Tidak,Tidak,Ya,130.2,141.0,6,6,15.75,6,6,13.0,1.0,1.0,0.1341,Aman,Rendah
JJI-03012,Dropout,1,Veterinary Nursing,Fase 1 - kuota umum,Lajang,Perempuan,Siang,18,≤20 th,Lunas,Tidak,Tidak,Tidak,128.5,132.0,6,5,12.29,6,3,14.0,0.833,0.5,0.2609,Aman,Sedang
JJI-03013,Graduate,0,Nursing,Fase 1 - kuota khusus (Madeira),Lajang,Perempuan,Siang,20,≤20 th,Lunas,Tidak,Tidak,Ya,95.0,133.1,7,6,13.76,8,7,13.57,0.857,0.875,0.1584,Aman,Rendah
JJI-03014,Graduate,0,Advertising & Marketing Management,Fase 2 - kuota umum,Lajang,Perempuan,Siang,18,≤20 th,Lunas,Tidak,Ya,Ya,119.4,132.0,6,6,13.83,6,6,13.5,1.0,1.0,0.0934,Aman,Rendah
JJI-03015,Dropout,1,Nursing,Fase 1 - kuota umum,Lajang,Perempuan,Siang,19,≤20 th,Lunas,Tidak,Tidak,Ya,123.5,142.0,7,0,0.0,8,0,0.0,0.0,0.0,0.9775,Berisiko,Sangat Tinggi
JJI-03016,Graduate,0,Nursing,Fase 1 - kuota umum,Lajang,Perempuan,Siang,18,≤20 th,Lunas,Tidak,Tidak,Ya,133.9,136.0,7,7,14.71,8,8,14.63,1.0,1.0,0.0658,Aman,Rendah
JJI-03017,Graduate,0,Veterinary Nursing,Pemegang diploma short cycle,Lajang,Perempuan,Siang,20,≤20 th,Lunas,Tidak,Tidak,Ya,145.2,150.0,11,11,14.62,9,9,13.7,1.0,1.0,0.0669,Aman,Rendah
JJI-03018,Graduate,0,Nursing,Fase 1 - kuota umum,Lajang,Perempuan,Siang,18,≤20 th,Lunas,Tidak,Tidak,Tidak,118.8,130.0,7,7,13.68,8,8,14.53,1.0,1.0,0.0514,Aman,Rendah
JJI-03019,Graduate,0,Veterinary Nursing,Fase 1 - kuota khusus (Madeira),Lajang,Perempuan,Siang,19,≤20 th,Lunas,Tidak,Ya,Ya,123.4,136.0,5,5,13.17,5,5,12.8,1.0,1.0,0.0957,Aman,Rendah
JJI-03020,Graduate,0,Social Service,Fase 2 - kuota umum,Lajang,Perempuan,Siang,19,≤20 th,Lunas,Tidak,Tidak,Ya,123.0,138.0,6,5,10.8,6,5,11.33,0.833,0.833,0.2588,Aman,Sedang
JJI-03021,Graduate,0,Equinculture,Fase 2 - kuota umum,Lajang,Perempuan,Siang,19,≤20 th,Lunas,Tidak,Tidak,Tidak,118.4,131.0,5,3,12.0,5,5,12.83,0.6,1.0,0.2647,Aman,Sedang
JJI-03022,Graduate,0,Nursing,Fase 1 - kuota umum,Lajang,Perempuan,Siang,18,≤20 th,Lunas,Tidak,Tidak,Tidak,131.6,147.0,7,6,13.96,8,8,14.72,0.857,1.0,0.0518,Aman,Rendah
JJI-03023,Dropout,1,Basic Education,Fase 2 - kuota umum,Lajang,Perempuan,Siang,19,≤20 th,Lunas,Tidak,Tidak,Ya,122.3,140.0,6,4,13.0,6,4,12.25,0.667,0.667,0.4997,Berisiko,Tinggi
JJI-03024,Graduate,0,Animation & Multimedia Design,Fase 1 - kuota umum,Lajang,Perempuan,Siang,24,24-27 th,Lunas,Tidak,Ya,Ya,151.7,152.0,0,0,0.0,0,0,0.0,,,0.4527,Berisiko,Tinggi
JJI-03025,Graduate,0,Animation & Multimedia Design,Fase 1 - kuota umum,Lajang,Perempuan,Siang,18,≤20 th,Lunas,Tidak,Ya,Ya,176.0,169.0,0,0,0.0,0,0,0.0,,,0.3418,Aman,Sedang
JJI-03026,Graduate,0,Nursing,Fase 1 - kuota umum,Lajang,Perempuan,Siang,18,≤20 th,Lunas,Tidak,Ya,Ya,133.0,149.0,8,7,14.0,8,7,14.0,0.875,0.875,0.098,Aman,Rendah
JJI-03027,Enrolled,0,Journalism & Communication,Fase 1 - kuota umum,Lajang,Perempuan,Siang,18,≤20 th,Lunas,Tidak,Tidak,Ya,139.8,137.0,6,6,12.57,6,6,12.57,1.0,1.0,0.1593,Aman,Rendah
JJI-03028,Dropout,1,Journalism & Communication,Fase 1 - kuota umum,Lajang,Perempuan,Siang,19,≤20 th,Lunas,Tidak,Tidak,Ya,119.6,122.0,6,4,12.0,6,3,11.33,0.667,0.5,0.5218,Berisiko,Tinggi
JJI-03029,Graduate,0,Social Service (kelas malam),Usia di atas 23 tahun,Lajang,Perempuan,Malam,35,28-35 th,Lunas,Tidak,Ya,Tidak,134.0,130.0,8,8,13.62,7,7,14.0,1.0,1.0,0.0814,Aman,Rendah
JJI-03030,Graduate,0,Management,Fase 2 - kuota umum,Lajang,Perempuan,Siang,19,≤20 th,Lunas,Tidak,Tidak,Ya,132.0,145.0,5,4,12.5,5,4,10.0,0.8,0.8,0.3635,Aman,Sedang
JJI-03031,Dropout,1,Basic Education,Pemegang gelar pendidikan tinggi lain,Lajang,Perempuan,Siang,28,28-35 th,Lunas,Tidak,Tidak,Tidak,130.0,130.0,15,14,12.43,14,11,11.91,0.933,0.786,0.4547,Berisiko,Tinggi
JJI-03032,Graduate,0,Nursing,Pindah program studi,Lajang,Perempuan,Siang,21,21-23 th,Lunas,Tidak,Tidak,Tidak,141.4,157.0,7,7,13.39,8,8,15.9,1.0,1.0,0.0587,Aman,Rendah
JJI-03033,Graduate,0,Nursing,Fase 3 - kuota umum,Lajang,Perempuan,Siang,19,≤20 th,Lunas,Tidak,Ya,Ya,128.9,135.0,7,6,12.65,8,8,12.21,0.857,1.0,0.0734,Aman,Rendah
JJI-03034,Graduate,0,Social Service,Fase 1 - kuota khusus (Azores),Lajang,Perempuan,Siang,19,≤20 th,Lunas,Tidak,Tidak,Ya,118.1,123.0,6,6,14.0,6,6,13.33,1.0,1.0,0.0893,Aman,Rendah
JJI-03035,Graduate,0,Veterinary Nursing,Fase 1 - kuota umum,Lajang,Perempuan,Siang,18,≤20 th,Lunas,Tidak,Tidak,Tidak,130.6,139.0,5,5,12.8,5,5,11.86,1.0,1.0,0.1049,Aman,Rendah
JJI-03036,Graduate,0,Tourism,Fase 1 - kuota umum,Lajang,Perempuan,Siang,18,≤20 th,Lunas,Tidak,Tidak,Ya,122.0,136.0,6,6,11.33,6,6,10.83,1.0,1.0,0.1502,Aman,Rendah
JJI-03037,Dropout,1,Nursing,Fase 1 - kuota umum,Lajang,Perempuan,Siang,19,≤20 th,Menunggak,Tidak,Tidak,Ya,123.0,135.0,7,0,0.0,8,0,0.0,0.0,0.0,0.9924,Berisiko,Sangat Tinggi
JJI-03038,Graduate,0,Advertising & Marketing Management,Fase 1 - kuota umum,Lajang,Perempuan,Siang,20,≤20 th,Lunas,Tidak,Ya,Ya,126.7,126.0,6,6,14.17,6,6,13.0,1.0,1.0,0.0788,Aman,Rendah
JJI-03039,Graduate,0,Journalism & Communication,Fase 1 - kuota umum,Lajang,Perempuan,Siang,18,≤20 th,Lunas,Tidak,Tidak,Ya,126.6,122.0,6,6,12.83,6,6,13.83,1.0,1.0,0.1301,Aman,Rendah
JJI-03040,Dropout,1,Basic Education,Fase 1 - kuota umum,Lajang,Perempuan,Siang,19,≤20 th,Menunggak,Ya,Tidak,Tidak,125.4,125.0,7,4,12.0,7,6,11.83,0.571,0.857,0.7691,Berisiko,Sangat Tinggi
JJI-03041,Dropout,1,Journalism & Communication,Fase 1 - kuota umum,Lajang,Perempuan,Siang,20,≤20 th,Lunas,Tidak,Ya,Ya,136.1,134.0,6,6,13.0,6,6,13.14,1.0,1.0,0.0845,Aman,Rendah
JJI-03042,Enrolled,0,Nursing,Fase 2 - kuota umum,Lajang,Perempuan,Siang,18,≤20 th,Lunas,Tidak,Tidak,Ya,128.8,130.0,7,6,13.39,8,7,12.76,0.857,0.875,0.1852,Aman,Rendah
JJI-03043,Graduate,0,Advertising & Marketing Management,Fase 2 - kuota umum,Lajang,Perempuan,Siang,18,≤20 th,Menunggak,Tidak,Tidak,Ya,111.1,110.0,6,6,12.33,6,5,13.6,1.0,0.833,0.5629,Berisiko,Tinggi
JJI-03044,Graduate,0,Communication Design,Fase 1 - kuota umum,Lajang,Perempuan,Siang,21,21-23 th,Lunas,Tidak,Ya,Tidak,135.9,131.0,6,6,12.57,6,6,11.62,1.0,1.0,0.0646,Aman,Rendah
JJI-03045,Graduate,0,Tourism,Fase 1 - kuota khusus (Azores),Lajang,Perempuan,Siang,19,≤20 th,Lunas,Tidak,Ya,Ya,119.6,122.0,6,6,12.33,6,6,12.83,1.0,1.0,0.0915,Aman,Rendah
JJI-03046,Graduate,0,Basic Education,Fase 2 - kuota umum,Lajang,Perempuan,Siang,19,≤20 th,Lunas,Tidak,Tidak,Ya,116.7,123.0,6,5,13.0,6,4,10.75,0.833,0.667,0.5174,Berisiko,Tinggi
JJI-03047,Enrolled,0,Veterinary Nursing,Fase 1 - kuota umum,Lajang,Perempuan,Siang,19,≤20 th,Lunas,Tidak,Tidak,Tidak,126.0,146.0,5,3,12.33,5,4,10.25,0.6,0.8,0.2137,Aman,Rendah
JJI-03048,Dropout,1,Journalism & Communication,Fase 1 - kuota umum,Lajang,Perempuan,Siang,18,≤20 th,Lunas,Tidak,Tidak,Ya,134.2,137.0,6,6,13.17,6,5,14.2,1.0,0.833,0.1865,Aman,Rendah
JJI-03049,Graduate,0,Management,Fase 1 - kuota umum,Lajang,Perempuan,Siang,18,≤20 th,Lunas,Tidak,Ya,Tidak,123.0,130.0,5,5,13.33,5,5,13.6,1.0,1.0,0.0611,Aman,Rendah
JJI-03050,Graduate,0,Veterinary Nursing,Fase 1 - kuota umum,Lajang,Perempuan,Siang,18,≤20 th,Lunas,Tidak,Tidak,Ya,123.9,127.0,5,4,13.0,5,5,13.14,0.8,1.0,0.1145,Aman,Rendah
JJI-03051,Dropout,1,Oral Hygiene,Usia di atas 23 tahun,Menikah,Perempuan,Siang,31,28-35 th,Lunas,Tidak,Tidak,Tidak,120.0,160.0,7,5,10.9,8,3,11.7,0.714,0.375,0.7426,Berisiko,Tinggi
JJI-03052,Enrolled,0,Management,Transfer,Lajang,Perempuan,Siang,19,≤20 th,Lunas,Tidak,Tidak,Ya,112.3,139.0,5,2,11.5,5,3,10.86,0.4,0.6,0.5127,Berisiko,Tinggi
JJI-03053,Graduate,0,Veterinary Nursing,Fase 1 - kuota khusus (Madeira),Lajang,Perempuan,Siang,20,≤20 th,Lunas,Tidak,Ya,Ya,123.0,138.0,6,6,15.86,6,6,16.0,1.0,1.0,0.065,Aman,Rendah
JJI-03054,Dropout,1,Veterinary Nursing,Fase 2 - kuota umum,Lajang,Perempuan,Siang,19,≤20 th,Lunas,Tidak,Ya,Tidak,122.3,137.0,5,5,12.6,5,3,13.0,1.0,0.6,0.1727,Aman,Rendah
JJI-03055,Graduate,0,Social Service,Fase 2 - kuota umum,Lajang,Perempuan,Siang,19,≤20 th,Lunas,Tidak,Ya,Tidak,122.8,127.0,6,6,14.0,6,6,14.57,1.0,1.0,0.0499,Aman,Rendah
JJI-03056,Dropout,1,Equinculture,Pemegang gelar pendidikan tinggi lain,Kumpul kebo,Perempuan,Siang,27,24-27 th,Menunggak,Tidak,Tidak,Tidak,160.0,160.0,5,3,14.67,5,2,13.0,0.6,0.4,0.8908,Berisiko,Sangat Tinggi
JJI-03057,Graduate,0,Journalism & Communication,Fase 2 - kuota umum,Lajang,Perempuan,Siang,18,≤20 th,Lunas,Tidak,Ya,Ya,120.1,132.0,6,6,13.67,6,6,14.0,1.0,1.0,0.1108,Aman,Rendah
JJI-03058,Dropout,1,Social Service (kelas malam),Fase 1 - kuota umum,Lajang,Perempuan,Malam,32,28-35 th,Lunas,Tidak,Tidak,Tidak,142.4,126.0,6,0,0.0,6,0,0.0,0.0,0.0,0.947,Berisiko,Sangat Tinggi
JJI-03059,Graduate,0,Nursing,Fase 1 - kuota umum,Lajang,Perempuan,Siang,18,≤20 th,Lunas,Tidak,Tidak,Ya,127.3,133.0,8,7,12.63,8,7,12.63,0.875,0.875,0.1323,Aman,Rendah
JJI-03060,Graduate,0,Nursing,Fase 1 - kuota umum,Lajang,Perempuan,Siang,19,≤20 th,Lunas,Tidak,Ya,Ya,125.5,140.0,8,7,14.23,8,7,14.23,0.875,0.875,0.0816,Aman,Rendah
JJI-03061,Enrolled,0,Journalism & Communication,Fase 1 - kuota umum,Lajang,Perempuan,Siang,19,≤20 th,Lunas,Tidak,Tidak,Tidak,137.4,130.0,6,6,15.0,6,6,14.0,1.0,1.0,0.1032,Aman,Rendah
JJI-03062,Dropout,1,Tourism,Fase 2 - kuota umum,Lajang,Perempuan,Siang,18,≤20 th,Lunas,Tidak,Tidak,Ya,122.0,129.0,6,2,10.0,6,0,0.0,0.333,0.0,0.9495,Berisiko,Sangat Tinggi
JJI-03063,Dropout,1,Advertising & Marketing Management,Fase 2 - kuota umum,Lajang,Perempuan,Siang,18,≤20 th,Lunas,Tidak,Ya,Ya,107.5,110.0,6,4,12.25,6,4,11.0,0.667,0.667,0.3692,Aman,Sedang
JJI-03064,Graduate,0,Journalism & Communication,Usia di atas 23 tahun,Lajang,Perempuan,Siang,24,24-27 th,Menunggak,Ya,Ya,Tidak,104.0,133.1,6,6,13.5,6,6,13.0,1.0,1.0,0.4768,Berisiko,Tinggi
JJI-03065,Graduate,0,Social Service,Fase 2 - kuota umum,Lajang,Perempuan,Siang,19,≤20 th,Lunas,Tidak,Ya,Ya,133.1,132.0,6,5,12.2,6,6,11.5,0.833,1.0,0.0978,Aman,Rendah
JJI-03066,Dropout,1,Tourism,Fase 2 - kuota umum,Lajang,Perempuan,Siang,21,21-23 th,Lunas,Ya,Tidak,Ya,113.3,115.0,6,0,0.0,6,0,0.0,0.0,0.0,0.9749,Berisiko,Sangat Tinggi
JJI-03067,Graduate,0,Communication Design,Pemegang diploma spesialisasi teknologi,Lajang,Perempuan,Siang,19,≤20 th,Lunas,Tidak,Tidak,Ya,130.0,130.0,7,6,12.0,9,8,12.75,0.857,0.889,0.1294,Aman,Rendah
JJI-03068,Enrolled,0,Nursing,Fase 1 - kuota umum,Lajang,Perempuan,Siang,19,≤20 th,Lunas,Tidak,Tidak,Ya,124.3,140.0,7,5,12.32,7,5,11.9,0.714,0.714,0.2607,Aman,Sedang
JJI-03069,Graduate,0,Oral Hygiene,Usia di atas 23 tahun,Lajang,Perempuan,Siang,36,>35 th,Lunas,Tidak,Ya,Ya,105.0,140.0,7,6,12.35,7,5,12.5,0.857,0.714,0.3788,Aman,Sedang
JJI-03070,Dropout,1,Veterinary Nursing,Usia di atas 23 tahun,Lajang,Laki-laki,Siang,51,>35 th,Lunas,Tidak,Tidak,Tidak,144.0,133.1,6,0,0.0,6,0,0.0,0.0,0.0,0.993,Berisiko,Sangat Tinggi
JJI-03071,Enrolled,0,Advertising & Marketing Management,Fase 1 - kuota umum,Lajang,Laki-laki,Siang,20,≤20 th,Lunas,Tidak,Ya,Ya,111.9,121.0,6,6,11.33,6,4,10.57,1.0,0.667,0.3082,Aman,Sedang
JJI-03072,Dropout,1,Social Service (kelas malam),Usia di atas 23 tahun,Lajang,Laki-laki,Malam,29,28-35 th,Menunggak,Ya,Tidak,Tidak,107.5,133.1,6,0,0.0,5,0,0.0,0.0,0.0,0.9953,Berisiko,Sangat Tinggi
JJI-03073,Dropout,1,Social Service,Pemegang diploma spesialisasi teknologi,Lajang,Laki-laki,Siang,27,24-27 th,Menunggak,Ya,Tidak,Tidak,127.4,130.0,6,5,11.6,6,5,12.0,0.833,0.833,0.6702,Berisiko,Tinggi
JJI-03074,Enrolled,0,Informatics Engineering,Usia di atas 23 tahun,Lajang,Laki-laki,Siang,33,28-35 th,Lunas,Tidak,Tidak,Ya,149.0,130.0,5,4,12.0,5,3,13.67,0.8,0.6,0.5326,Berisiko,Tinggi
JJI-03075,Dropout,1,Management,Ordinance No. 612/93,Menikah,Laki-laki,Siang,57,>35 th,Menunggak,Tidak,Tidak,Tidak,120.0,120.0,15,12,11.75,14,9,12.22,0.8,0.643,0.941,Berisiko,Sangat Tinggi
JJI-03076,Enrolled,0,Advertising & Marketing Management,Fase 1 - kuota umum,Lajang,Laki-laki,Siang,20,≤20 th,Lunas,Tidak,Tidak,Ya,143.6,132.0,6,5,12.8,6,5,11.6,0.833,0.833,0.2779,Aman,Sedang
JJI-03077,Dropout,1,Advertising & Marketing Management,Usia di atas 23 tahun,Lajang,Laki-laki,Siang,26,24-27 th,Lunas,Tidak,Tidak,Tidak,120.0,100.0,5,3,11.33,5,3,13.67,0.6,0.6,0.5149,Berisiko,Tinggi
JJI-03078,Enrolled,0,Informatics Engineering,Pindah program studi,Lajang,Laki-laki,Siang,27,24-27 th,Menunggak,Ya,Tidak,Tidak,128.0,130.0,5,0,0.0,5,0,0.0,0.0,0.0,0.9944,Berisiko,Sangat Tinggi
JJI-03079,Graduate,0,Advertising & Marketing Management,Fase 1 - kuota umum,Lajang,Laki-laki,Siang,19,≤20 th,Lunas,Tidak,Tidak,Tidak,118.2,129.0,5,5,10.8,5,4,12.25,1.0,0.8,0.2365,Aman,Rendah
JJI-03080,Dropout,1,Veterinary Nursing,Pemegang diploma spesialisasi teknologi,Lajang,Laki-laki,Siang,23,21-23 th,Lunas,Tidak,Tidak,Ya,160.0,160.0,6,5,12.5,6,2,13.5,0.833,0.333,0.5227,Berisiko,Tinggi
JJI-03081,Graduate,0,Management (kelas malam),Usia di atas 23 tahun,Lajang,Laki-laki,Malam,27,24-27 th,Lunas,Tidak,Tidak,Tidak,152.4,120.0,5,5,15.2,5,5,14.17,1.0,1.0,0.2365,Aman,Rendah
JJI-03082,Graduate,0,Nursing,Fase 1 - kuota umum,Lajang,Laki-laki,Siang,20,≤20 th,Lunas,Ya,Ya,Ya,116.6,122.0,7,7,13.31,8,8,12.58,1.0,1.0,0.1224,Aman,Rendah
JJI-03083,Graduate,0,Communication Design,Fase 3 - kuota umum,Lajang,Perempuan,Siang,19,≤20 th,Lunas,Tidak,Ya,Tidak,141.6,143.0,12,11,13.09,11,11,12.08,0.917,1.0,0.0456,Aman,Rendah
JJI-03084,Dropout,1,Equinculture,Fase 1 - kuota umum,Lajang,Perempuan,Siang,19,≤20 th,Menunggak,Ya,Tidak,Ya,105.5,110.0,6,0,0.0,6,0,0.0,0.0,0.0,0.9958,Berisiko,Sangat Tinggi
JJI-03085,Graduate,0,Communication Design,Fase 1 - kuota umum,Lajang,Perempuan,Siang,20,≤20 th,Lunas,Tidak,Tidak,Ya,116.3,124.0,6,5,12.2,6,6,11.5,0.833,1.0,0.13,Aman,Rendah
JJI-03086,Enrolled,0,Management,Pemegang gelar pendidikan tinggi lain,Menikah,Perempuan,Siang,33,28-35 th,Lunas,Tidak,Tidak,Tidak,110.0,110.0,8,6,12.83,5,4,12.0,0.75,0.8,0.3984,Aman,Sedang
JJI-03087,Graduate,0,Management (kelas malam),Pindah program studi,Lajang,Perempuan,Malam,22,21-23 th,Lunas,Tidak,Tidak,Ya,119.5,130.0,15,15,11.2,14,14,12.43,1.0,1.0,0.0851,Aman,Rendah
JJI-03088,Graduate,0,Management,Fase 1 - kuota umum,Lajang,Perempuan,Siang,18,≤20 th,Lunas,Tidak,Tidak,Ya,125.0,139.0,5,3,12.33,5,4,12.0,0.6,0.8,0.2905,Aman,Sedang
JJI-03089,Graduate,0,Nursing,Usia di atas 23 tahun,Kumpul kebo,Perempuan,Siang,27,24-27 th,Lunas,Tidak,Tidak,Tidak,160.0,140.0,8,7,15.94,8,7,15.94,0.875,0.875,0.1158,Aman,Rendah
JJI-03090,Dropout,1,Management (kelas malam),Usia di atas 23 tahun,Lajang,Perempuan,Malam,27,24-27 th,Lunas,Tidak,Tidak,Tidak,150.0,150.0,5,0,0.0,5,0,0.0,0.0,0.0,0.9473,Berisiko,Sangat Tinggi
JJI-03091,Graduate,0,Social Service,Fase 1 - kuota umum,Lajang,Perempuan,Siang,19,≤20 th,Lunas,Tidak,Tidak,Ya,115.0,123.0,6,4,10.25,6,6,10.71,0.667,1.0,0.1463,Aman,Rendah
JJI-03092,Enrolled,0,Basic Education,Fase 2 - kuota umum,Lajang,Perempuan,Siang,20,≤20 th,Lunas,Tidak,Ya,Ya,128.4,128.0,6,5,13.2,6,5,12.83,0.833,0.833,0.2559,Aman,Sedang
JJI-03093,Graduate,0,Social Service (kelas malam),Fase 1 - kuota umum,Lajang,Perempuan,Malam,23,21-23 th,Lunas,Tidak,Ya,Tidak,112.8,100.0,6,6,14.17,6,6,12.5,1.0,1.0,0.0537,Aman,Rendah
JJI-03094,Graduate,0,Nursing,Pindah program studi,Lajang,Perempuan,Siang,22,21-23 th,Lunas,Tidak,Ya,Ya,131.0,148.0,23,20,14.58,23,20,14.58,0.87,0.87,0.0623,Aman,Rendah
JJI-03095,Dropout,1,Tourism,Fase 2 - kuota umum,Lajang,Perempuan,Siang,18,≤20 th,Lunas,Tidak,Ya,Ya,121.6,130.0,6,1,10.0,6,0,0.0,0.167,0.0,0.9354,Berisiko,Sangat Tinggi
JJI-03096,Graduate,0,Social Service,Fase 1 - kuota umum,Lajang,Perempuan,Siang,18,≤20 th,Lunas,Tidak,Ya,Tidak,110.0,118.0,6,6,12.29,6,6,11.43,1.0,1.0,0.0574,Aman,Rendah
JJI-03097,Graduate,0,Social Service (kelas malam),Usia di atas 23 tahun,Lajang,Perempuan,Malam,31,28-35 th,Lunas,Tidak,Ya,Tidak,148.5,120.0,6,6,14.0,6,6,12.33,1.0,1.0,0.0893,Aman,Rendah
JJI-03098,Dropout,1,Journalism & Communication,Fase 2 - kuota umum,Lajang,Perempuan,Siang,19,≤20 th,Lunas,Tidak,Tidak,Tidak,118.3,119.0,6,4,11.25,6,0,0.0,0.667,0.0,0.9311,Berisiko,Sangat Tinggi
JJI-03099,Enrolled,0,Social Service,Fase 1 - kuota umum,Lajang,Perempuan,Siang,19,≤20 th,Lunas,Tidak,Tidak,Ya,135.9,138.0,6,5,11.6,6,6,11.67,0.833,1.0,0.1044,Aman,Rendah
JJI-03100,Dropout,1,Social Service (kelas malam),Fase 2 - kuota umum,Lajang,Perempuan,Malam,24,24-27 th,Lunas,Tidak,Tidak,Tidak,115.8,127.0,6,1,12.0,6,0,0.0,0.167,0.0,0.9447,Berisiko,Sangat Tinggi
JJI-03101,Graduate,0,Nursing,Fase 1 - kuota umum,Lajang,Perempuan,Siang,19,≤20 th,Lunas,Tidak,Tidak,Tidak,121.2,134.0,7,7,13.47,8,8,13.33,1.0,1.0,0.0577,Aman,Rendah
JJI-03102,Graduate,0,Management,Fase 2 - kuota umum,Lajang,Perempuan,Siang,19,≤20 th,Lunas,Tidak,Tidak,Ya,136.2,133.0,5,5,12.4,5,5,12.8,1.0,1.0,0.1666,Aman,Rendah
JJI-03103,Dropout,1,Advertising & Marketing Management,Usia di atas 23 tahun,Lajang,Perempuan,Siang,26,24-27 th,Menunggak,Tidak,Tidak,Ya,100.2,133.1,6,3,11.75,6,4,11.5,0.5,0.667,0.8518,Berisiko,Sangat Tinggi
JJI-03104,Dropout,1,Animation & Multimedia Design,Fase 1 - kuota umum,Lajang,Laki-laki,Siang,27,24-27 th,Menunggak,Ya,Tidak,Ya,152.7,180.0,0,0,0.0,0,0,0.0,,,0.916,Berisiko,Sangat Tinggi
JJI-03105,Graduate,0,Social Service,Fase 2 - kuota umum,Lajang,Perempuan,Siang,19,≤20 th,Lunas,Tidak,Tidak,Ya,123.1,129.0,6,6,12.0,6,6,12.43,1.0,1.0,0.1312,Aman,Rendah
JJI-03106,Dropout,1,Veterinary Nursing,Usia di atas 23 tahun,Menikah,Perempuan,Siang,29,28-35 th,Lunas,Tidak,Tidak,Tidak,130.0,120.0,5,5,15.33,5,5,15.4,1.0,1.0,0.1178,Aman,Rendah
JJI-03107,Graduate,0,Nursing,Fase 1 - kuota umum,Lajang,Perempuan,Siang,18,≤20 th,Lunas,Tidak,Ya,Ya,125.0,141.0,8,8,12.32,8,8,12.32,1.0,1.0,0.0571,Aman,Rendah
JJI-03108,Graduate,0,Nursing,Fase 1 - kuota umum,Lajang,Perempuan,Siang,19,≤20 th,Lunas,Tidak,Tidak,Ya,113.1,118.0,7,7,13.8,8,8,14.76,1.0,1.0,0.0515,Aman,Rendah
JJI-03109,Enrolled,0,Journalism & Communication,Fase 1 - kuota umum,Lajang,Perempuan,Siang,18,≤20 th,Lunas,Tidak,Tidak,Ya,121.1,127.0,6,6,13.17,6,6,12.5,1.0,1.0,0.1459,Aman,Rendah
JJI-03110,Graduate,0,Management,Fase 1 - kuota umum,Lajang,Perempuan,Siang,18,≤20 th,Lunas,Tidak,Ya,Tidak,162.3,177.0,5,5,16.33,5,5,15.4,1.0,1.0,0.0429,Aman,Rendah
JJI-03111,Dropout,1,Animation & Multimedia Design,Transfer,Lajang,Perempuan,Siang,19,≤20 th,Lunas,Tidak,Tidak,Ya,132.0,132.0,0,0,0.0,0,0,0.0,,,0.5941,Berisiko,Tinggi
JJI-03112,Graduate,0,Nursing,Fase 2 - kuota umum,Lajang,Perempuan,Siang,19,≤20 th,Lunas,Tidak,Tidak,Ya,130.7,133.0,7,7,14.76,8,8,15.37,1.0,1.0,0.0824,Aman,Rendah
JJI-03113,Dropout,1,Tourism,Fase 2 - kuota umum,Lajang,Perempuan,Siang,19,≤20 th,Lunas,Tidak,Tidak,Ya,122.3,124.0,6,6,11.67,6,6,12.33,1.0,1.0,0.1633,Aman,Rendah
JJI-03114,Enrolled,0,Advertising & Marketing Management,Fase 1 - kuota umum,Lajang,Perempuan,Siang,19,≤20 th,Lunas,Tidak,Tidak,Ya,144.1,143.0,6,5,12.6,6,5,12.38,0.833,0.833,0.1995,Aman,Rendah
JJI-03115,Graduate,0,Journalism & Communication,Fase 1 - kuota umum,Lajang,Perempuan,Siang,19,≤20 th,Lunas,Tidak,Tidak,Tidak,118.2,128.0,6,6,11.67,6,6,11.5,1.0,1.0,0.1297,Aman,Rendah
JJI-03116,Graduate,0,Social Service,Fase 1 - kuota umum,Lajang,Perempuan,Siang,19,≤20 th,Lunas,Tidak,Ya,Tidak,133.5,138.0,6,6,15.0,6,6,13.33,1.0,1.0,0.0461,Aman,Rendah
JJI-03117,Dropout,1,Nursing,Fase 1 - kuota umum,Lajang,Perempuan,Siang,18,≤20 th,Menunggak,Ya,Tidak,Ya,126.8,144.0,7,0,0.0,8,0,0.0,0.0,0.0,0.9961,Berisiko,Sangat Tinggi
JJI-03118,Graduate,0,Journalism & Communication,Fase 1 - kuota umum,Lajang,Perempuan,Siang,20,≤20 th,Lunas,Tidak,Tidak,Ya,121.0,122.0,6,6,13.57,6,6,13.33,1.0,1.0,0.1723,Aman,Rendah
JJI-03119,Graduate,0,Tourism,Fase 2 - kuota umum,Lajang,Perempuan,Siang,20,≤20 th,Lunas,Tidak,Tidak,Tidak,117.7,111.0,6,5,10.8,6,4,11.5,0.833,0.667,0.3473,Aman,Sedang
JJI-03120,Enrolled,0,Veterinary Nursing,Fase 1 - kuota umum,Lajang,Perempuan,Siang,21,21-23 th,Lunas,Tidak,Tidak,Ya,115.0,133.1,5,3,11.33,5,3,13.33,0.6,0.6,0.3258,Aman,Sedang
JJI-03121,Dropout,1,Management (kelas malam),Fase 1 - kuota umum,Menikah,Perempuan,Malam,31,28-35 th,Lunas,Tidak,Tidak,Tidak,129.2,120.0,10,5,11.4,10,6,12.83,0.5,0.6,0.6306,Berisiko,Tinggi
JJI-03122,Graduate,0,Oral Hygiene,Fase 1 - kuota umum,Lajang,Perempuan,Siang,20,≤20 th,Lunas,Tidak,Ya,Tidak,125.8,135.0,7,7,10.64,8,8,11.55,1.0,1.0,0.061,Aman,Rendah
JJI-03123,Enrolled,0,Advertising & Marketing Management,Fase 2 - kuota umum,Lajang,Perempuan,Siang,19,≤20 th,Lunas,Tidak,Ya,Ya,118.4,125.0,5,3,10.5,5,4,11.75,0.6,0.8,0.3121,Aman,Sedang
JJI-03124,Graduate,0,Nursing,Fase 1 - kuota umum,Lajang,Perempuan,Siang,18,≤20 th,Lunas,Tidak,Tidak,Ya,142.0,147.0,7,6,14.65,7,6,14.65,0.857,0.857,0.1229,Aman,Rendah
JJI-03125,Graduate,0,Nursing,Fase 2 - kuota umum,Lajang,Perempuan,Siang,19,≤20 th,Lunas,Tidak,Ya,Ya,126.7,137.0,7,7,13.71,8,8,14.86,1.0,1.0,0.0558,Aman,Rendah
JJI-03126,Graduate,0,Social Service,Pindah program studi,Lajang,Perempuan,Siang,30,28-35 th,Lunas,Tidak,Tidak,Tidak,109.3,117.0,16,15,12.27,13,13,12.07,0.938,1.0,0.0697,Aman,Rendah
JJI-03127,Enrolled,0,Social Service,Fase 2 - kuota umum,Lajang,Perempuan,Siang,21,21-23 th,Lunas,Tidak,Tidak,Ya,116.9,126.0,6,6,10.38,6,3,11.67,1.0,0.5,0.3745,Aman,Sedang
JJI-03128,Graduate,0,Management,Fase 3 - kuota umum,Lajang,Perempuan,Siang,19,≤20 th,Lunas,Tidak,Tidak,Ya,121.7,128.0,5,5,11.0,5,5,15.4,1.0,1.0,0.1107,Aman,Rendah
JJI-03129,Graduate,0,Management,Fase 1 - kuota umum,Lajang,Perempuan,Siang,22,21-23 th,Lunas,Ya,Tidak,Ya,117.1,115.0,5,5,13.8,5,5,13.0,1.0,1.0,0.2213,Aman,Rendah
JJI-03130,Graduate,0,Journalism & Communication,Fase 1 - kuota umum,Lajang,Perempuan,Siang,18,≤20 th,Lunas,Tidak,Ya,Tidak,114.4,121.0,6,6,12.67,6,6,12.83,1.0,1.0,0.0742,Aman,Rendah
JJI-03131,Graduate,0,Social Service,Fase 2 - kuota umum,Lajang,Perempuan,Siang,18,≤20 th,Lunas,Tidak,Tidak,Ya,133.0,134.0,6,6,11.75,6,5,12.0,1.0,0.833,0.1557,Aman,Rendah
JJI-03132,Graduate,0,Nursing,Fase 1 - kuota umum,Lajang,Perempuan,Siang,19,≤20 th,Lunas,Tidak,Ya,Ya,118.8,126.0,8,7,12.79,8,7,12.79,0.875,0.875,0.0955,Aman,Rendah
JJI-03133,Graduate,0,Equinculture,Fase 1 - kuota umum,Lajang,Perempuan,Siang,18,≤20 th,Lunas,Tidak,Tidak,Ya,151.0,151.0,6,6,14.44,6,6,13.33,1.0,1.0,0.1626,Aman,Rendah
JJI-03134,Enrolled,0,Nursing,Fase 1 - kuota umum,Lajang,Perempuan,Siang,21,21-23 th,Lunas,Tidak,Tidak,Ya,119.6,122.0,7,6,13.25,8,8,13.84,0.857,1.0,0.0979,Aman,Rendah
JJI-03135,Enrolled,0,Nursing,Fase 2 - kuota umum,Lajang,Perempuan,Siang,18,≤20 th,Lunas,Tidak,Tidak,Ya,135.4,141.0,7,7,12.51,8,5,13.2,1.0,0.625,0.2771,Aman,Sedang
JJI-03136,Graduate,0,Animation & Multimedia Design,Fase 1 - kuota umum,Lajang,Perempuan,Siang,20,≤20 th,Lunas,Tidak,Tidak,Ya,149.9,138.0,0,0,0.0,0,0,0.0,,,0.474,Berisiko,Tinggi
JJI-03137,Graduate,0,Veterinary Nursing,Fase 1 - kuota umum,Lajang,Perempuan,Siang,18,≤20 th,Lunas,Tidak,Tidak,Ya,120.1,133.0,5,4,12.75,5,4,11.75,0.8,0.8,0.1981,Aman,Rendah
JJI-03138,Graduate,0,Veterinary Nursing,Usia di atas 23 tahun,Lajang,Perempuan,Siang,25,24-27 th,Lunas,Tidak,Tidak,Ya,173.3,150.0,6,6,16.86,6,6,16.5,1.0,1.0,0.1292,Aman,Rendah
JJI-03139,Graduate,0,Journalism & Communication,Fase 1 - kuota umum,Lajang,Perempuan,Siang,19,≤20 th,Lunas,Tidak,Tidak,Tidak,126.2,136.0,6,6,13.17,6,6,15.0,1.0,1.0,0.1067,Aman,Rendah
JJI-03140,Enrolled,0,Basic Education,Fase 1 - kuota umum,Lajang,Perempuan,Siang,19,≤20 th,Lunas,Tidak,Ya,Ya,126.9,129.0,6,5,12.2,6,4,11.5,0.833,0.667,0.323,Aman,Sedang
JJI-03141,Graduate,0,Veterinary Nursing,Usia di atas 23 tahun,Lajang,Perempuan,Siang,26,24-27 th,Lunas,Tidak,Tidak,Ya,157.4,128.0,6,6,16.5,6,6,14.29,1.0,1.0,0.1246,Aman,Rendah
JJI-03142,Graduate,0,Management,Fase 2 - kuota umum,Lajang,Perempuan,Siang,21,21-23 th,Lunas,Tidak,Tidak,Ya,120.2,131.0,5,4,11.75,5,5,11.6,0.8,1.0,0.2193,Aman,Rendah
JJI-03143,Dropout,1,Management,Fase 1 - kuota umum,Lajang,Perempuan,Siang,19,≤20 th,Lunas,Tidak,Tidak,Tidak,124.8,130.0,5,1,11.0,5,0,0.0,0.2,0.0,0.8968,Berisiko,Sangat Tinggi
JJI-03144,Graduate,0,Nursing,Fase 2 - kuota umum,Lajang,Perempuan,Siang,19,≤20 th,Lunas,Tidak,Ya,Tidak,130.3,150.0,8,7,15.11,8,7,15.11,0.875,0.875,0.0729,Aman,Rendah
JJI-03145,Graduate,0,Social Service,Fase 1 - kuota umum,Lajang,Perempuan,Siang,18,≤20 th,Lunas,Tidak,Ya,Ya,152.4,165.0,6,6,15.5,6,6,14.29,1.0,1.0,0.0465,Aman,Rendah
JJI-03146,Graduate,0,Management (kelas malam),Pindah program studi,Menikah,Perempuan,Malam,32,28-35 th,Lunas,Tidak,Ya,Tidak,113.5,133.1,10,7,11.14,10,8,12.0,0.7,0.8,0.2823,Aman,Sedang
JJI-03147,Graduate,0,Social Service,Fase 1 - kuota umum,Lajang,Perempuan,Siang,18,≤20 th,Lunas,Tidak,Ya,Tidak,125.7,126.0,6,6,11.33,6,6,11.33,1.0,1.0,0.0478,Aman,Rendah
JJI-03148,Enrolled,0,Nursing,Fase 1 - kuota umum,Lajang,Perempuan,Siang,20,≤20 th,Lunas,Tidak,Tidak,Tidak,102.4,101.0,7,5,12.04,7,6,11.77,0.714,0.857,0.1814,Aman,Rendah
JJI-03149,Enrolled,0,Management,Fase 2 - kuota umum,Lajang,Perempuan,Siang,20,≤20 th,Lunas,Tidak,Tidak,Tidak,125.7,125.0,5,5,11.17,5,4,10.75,1.0,0.8,0.2564,Aman,Sedang
JJI-03150,Graduate,0,Advertising & Marketing Management,Usia di atas 23 tahun,Bercerai,Perempuan,Siang,39,>35 th,Lunas,Ya,Ya,Tidak,120.0,100.0,5,5,10.6,5,4,10.75,1.0,0.8,0.3766,Aman,Sedang
JJI-03151,Enrolled,0,Equinculture,Fase 1 - kuota umum,Lajang,Perempuan,Siang,20,≤20 th,Lunas,Tidak,Tidak,Ya,109.3,117.0,5,4,12.5,5,2,13.0,0.8,0.4,0.53,Berisiko,Tinggi
JJI-03152,Dropout,1,Animation & Multimedia Design,Fase 1 - kuota umum,Lajang,Perempuan,Siang,18,≤20 th,Menunggak,Ya,Tidak,Ya,162.2,159.0,0,0,0.0,0,0,0.0,,,0.8698,Berisiko,Sangat Tinggi
JJI-03153,Graduate,0,Journalism & Communication,Fase 2 - kuota umum,Lajang,Perempuan,Siang,18,≤20 th,Lunas,Ya,Ya,Tidak,155.7,177.0,6,6,15.67,6,6,13.83,1.0,1.0,0.1431,Aman,Rendah
JJI-03154,Graduate,0,Animation & Multimedia Design,Fase 1 - kuota umum,Lajang,Perempuan,Siang,21,21-23 th,Lunas,Tidak,Tidak,Ya,147.7,156.0,12,12,15.33,11,11,15.0,1.0,1.0,0.0615,Aman,Rendah
JJI-03155,Enrolled,0,Nursing,Fase 1 - kuota umum,Lajang,Perempuan,Siang,18,≤20 th,Lunas,Tidak,Tidak,Ya,115.6,125.0,7,6,12.18,7,6,11.78,0.857,0.857,0.1691,Aman,Rendah
JJI-03156,Enrolled,0,Management,Fase 1 - kuota umum,Lajang,Perempuan,Siang,18,≤20 th,Lunas,Tidak,Tidak,Tidak,117.8,130.0,5,2,10.0,5,3,11.33,0.4,0.6,0.3529,Aman,Sedang
JJI-03157,Graduate,0,Agronomy,Pindah program studi,Lajang,Perempuan,Siang,21,21-23 th,Lunas,Tidak,Tidak,Ya,125.0,125.0,14,9,12.0,12,8,11.25,0.643,0.667,0.5994,Berisiko,Tinggi
JJI-03158,Dropout,1,Management,Fase 1 - kuota umum,Lajang,Perempuan,Siang,22,21-23 th,Lunas,Tidak,Tidak,Ya,129.8,127.0,5,3,10.33,5,2,10.0,0.6,0.4,0.4794,Berisiko,Tinggi
JJI-03159,Enrolled,0,Tourism,Fase 2 - kuota umum,Lajang,Laki-laki,Siang,21,21-23 th,Lunas,Tidak,Tidak,Ya,123.1,121.0,6,6,11.17,6,3,14.67,1.0,0.5,0.4746,Berisiko,Tinggi
JJI-03160,Enrolled,0,Communication Design,Pindah program studi,Lajang,Laki-laki,Siang,20,≤20 th,Lunas,Tidak,Ya,Ya,122.8,135.0,6,3,11.0,6,2,11.33,0.5,0.333,0.5959,Berisiko,Tinggi
JJI-03161,Graduate,0,Animation & Multimedia Design,Fase 1 - kuota umum,Lajang,Laki-laki,Siang,21,21-23 th,Lunas,Tidak,Ya,Ya,117.3,125.0,0,0,0.0,0,0,0.0,,,0.5041,Berisiko,Tinggi
JJI-03162,Graduate,0,Tourism,Fase 1 - kuota umum,Lajang,Perempuan,Siang,20,≤20 th,Lunas,Tidak,Ya,Ya,126.5,138.0,6,6,12.86,6,5,11.8,1.0,0.833,0.1281,Aman,Rendah
JJI-03163,Graduate,0,Nursing,Fase 1 - kuota umum,Lajang,Perempuan,Siang,19,≤20 th,Lunas,Tidak,Tidak,Ya,123.0,136.0,8,7,14.33,8,7,14.33,0.875,0.875,0.121,Aman,Rendah
JJI-03164,Graduate,0,Social Service,Fase 1 - kuota umum,Lajang,Perempuan,Siang,20,≤20 th,Lunas,Tidak,Ya,Tidak,127.7,142.0,6,6,15.0,6,6,16.33,1.0,1.0,0.0361,Aman,Rendah
JJI-03165,Graduate,0,Veterinary Nursing,Fase 1 - kuota umum,Lajang,Perempuan,Siang,19,≤20 th,Lunas,Tidak,Tidak,Ya,117.5,129.0,5,5,13.6,5,5,12.4,1.0,1.0,0.1076,Aman,Rendah
JJI-03166,Graduate,0,Veterinary Nursing,Fase 1 - kuota umum,Lajang,Perempuan,Siang,18,≤20 th,Lunas,Tidak,Ya,Ya,128.4,134.0,5,5,12.86,5,4,13.25,1.0,0.8,0.1016,Aman,Rendah
JJI-03167,Dropout,1,Basic Education,Fase 2 - kuota umum,Lajang,Perempuan,Siang,18,≤20 th,Lunas,Tidak,Tidak,Ya,124.1,123.0,6,2,14.5,6,1,10.0,0.333,0.167,0.8786,Berisiko,Sangat Tinggi
JJI-03168,Dropout,1,Management (kelas malam),Usia di atas 23 tahun,Lajang,Perempuan,Malam,24,24-27 th,Lunas,Tidak,Tidak,Tidak,140.9,150.0,5,3,10.67,5,3,10.5,0.6,0.6,0.4999,Berisiko,Tinggi
JJI-03169,Dropout,1,Tourism,Fase 1 - kuota umum,Lajang,Perempuan,Siang,21,21-23 th,Menunggak,Ya,Ya,Tidak,126.2,129.0,6,6,13.43,6,6,11.33,1.0,1.0,0.3891,Aman,Sedang
JJI-03170,Graduate,0,Nursing,Fase 1 - kuota umum,Lajang,Laki-laki,Siang,18,≤20 th,Lunas,Tidak,Ya,Ya,120.5,134.0,7,7,11.72,8,4,10.87,1.0,0.5,0.3573,Aman,Sedang
JJI-03171,Graduate,0,Management,Fase 2 - kuota umum,Lajang,Laki-laki,Siang,20,≤20 th,Lunas,Tidak,Ya,Ya,121.1,127.0,5,4,12.0,5,5,12.8,0.8,1.0,0.1661,Aman,Rendah
JJI-03172,Dropout,1,Basic Education,Fase 3 - kuota umum,Lajang,Perempuan,Siang,20,≤20 th,Menunggak,Ya,Tidak,Ya,123.7,123.0,6,5,13.2,6,4,10.75,0.833,0.667,0.8867,Berisiko,Sangat Tinggi
JJI-03173,Dropout,1,Tourism,Fase 2 - kuota umum,Lajang,Perempuan,Siang,18,≤20 th,Lunas,Ya,Tidak,Ya,116.9,127.0,6,5,12.2,6,4,12.25,0.833,0.667,0.51,Berisiko,Tinggi
JJI-03174,Graduate,0,Oral Hygiene,Usia di atas 23 tahun,Lajang,Perempuan,Siang,25,24-27 th,Lunas,Tidak,Ya,Ya,100.0,133.1,7,5,12.58,7,6,12.16,0.714,0.857,0.2294,Aman,Rendah
JJI-03175,Enrolled,0,Social Service,Fase 2 - kuota umum,Lajang,Perempuan,Siang,19,≤20 th,Lunas,Tidak,Ya,Ya,120.2,131.0,6,5,11.33,6,6,10.83,0.833,1.0,0.1199,Aman,Rendah
JJI-03176,Dropout,1,Biofuel Production Technologies,Usia di atas 23 tahun,Menikah,Laki-laki,Siang,35,28-35 th,Lunas,Ya,Tidak,Tidak,153.8,120.0,7,0,0.0,7,0,0.0,0.0,0.0,0.9924,Berisiko,Sangat Tinggi
JJI-03177,Graduate,0,Nursing,Fase 1 - kuota umum,Lajang,Perempuan,Siang,19,≤20 th,Lunas,Tidak,Ya,Ya,120.1,133.0,7,6,12.43,8,8,14.0,0.857,1.0,0.0551,Aman,Rendah
JJI-03178,Dropout,1,Advertising & Marketing Management,Fase 1 - kuota umum,Lajang,Laki-laki,Siang,18,≤20 th,Lunas,Tidak,Ya,Ya,128.1,133.0,6,6,13.0,6,6,13.0,1.0,1.0,0.0966,Aman,Rendah
JJI-03179,Graduate,0,Nursing,Fase 1 - kuota umum,Lajang,Laki-laki,Siang,19,≤20 th,Lunas,Tidak,Tidak,Tidak,126.8,143.0,8,7,14.54,8,7,14.54,0.875,0.875,0.1123,Aman,Rendah
JJI-03180,Enrolled,0,Nursing,Pindah program studi,Lajang,Laki-laki,Siang,19,≤20 th,Lunas,Tidak,Ya,Ya,125.7,140.0,7,5,11.2,7,5,11.2,0.714,0.714,0.2919,Aman,Sedang
JJI-03181,Graduate,0,Communication Design,Fase 2 - kuota umum,Lajang,Laki-laki,Siang,18,≤20 th,Lunas,Tidak,Tidak,Tidak,146.2,157.0,6,6,16.0,6,6,13.67,1.0,1.0,0.1441,Aman,Rendah
JJI-03182,Dropout,1,Equinculture,Usia di atas 23 tahun,Lajang,Laki-laki,Siang,24,24-27 th,Lunas,Ya,Tidak,Ya,140.0,133.1,6,5,13.14,6,3,12.67,0.833,0.5,0.7699,Berisiko,Sangat Tinggi
JJI-03183,Graduate,0,Social Service (kelas malam),Pindah program studi,Lajang,Laki-laki,Malam,25,24-27 th,Lunas,Tidak,Tidak,Ya,134.5,145.0,14,11,11.69,10,8,11.14,0.786,0.8,0.4214,Berisiko,Tinggi
JJI-03184,Enrolled,0,Informatics Engineering,Usia di atas 23 tahun,Lajang,Laki-laki,Siang,28,28-35 th,Lunas,Tidak,Tidak,Ya,137.0,130.0,5,4,10.5,5,4,11.0,0.8,0.8,0.4683,Berisiko,Tinggi
JJI-03185,Graduate,0,Veterinary Nursing,Fase 1 - kuota umum,Lajang,Laki-laki,Siang,19,≤20 th,Lunas,Tidak,Ya,Tidak,107.5,111.0,6,6,13.83,6,5,13.67,1.0,0.833,0.0915,Aman,Rendah
JJI-03186,Dropout,1,Informatics Engineering,Fase 2 - kuota umum,Lajang,Laki-laki,Siang,19,≤20 th,Lunas,Tidak,Tidak,Tidak,112.2,116.0,5,0,0.0,5,0,0.0,0.0,0.0,0.9586,Berisiko,Sangat Tinggi
JJI-03187,Dropout,1,Equinculture,Usia di atas 23 tahun,Lajang,Laki-laki,Siang,30,28-35 th,Menunggak,Tidak,Ya,Tidak,128.2,133.1,5,0,0.0,5,0,0.0,0.0,0.0,0.9935,Berisiko,Sangat Tinggi
JJI-03188,Dropout,1,Nursing,Fase 1 - kuota umum,Lajang,Laki-laki,Siang,19,≤20 th,Lunas,Tidak,Tidak,Ya,126.8,135.0,7,0,0.0,7,0,0.0,0.0,0.0,0.9743,Berisiko,Sangat Tinggi
JJI-03189,Dropout,1,Management,Fase 2 - kuota umum,Lajang,Laki-laki,Siang,21,21-23 th,Lunas,Tidak,Tidak,Ya,132.1,145.0,5,1,10.0,5,0,0.0,0.2,0.0,0.9452,Berisiko,Sangat Tinggi
JJI-03190,Dropout,1,Animation & Multimedia Design,Fase 1 - kuota umum,Lajang,Laki-laki,Siang,19,≤20 th,Lunas,Tidak,Tidak,Tidak,110.0,118.0,0,0,0.0,0,0,0.0,,,0.5329,Berisiko,Tinggi
JJI-03191,Dropout,1,Agronomy,Usia di atas 23 tahun,Lajang,Laki-laki,Siang,29,28-35 th,Menunggak,Tidak,Tidak,Tidak,100.0,130.0,6,0,0.0,6,0,0.0,0.0,0.0,0.995,Berisiko,Sangat Tinggi
JJI-03192,Dropout,1,Advertising & Marketing Management,Fase 1 - kuota umum,Lajang,Laki-laki,Siang,18,≤20 th,Lunas,Tidak,Tidak,Tidak,114.3,115.0,6,4,12.6,6,4,13.0,0.667,0.667,0.3767,Aman,Sedang
JJI-03193,Enrolled,0,Management,Fase 1 - kuota umum,Lajang,Laki-laki,Siang,21,21-23 th,Lunas,Tidak,Tidak,Tidak,116.4,122.0,5,3,11.25,5,3,11.0,0.6,0.6,0.4337,Berisiko,Tinggi
JJI-03194,Dropout,1,Communication Design,Transfer,Lajang,Laki-laki,Siang,20,≤20 th,Lunas,Tidak,Tidak,Tidak,116.9,120.0,7,7,12.38,7,4,11.25,1.0,0.571,0.4189,Berisiko,Tinggi
JJI-03195,Enrolled,0,Management (kelas malam),Pindah institusi/prodi,Lajang,Laki-laki,Malam,24,24-27 th,Lunas,Ya,Tidak,Tidak,128.2,120.0,10,7,10.71,10,9,12.56,0.7,0.9,0.4645,Berisiko,Tinggi
JJI-03196,Dropout,1,Journalism & Communication,Fase 2 - kuota umum,Lajang,Laki-laki,Siang,18,≤20 th,Menunggak,Tidak,Tidak,Ya,127.0,120.0,6,0,0.0,6,0,0.0,0.0,0.0,0.9946,Berisiko,Sangat Tinggi
JJI-03197,Enrolled,0,Agronomy,Transfer,Lajang,Laki-laki,Siang,23,21-23 th,Lunas,Tidak,Tidak,Ya,140.0,140.0,6,5,12.0,6,5,12.14,0.833,0.833,0.3492,Aman,Sedang
JJI-03198,Graduate,0,Management,Fase 1 - kuota umum,Lajang,Laki-laki,Siang,19,≤20 th,Lunas,Tidak,Tidak,Ya,120.0,127.0,5,5,12.6,5,3,12.67,1.0,0.6,0.3542,Aman,Sedang
JJI-03199,Dropout,1,Tourism,Pemegang gelar pendidikan tinggi lain,Lajang,Laki-laki,Siang,35,28-35 th,Lunas,Tidak,Tidak,Tidak,110.0,110.0,6,0,0.0,6,0,0.0,0.0,0.0,0.9865,Berisiko,Sangat Tinggi
JJI-03200,Graduate,0,Nursing,Fase 1 - kuota umum,Lajang,Laki-laki,Siang,20,≤20 th,Lunas,Tidak,Tidak,Ya,127.0,148.0,8,7,12.84,8,7,12.84,0.875,0.875,0.1771,Aman,Rendah
JJI-03201,Dropout,1,Social Service,Usia di atas 23 tahun,Menikah,Laki-laki,Siang,33,28-35 th,Lunas,Tidak,Tidak,Tidak,159.5,170.0,6,0,0.0,5,0,0.0,0.0,0.0,0.9714,Berisiko,Sangat Tinggi
JJI-03202,Graduate,0,Journalism & Communication,Fase 1 - kuota umum,Lajang,Laki-laki,Siang,18,≤20 th,Lunas,Tidak,Tidak,Ya,135.2,146.0,6,6,14.17,6,6,12.83,1.0,1.0,0.1662,Aman,Rendah
JJI-03203,Enrolled,0,Journalism & Communication,Fase 1 - kuota umum,Lajang,Laki-laki,Siang,20,≤20 th,Lunas,Tidak,Tidak,Ya,122.8,127.0,6,6,12.17,6,3,12.0,1.0,0.5,0.4753,Berisiko,Tinggi
JJI-03204,Dropout,1,Journalism & Communication,Fase 2 - kuota umum,Lajang,Laki-laki,Siang,19,≤20 th,Lunas,Tidak,Tidak,Ya,118.0,125.0,6,4,10.8,6,3,11.0,0.667,0.5,0.6618,Berisiko,Tinggi
JJI-03205,Dropout,1,Journalism & Communication,Fase 2 - kuota umum,Lajang,Laki-laki,Siang,18,≤20 th,Lunas,Tidak,Tidak,Ya,123.6,139.0,6,6,13.0,6,0,0.0,1.0,0.0,0.9503,Berisiko,Sangat Tinggi
JJI-03206,Dropout,1,Management (kelas malam),Usia di atas 23 tahun,Lajang,Laki-laki,Malam,28,28-35 th,Menunggak,Tidak,Tidak,Tidak,111.0,133.1,5,0,0.0,5,0,0.0,0.0,0.0,0.9915,Berisiko,Sangat Tinggi
JJI-03207,Graduate,0,Management,Fase 1 - kuota umum,Lajang,Laki-laki,Siang,18,≤20 th,Lunas,Tidak,Tidak,Tidak,144.6,146.0,5,5,13.0,5,5,13.33,1.0,1.0,0.1078,Aman,Rendah
JJI-03208,Dropout,1,Journalism & Communication,Fase 1 - kuota umum,Lajang,Laki-laki,Siang,25,24-27 th,Lunas,Ya,Tidak,Ya,111.8,109.0,6,6,11.57,6,6,11.57,1.0,1.0,0.3226,Aman,Sedang
JJI-03209,Dropout,1,Social Service,Fase 1 - kuota umum,Lajang,Laki-laki,Siang,19,≤20 th,Menunggak,Ya,Tidak,Tidak,122.1,135.0,6,4,11.5,6,5,11.0,0.667,0.833,0.6141,Berisiko,Tinggi
JJI-03210,Graduate,0,Communication Design,Fase 3 - kuota umum,Lajang,Laki-laki,Siang,18,≤20 th,Lunas,Tidak,Tidak,Tidak,119.9,122.0,6,5,11.0,6,4,10.75,0.833,0.667,0.3977,Aman,Sedang
JJI-03211,Graduate,0,Agronomy,Pemegang gelar pendidikan tinggi lain,Lajang,Laki-laki,Siang,29,28-35 th,Lunas,Tidak,Tidak,Ya,130.0,130.0,6,6,17.11,6,6,15.57,1.0,1.0,0.1976,Aman,Rendah
JJI-03212,Enrolled,0,Animation & Multimedia Design,Fase 1 - kuota umum,Lajang,Laki-laki,Siang,18,≤20 th,Lunas,Tidak,Tidak,Ya,118.4,124.0,0,0,0.0,0,0,0.0,,,0.5704,Berisiko,Tinggi
JJI-03213,Graduate,0,Tourism,Fase 1 - kuota umum,Lajang,Laki-laki,Siang,20,≤20 th,Lunas,Tidak,Ya,Tidak,112.6,115.0,6,6,12.57,6,6,12.17,1.0,1.0,0.0907,Aman,Rendah
JJI-03214,Dropout,1,Agronomy,Pemegang diploma spesialisasi teknologi,Lajang,Laki-laki,Siang,20,≤20 th,Lunas,Tidak,Tidak,Tidak,150.0,150.0,6,0,0.0,6,0,0.0,0.0,0.0,0.9524,Berisiko,Sangat Tinggi
JJI-03215,Graduate,0,Communication Design,Fase 1 - kuota umum,Lajang,Laki-laki,Siang,18,≤20 th,Lunas,Tidak,Tidak,Ya,165.8,170.0,6,6,14.5,6,6,15.17,1.0,1.0,0.1019,Aman,Rendah
JJI-03216,Graduate,0,Tourism,Fase 1 - kuota umum,Lajang,Laki-laki,Siang,21,21-23 th,Lunas,Tidak,Ya,Ya,101.7,102.0,6,6,13.5,6,6,12.33,1.0,1.0,0.1672,Aman,Rendah
JJI-03217,Dropout,1,Tourism,Fase 2 - kuota umum,Lajang,Laki-laki,Siang,18,≤20 th,Menunggak,Tidak,Tidak,Tidak,124.3,140.0,6,5,11.2,6,2,10.0,0.833,0.333,0.8685,Berisiko,Sangat Tinggi
JJI-03218,Graduate,0,Informatics Engineering,Fase 1 - kuota umum,Lajang,Laki-laki,Siang,20,≤20 th,Lunas,Tidak,Tidak,Ya,122.1,135.0,5,3,10.67,5,4,12.25,0.6,0.8,0.3822,Aman,Sedang
JJI-03219,Enrolled,0,Social Service (kelas malam),Pindah program studi,Lajang,Perempuan,Malam,23,21-23 th,Lunas,Tidak,Tidak,Tidak,134.7,148.0,13,9,11.0,11,7,11.57,0.692,0.636,0.4821,Berisiko,Tinggi
JJI-03220,Dropout,1,Management (kelas malam),Usia di atas 23 tahun,Lajang,Perempuan,Malam,26,24-27 th,Lunas,Tidak,Tidak,Tidak,154.5,140.0,1,0,0.0,5,0,0.0,0.0,0.0,0.921,Berisiko,Sangat Tinggi
JJI-03221,Dropout,1,Advertising & Marketing Management,Fase 2 - kuota umum,Lajang,Perempuan,Siang,19,≤20 th,Lunas,Ya,Tidak,Tidak,128.8,147.0,5,1,10.0,5,0,0.0,0.2,0.0,0.9525,Berisiko,Sangat Tinggi
JJI-03222,Dropout,1,Oral Hygiene,Usia di atas 23 tahun,Lajang,Perempuan,Siang,24,24-27 th,Menunggak,Ya,Ya,Ya,106.0,140.0,7,5,12.36,8,5,12.0,0.714,0.625,0.7879,Berisiko,Sangat Tinggi
JJI-03223,Graduate,0,Advertising & Marketing Management,Fase 1 - kuota umum,Lajang,Perempuan,Siang,20,≤20 th,Lunas,Tidak,Ya,Ya,146.2,157.0,6,6,15.25,6,6,14.71,1.0,1.0,0.0692,Aman,Rendah
JJI-03224,Dropout,1,Management (kelas malam),Fase 2 - kuota umum,Lajang,Perempuan,Malam,26,24-27 th,Menunggak,Ya,Tidak,Ya,116.9,120.0,5,0,0.0,5,0,0.0,0.0,0.0,0.9938,Berisiko,Sangat Tinggi
JJI-03225,Dropout,1,Management,Usia di atas 23 tahun,Lajang,Perempuan,Siang,31,28-35 th,Lunas,Tidak,Tidak,Tidak,118.2,133.1,5,1,13.0,5,4,12.25,0.2,0.8,0.4646,Berisiko,Tinggi
JJI-03226,Graduate,0,Nursing,Pindah program studi,Menikah,Perempuan,Siang,27,24-27 th,Lunas,Tidak,Tidak,Ya,105.7,140.0,8,8,13.81,8,8,13.81,1.0,1.0,0.0917,Aman,Rendah
JJI-03227,Graduate,0,Veterinary Nursing,Fase 1 - kuota umum,Lajang,Perempuan,Siang,24,24-27 th,Lunas,Ya,Tidak,Tidak,126.9,130.0,6,6,13.29,6,6,12.88,1.0,1.0,0.1549,Aman,Rendah
JJI-03228,Enrolled,0,Veterinary Nursing,Pemegang diploma spesialisasi teknologi,Lajang,Perempuan,Siang,23,21-23 th,Lunas,Tidak,Tidak,Ya,150.0,150.0,6,4,11.5,6,4,12.2,0.667,0.667,0.3387,Aman,Sedang
JJI-03229,Graduate,0,Nursing,Fase 1 - kuota umum,Lajang,Perempuan,Siang,20,≤20 th,Lunas,Tidak,Ya,Ya,108.4,115.0,7,7,11.96,8,8,13.04,1.0,1.0,0.0493,Aman,Rendah
JJI-03230,Graduate,0,Nursing,Fase 1 - kuota umum,Lajang,Perempuan,Siang,20,≤20 th,Lunas,Tidak,Tidak,Ya,114.2,118.0,7,6,13.68,8,6,13.12,0.857,0.75,0.2403,Aman,Rendah
JJI-03231,Graduate,0,Nursing,Usia di atas 23 tahun,Lajang,Perempuan,Siang,24,24-27 th,Lunas,Tidak,Tidak,Ya,140.0,130.0,8,7,14.99,8,7,14.99,0.875,0.875,0.1521,Aman,Rendah
JJI-03232,Enrolled,0,Management,Usia di atas 23 tahun,Menikah,Perempuan,Siang,39,>35 th,Lunas,Tidak,Tidak,Tidak,142.5,130.0,5,4,11.25,5,4,11.5,0.8,0.8,0.3929,Aman,Sedang
JJI-03233,Graduate,0,Journalism & Communication,Fase 1 - kuota umum,Lajang,Perempuan,Siang,18,≤20 th,Lunas,Tidak,Tidak,Ya,126.5,130.0,6,4,12.5,6,5,12.6,0.667,0.833,0.2843,Aman,Sedang
JJI-03234,Dropout,1,Veterinary Nursing,Fase 2 - kuota umum,Lajang,Perempuan,Siang,20,≤20 th,Lunas,Tidak,Tidak,Tidak,111.3,120.0,6,0,0.0,6,0,0.0,0.0,0.0,0.9492,Berisiko,Sangat Tinggi
JJI-03235,Graduate,0,Nursing,Fase 1 - kuota umum,Lajang,Perempuan,Siang,18,≤20 th,Lunas,Tidak,Tidak,Ya,125.1,130.0,7,7,13.78,8,8,13.66,1.0,1.0,0.0651,Aman,Rendah
JJI-03236,Graduate,0,Nursing,Fase 1 - kuota umum,Lajang,Perempuan,Siang,19,≤20 th,Lunas,Tidak,Tidak,Ya,126.3,141.0,7,7,13.8,8,8,14.27,1.0,1.0,0.0723,Aman,Rendah
JJI-03237,Graduate,0,Veterinary Nursing,Fase 2 - kuota umum,Lajang,Perempuan,Siang,18,≤20 th,Lunas,Tidak,Tidak,Ya,142.2,138.0,5,5,13.8,5,5,12.6,1.0,1.0,0.1324,Aman,Rendah
JJI-03238,Enrolled,0,Advertising & Marketing Management,Fase 1 - kuota umum,Lajang,Perempuan,Siang,22,21-23 th,Lunas,Tidak,Tidak,Ya,110.2,113.0,5,3,12.67,5,4,12.0,0.6,0.8,0.3521,Aman,Sedang
JJI-03239,Graduate,0,Nursing,Fase 2 - kuota umum,Lajang,Perempuan,Siang,18,≤20 th,Lunas,Tidak,Tidak,Ya,127.0,135.0,7,7,14.42,8,8,13.94,1.0,1.0,0.0929,Aman,Rendah
JJI-03240,Graduate,0,Social Service,Fase 1 - kuota umum,Lajang,Perempuan,Siang,18,≤20 th,Lunas,Tidak,Ya,Tidak,128.6,137.0,6,6,13.17,6,6,12.5,1.0,1.0,0.0419,Aman,Rendah
JJI-03241,Enrolled,0,Management (kelas malam),Usia di atas 23 tahun,Bercerai,Perempuan,Malam,30,28-35 th,Lunas,Tidak,Tidak,Tidak,130.4,133.1,5,3,10.67,5,5,10.4,0.6,1.0,0.3425,Aman,Sedang
JJI-03242,Graduate,0,Social Service,Pindah program studi,Menikah,Perempuan,Siang,34,28-35 th,Lunas,Tidak,Tidak,Tidak,134.4,100.0,16,14,12.07,13,11,12.27,0.875,0.846,0.2104,Aman,Rendah
JJI-03243,Dropout,1,Social Service (kelas malam),Usia di atas 23 tahun,Lajang,Perempuan,Malam,38,>35 th,Lunas,Tidak,Tidak,Tidak,100.0,133.1,6,3,10.25,6,1,12.0,0.5,0.167,0.7857,Berisiko,Sangat Tinggi
JJI-03244,Graduate,0,Nursing,Fase 1 - kuota umum,Lajang,Perempuan,Siang,19,≤20 th,Lunas,Tidak,Ya,Ya,133.0,142.0,8,8,14.11,8,8,14.11,1.0,1.0,0.0398,Aman,Rendah
JJI-03245,Dropout,1,Basic Education,Fase 2 - kuota umum,Lajang,Perempuan,Siang,19,≤20 th,Lunas,Tidak,Tidak,Ya,126.7,140.0,6,5,12.4,6,3,10.67,0.833,0.5,0.6376,Berisiko,Tinggi
JJI-03246,Dropout,1,Journalism & Communication,Pindah program studi,Lajang,Perempuan,Siang,21,21-23 th,Menunggak,Tidak,Tidak,Tidak,129.0,129.0,6,6,12.0,6,6,12.0,1.0,1.0,0.4108,Aman,Sedang
JJI-03247,Graduate,0,Journalism & Communication,Fase 2 - kuota umum,Lajang,Perempuan,Siang,18,≤20 th,Lunas,Tidak,Ya,Ya,133.7,141.0,6,6,14.83,6,6,13.5,1.0,1.0,0.0985,Aman,Rendah
JJI-03248,Graduate,0,Veterinary Nursing,Fase 2 - kuota umum,Lajang,Perempuan,Siang,20,≤20 th,Lunas,Tidak,Ya,Ya,122.2,118.0,6,6,15.43,6,6,13.5,1.0,1.0,0.0886,Aman,Rendah
JJI-03249,Graduate,0,Management,Fase 2 - kuota umum,Lajang,Perempuan,Siang,18,≤20 th,Lunas,Tidak,Ya,Tidak,128.9,131.0,5,5,11.6,5,5,11.4,1.0,1.0,0.1258,Aman,Rendah
JJI-03250,Graduate,0,Communication Design,Fase 1 - kuota umum,Lajang,Perempuan,Siang,18,≤20 th,Lunas,Tidak,Tidak,Ya,154.4,161.0,6,6,14.17,6,6,14.0,1.0,1.0,0.0931,Aman,Rendah
JJI-03251,Dropout,1,Oral Hygiene,Pemegang gelar pendidikan tinggi lain,Lajang,Perempuan,Siang,36,>35 th,Lunas,Tidak,Ya,Ya,130.0,130.0,7,1,9.8,7,0,0.0,0.143,0.0,0.9841,Berisiko,Sangat Tinggi
JJI-03252,Graduate,0,Management,Fase 2 - kuota umum,Lajang,Perempuan,Siang,18,≤20 th,Lunas,Tidak,Ya,Ya,113.0,121.0,5,4,10.71,5,4,11.0,0.8,0.8,0.24,Aman,Rendah
JJI-03253,Dropout,1,Equinculture,Pindah program studi,Lajang,Perempuan,Siang,21,21-23 th,Lunas,Tidak,Ya,Ya,123.3,133.1,5,0,0.0,5,0,0.0,0.0,0.0,0.9361,Berisiko,Sangat Tinggi
JJI-03254,Dropout,1,Equinculture,Pemegang diploma spesialisasi teknologi,Lajang,Perempuan,Siang,21,21-23 th,Lunas,Ya,Ya,Ya,130.0,130.0,6,3,12.33,6,1,13.0,0.5,0.167,0.7878,Berisiko,Sangat Tinggi
JJI-03255,Graduate,0,Veterinary Nursing,Mahasiswa internasional (S1),Lajang,Perempuan,Siang,18,≤20 th,Lunas,Tidak,Tidak,Tidak,101.3,133.1,6,6,13.0,6,6,12.25,1.0,1.0,0.0893,Aman,Rendah
JJI-03256,Graduate,0,Advertising & Marketing Management,Fase 2 - kuota umum,Lajang,Perempuan,Siang,18,≤20 th,Lunas,Tidak,Tidak,Ya,113.7,120.0,5,4,11.4,5,4,11.25,0.8,0.8,0.3895,Aman,Sedang
JJI-03257,Graduate,0,Nursing,Fase 1 - kuota umum,Lajang,Perempuan,Siang,19,≤20 th,Lunas,Tidak,Tidak,Ya,138.8,140.0,7,6,12.77,7,6,12.77,0.857,0.857,0.1386,Aman,Rendah
JJI-03258,Graduate,0,Agronomy,Usia di atas 23 tahun,Menikah,Perempuan,Siang,29,28-35 th,Lunas,Ya,Tidak,Tidak,140.0,133.1,6,5,12.6,6,6,12.67,0.833,1.0,0.2509,Aman,Sedang
JJI-03259,Graduate,0,Management,Pemegang diploma spesialisasi teknologi,Lajang,Perempuan,Siang,20,≤20 th,Lunas,Tidak,Ya,Tidak,130.0,130.0,7,7,13.0,5,5,13.4,1.0,1.0,0.0709,Aman,Rendah
JJI-03260,Graduate,0,Nursing,Fase 2 - kuota umum,Lajang,Perempuan,Siang,18,≤20 th,Lunas,Tidak,Tidak,Ya,132.5,140.0,7,6,14.32,7,6,14.32,0.857,0.857,0.1571,Aman,Rendah
JJI-03261,Graduate,0,Veterinary Nursing,Fase 1 - kuota umum,Lajang,Perempuan,Siang,19,≤20 th,Lunas,Tidak,Tidak,Ya,117.4,124.0,5,4,12.75,5,5,12.0,0.8,1.0,0.1491,Aman,Rendah
JJI-03262,Graduate,0,Management,Fase 1 - kuota umum,Lajang,Perempuan,Siang,19,≤20 th,Lunas,Tidak,Ya,Ya,109.8,115.0,5,5,13.4,5,5,12.6,1.0,1.0,0.0867,Aman,Rendah
JJI-03263,Dropout,1,Social Service (kelas malam),Usia di atas 23 tahun,Lajang,Perempuan,Malam,37,>35 th,Menunggak,Ya,Tidak,Tidak,116.5,100.0,6,0,0.0,5,0,0.0,0.0,0.0,0.9949,Berisiko,Sangat Tinggi
JJI-03264,Graduate,0,Veterinary Nursing,Fase 1 - kuota umum,Lajang,Perempuan,Siang,18,≤20 th,Lunas,Tidak,Ya,Ya,165.2,162.0,5,4,15.75,5,5,13.8,0.8,1.0,0.0718,Aman,Rendah
JJI-03265,Dropout,1,Basic Education,Fase 1 - kuota umum,Lajang,Perempuan,Siang,21,21-23 th,Lunas,Tidak,Tidak,Ya,113.0,121.0,6,5,12.4,6,1,11.0,0.833,0.167,0.7397,Berisiko,Tinggi
JJI-03266,Graduate,0,Social Service,Fase 2 - kuota umum,Lajang,Perempuan,Siang,19,≤20 th,Lunas,Tidak,Ya,Tidak,123.3,125.0,6,6,11.5,6,6,12.33,1.0,1.0,0.0655,Aman,Rendah
JJI-03267,Graduate,0,Advertising & Marketing Management,Fase 2 - kuota umum,Lajang,Perempuan,Siang,19,≤20 th,Lunas,Tidak,Tidak,Tidak,116.7,123.0,5,5,13.4,5,5,14.0,1.0,1.0,0.1523,Aman,Rendah
JJI-03268,Enrolled,0,Management (kelas malam),Usia di atas 23 tahun,Menikah,Perempuan,Malam,35,28-35 th,Lunas,Tidak,Ya,Tidak,110.0,140.0,5,3,11.67,5,5,11.8,0.6,1.0,0.2603,Aman,Sedang
JJI-03269,Dropout,1,Nursing,Usia di atas 23 tahun,Menikah,Perempuan,Siang,30,28-35 th,Lunas,Tidak,Tidak,Tidak,118.9,133.1,7,0,0.0,8,0,0.0,0.0,0.0,0.9787,Berisiko,Sangat Tinggi
JJI-03270,Dropout,1,Journalism & Communication,Pindah program studi,Lajang,Perempuan,Siang,27,24-27 th,Lunas,Tidak,Tidak,Ya,103.6,120.0,8,7,13.29,7,5,11.6,0.875,0.714,0.3967,Aman,Sedang
JJI-03271,Dropout,1,Tourism,Fase 1 - kuota umum,Menikah,Perempuan,Siang,45,>35 th,Lunas,Tidak,Ya,Tidak,122.7,136.0,6,4,11.5,6,2,10.5,0.667,0.333,0.6633,Berisiko,Tinggi
JJI-03272,Graduate,0,Social Service (kelas malam),Usia di atas 23 tahun,Menikah,Perempuan,Malam,50,>35 th,Lunas,Tidak,Ya,Tidak,113.5,133.1,9,8,13.25,7,7,11.71,0.889,1.0,0.2101,Aman,Rendah
JJI-03273,Graduate,0,Management,Transfer,Bercerai,Perempuan,Siang,41,>35 th,Lunas,Tidak,Tidak,Tidak,128.2,110.0,14,11,12.25,10,10,13.4,0.786,1.0,0.2338,Aman,Rendah
JJI-03274,Enrolled,0,Nursing,Pindah program studi,Lajang,Perempuan,Siang,26,24-27 th,Lunas,Tidak,Tidak,Ya,120.0,120.0,7,6,12.0,7,6,12.0,0.857,0.857,0.2224,Aman,Rendah
JJI-03275,Dropout,1,Agronomy,Usia di atas 23 tahun,Lajang,Perempuan,Siang,44,>35 th,Lunas,Tidak,Tidak,Tidak,130.0,133.1,6,1,12.0,6,0,0.0,0.167,0.0,0.9783,Berisiko,Sangat Tinggi
JJI-03276,Graduate,0,Management,Pemegang gelar pendidikan tinggi lain,Kumpul kebo,Perempuan,Siang,23,21-23 th,Lunas,Tidak,Tidak,Tidak,110.0,110.0,15,13,10.92,10,7,11.14,0.867,0.7,0.4597,Berisiko,Tinggi
JJI-03277,Dropout,1,Biofuel Production Technologies,Pindah institusi/prodi,Lajang,Perempuan,Siang,34,28-35 th,Lunas,Tidak,Tidak,Tidak,117.7,130.0,12,10,12.0,10,5,11.0,0.833,0.5,0.7166,Berisiko,Tinggi
JJI-03278,Graduate,0,Management,Fase 1 - kuota umum,Lajang,Perempuan,Siang,21,21-23 th,Lunas,Tidak,Ya,Ya,99.6,102.0,5,5,13.71,5,5,14.4,1.0,1.0,0.0671,Aman,Rendah
JJI-03279,Dropout,1,Management,Pindah program studi,Lajang,Perempuan,Siang,22,21-23 th,Lunas,Tidak,Tidak,Ya,117.9,127.0,5,1,10.0,5,2,13.0,0.2,0.4,0.6087,Berisiko,Tinggi
JJI-03280,Graduate,0,Social Service (kelas malam),Usia di atas 23 tahun,Bercerai,Perempuan,Malam,32,28-35 th,Lunas,Tidak,Ya,Tidak,113.0,133.1,6,2,10.33,6,6,11.5,0.333,1.0,0.2448,Aman,Rendah
JJI-03281,Graduate,0,Oral Hygiene,Fase 2 - kuota umum,Lajang,Perempuan,Siang,20,≤20 th,Lunas,Tidak,Tidak,Ya,124.4,137.0,7,7,12.73,8,8,14.62,1.0,1.0,0.0944,Aman,Rendah
JJI-03282,Dropout,1,Social Service (kelas malam),Pemegang gelar pendidikan tinggi lain,Menikah,Perempuan,Malam,59,>35 th,Menunggak,Tidak,Tidak,Tidak,140.0,130.0,15,12,13.33,8,8,12.88,0.8,1.0,0.7311,Berisiko,Tinggi
JJI-03283,Enrolled,0,Management,Pemegang diploma short cycle,Menikah,Perempuan,Siang,30,28-35 th,Lunas,Tidak,Tidak,Tidak,132.4,130.0,11,9,12.22,9,9,11.6,0.818,1.0,0.1455,Aman,Rendah
JJI-03284,Graduate,0,Tourism,Fase 1 - kuota umum,Lajang,Perempuan,Siang,18,≤20 th,Lunas,Tidak,Ya,Ya,124.0,131.0,6,6,11.33,6,6,10.83,1.0,1.0,0.1095,Aman,Rendah
JJI-03285,Enrolled,0,Management (kelas malam),Usia di atas 23 tahun,Menikah,Laki-laki,Malam,25,24-27 th,Lunas,Ya,Tidak,Tidak,132.0,162.0,5,4,11.0,5,4,12.0,0.8,0.8,0.5306,Berisiko,Tinggi
JJI-03286,Graduate,0,Management (kelas malam),Pindah program studi,Bercerai,Laki-laki,Malam,36,>35 th,Lunas,Tidak,Tidak,Tidak,149.8,140.0,5,5,13.8,5,5,13.8,1.0,1.0,0.2431,Aman,Rendah
JJI-03287,Dropout,1,Oral Hygiene,Pemegang gelar pendidikan tinggi lain,Lajang,Laki-laki,Siang,36,>35 th,Lunas,Tidak,Tidak,Tidak,160.0,160.0,7,1,12.0,7,0,0.0,0.143,0.0,0.9901,Berisiko,Sangat Tinggi
JJI-03288,Dropout,1,Advertising & Marketing Management,Fase 2 - kuota umum,Lajang,Laki-laki,Siang,19,≤20 th,Menunggak,Tidak,Tidak,Tidak,114.6,117.0,6,4,11.25,6,3,10.17,0.667,0.5,0.8933,Berisiko,Sangat Tinggi
JJI-03289,Graduate,0,Management (kelas malam),Usia di atas 23 tahun,Lajang,Laki-laki,Malam,25,24-27 th,Lunas,Tidak,Tidak,Tidak,120.0,150.0,5,4,10.5,5,5,12.0,0.8,1.0,0.3275,Aman,Sedang
JJI-03290,Graduate,0,Agronomy,Usia di atas 23 tahun,Lajang,Laki-laki,Siang,35,28-35 th,Lunas,Tidak,Tidak,Tidak,100.0,133.1,18,18,11.56,13,13,11.62,1.0,1.0,0.1401,Aman,Rendah
JJI-03291,Dropout,1,Social Service,Fase 1 - kuota umum,Lajang,Laki-laki,Siang,20,≤20 th,Lunas,Tidak,Tidak,Tidak,128.5,125.0,6,1,14.0,6,0,0.0,0.167,0.0,0.9221,Berisiko,Sangat Tinggi
JJI-03292,Dropout,1,Agronomy,Usia di atas 23 tahun,Lajang,Laki-laki,Siang,35,28-35 th,Menunggak,Tidak,Tidak,Ya,113.0,130.0,6,1,13.0,6,0,0.0,0.167,0.0,0.9948,Berisiko,Sangat Tinggi
JJI-03293,Dropout,1,Social Service,Fase 1 - kuota umum,Lajang,Perempuan,Siang,27,24-27 th,Lunas,Tidak,Tidak,Ya,150.8,170.0,6,2,11.0,6,1,11.0,0.333,0.167,0.7357,Berisiko,Tinggi
JJI-03294,Enrolled,0,Nursing,Fase 2 - kuota umum,Lajang,Perempuan,Siang,18,≤20 th,Lunas,Tidak,Tidak,Ya,130.8,132.0,8,7,13.68,8,7,13.68,0.875,0.875,0.1545,Aman,Rendah
JJI-03295,Enrolled,0,Nursing,Pindah program studi,Lajang,Perempuan,Siang,23,21-23 th,Lunas,Tidak,Tidak,Tidak,114.5,133.1,7,6,12.1,7,6,12.62,0.857,0.857,0.1778,Aman,Rendah
JJI-03296,Graduate,0,Social Service (kelas malam),Fase 2 - kuota umum,Lajang,Perempuan,Malam,19,≤20 th,Lunas,Tidak,Tidak,Ya,114.8,120.0,6,4,10.5,6,4,11.25,0.667,0.667,0.3498,Aman,Sedang
JJI-03297,Enrolled,0,Nursing,Fase 2 - kuota umum,Lajang,Perempuan,Siang,18,≤20 th,Lunas,Tidak,Ya,Ya,126.2,126.0,7,5,11.94,7,6,12.8,0.714,0.857,0.1457,Aman,Rendah
JJI-03298,Dropout,1,Nursing,Usia di atas 23 tahun,Lajang,Perempuan,Siang,26,24-27 th,Menunggak,Ya,Tidak,Tidak,129.0,130.0,7,4,12.86,7,5,11.57,0.571,0.714,0.8015,Berisiko,Sangat Tinggi
JJI-03299,Graduate,0,Social Service,Fase 2 - kuota umum,Lajang,Perempuan,Siang,19,≤20 th,Lunas,Tidak,Tidak,Tidak,110.5,133.1,6,6,14.25,6,6,14.0,1.0,1.0,0.0928,Aman,Rendah
JJI-03300,Dropout,1,Nursing,Fase 1 - kuota umum,Lajang,Perempuan,Siang,19,≤20 th,Menunggak,Tidak,Tidak,Ya,132.5,141.0,7,0,0.0,8,0,0.0,0.0,0.0,0.9935,Berisiko,Sangat Tinggi
JJI-03301,Dropout,1,Animation & Multimedia Design,Fase 1 - kuota umum,Lajang,Perempuan,Siang,18,≤20 th,Lunas,Tidak,Tidak,Ya,130.7,138.0,0,0,0.0,0,0,0.0,,,0.4365,Berisiko,Tinggi
JJI-03302,Graduate,0,Nursing,Fase 2 - kuota umum,Lajang,Perempuan,Siang,19,≤20 th,Lunas,Tidak,Ya,Ya,130.4,130.0,7,7,13.89,8,8,14.36,1.0,1.0,0.0479,Aman,Rendah
JJI-03303,Graduate,0,Nursing,Fase 2 - kuota umum,Lajang,Perempuan,Siang,19,≤20 th,Lunas,Tidak,Ya,Ya,124.3,128.0,7,7,13.47,8,8,13.31,1.0,1.0,0.0615,Aman,Rendah
JJI-03304,Graduate,0,Veterinary Nursing,Fase 1 - kuota umum,Lajang,Perempuan,Siang,19,≤20 th,Lunas,Tidak,Ya,Ya,132.6,135.0,5,5,13.6,5,5,14.6,1.0,1.0,0.069,Aman,Rendah
JJI-03305,Graduate,0,Social Service (kelas malam),Pemegang diploma spesialisasi teknologi,Lajang,Perempuan,Malam,21,21-23 th,Lunas,Tidak,Ya,Tidak,146.7,150.0,6,6,14.67,6,6,13.83,1.0,1.0,0.0468,Aman,Rendah
JJI-03306,Graduate,0,Journalism & Communication,Fase 1 - kuota umum,Lajang,Perempuan,Siang,18,≤20 th,Lunas,Tidak,Tidak,Ya,130.1,135.0,6,6,13.67,6,6,13.0,1.0,1.0,0.1379,Aman,Rendah
JJI-03307,Graduate,0,Tourism,Pindah program studi,Menikah,Perempuan,Siang,33,28-35 th,Lunas,Tidak,Tidak,Ya,120.0,120.0,12,10,13.3,11,11,13.73,0.833,1.0,0.1615,Aman,Rendah
JJI-03308,Graduate,0,Social Service (kelas malam),Pemegang gelar pendidikan tinggi lain,Lajang,Perempuan,Malam,32,28-35 th,Lunas,Tidak,Tidak,Tidak,121.3,120.0,11,11,13.45,11,7,12.43,1.0,0.636,0.4414,Berisiko,Tinggi
JJI-03309,Graduate,0,Nursing,Fase 1 - kuota umum,Lajang,Perempuan,Siang,17,≤20 th,Lunas,Tidak,Ya,Ya,133.3,140.0,8,8,13.42,8,8,13.42,1.0,1.0,0.0449,Aman,Rendah
JJI-03310,Dropout,1,Nursing,Usia di atas 23 tahun,Menikah,Perempuan,Siang,31,28-35 th,Lunas,Tidak,Tidak,Tidak,110.5,140.0,7,0,0.0,8,0,0.0,0.0,0.0,0.98,Berisiko,Sangat Tinggi
JJI-03311,Graduate,0,Social Service (kelas malam),Usia di atas 23 tahun,Menikah,Perempuan,Malam,32,28-35 th,Lunas,Tidak,Ya,Tidak,102.5,140.0,6,6,11.33,6,5,13.0,1.0,0.833,0.1373,Aman,Rendah
JJI-03312,Dropout,1,Veterinary Nursing,Fase 1 - kuota umum,Lajang,Perempuan,Siang,18,≤20 th,Lunas,Tidak,Tidak,Ya,150.9,156.0,6,6,16.0,6,6,14.62,1.0,1.0,0.0673,Aman,Rendah
JJI-03313,Enrolled,0,Communication Design,Pindah institusi/prodi,Lajang,Perempuan,Siang,31,28-35 th,Lunas,Ya,Tidak,Tidak,106.6,133.1,6,5,11.0,6,6,10.17,0.833,1.0,0.3368,Aman,Sedang
JJI-03314,Enrolled,0,Tourism,Fase 1 - kuota umum,Lajang,Laki-laki,Siang,20,≤20 th,Lunas,Tidak,Tidak,Tidak,118.3,120.0,6,6,12.86,6,5,12.4,1.0,0.833,0.1952,Aman,Rendah
JJI-03315,Dropout,1,Management (kelas malam),Pindah program studi,Lajang,Laki-laki,Malam,40,>35 th,Menunggak,Tidak,Tidak,Tidak,117.9,100.0,5,0,0.0,5,0,0.0,0.0,0.0,0.9929,Berisiko,Sangat Tinggi
JJI-03316,Graduate,0,Management (kelas malam),Fase 1 - kuota umum,Menikah,Laki-laki,Malam,32,28-35 th,Lunas,Tidak,Tidak,Ya,135.0,120.0,5,5,14.8,5,5,14.2,1.0,1.0,0.2225,Aman,Rendah
JJI-03317,Dropout,1,Informatics Engineering,Pemegang gelar pendidikan tinggi lain,Lajang,Laki-laki,Siang,40,>35 th,Menunggak,Tidak,Tidak,Tidak,120.0,120.0,5,1,13.0,5,2,14.0,0.2,0.4,0.9499,Berisiko,Sangat Tinggi
JJI-03318,Graduate,0,Animation & Multimedia Design,Fase 1 - kuota umum,Lajang,Laki-laki,Siang,18,≤20 th,Lunas,Tidak,Ya,Tidak,167.1,172.0,0,0,0.0,0,0,0.0,,,0.3596,Aman,Sedang
JJI-03319,Dropout,1,Management (kelas malam),Pindah program studi,Lajang,Laki-laki,Malam,28,28-35 th,Menunggak,Ya,Tidak,Tidak,115.8,120.0,9,4,10.0,6,1,10.0,0.444,0.167,0.9836,Berisiko,Sangat Tinggi
JJI-03320,Graduate,0,Communication Design,Fase 1 - kuota khusus (Madeira),Lajang,Laki-laki,Siang,19,≤20 th,Lunas,Ya,Tidak,Ya,141.2,137.0,6,5,11.2,6,6,12.0,0.833,1.0,0.2977,Aman,Sedang
JJI-03321,Graduate,0,Journalism & Communication,Fase 1 - kuota umum,Lajang,Laki-laki,Siang,19,≤20 th,Lunas,Tidak,Ya,Tidak,118.4,117.0,6,6,11.83,6,3,13.0,1.0,0.5,0.3014,Aman,Sedang
JJI-03322,Dropout,1,Management,Fase 1 - kuota umum,Lajang,Laki-laki,Siang,21,21-23 th,Lunas,Tidak,Tidak,Tidak,134.3,142.0,5,0,0.0,5,0,0.0,0.0,0.0,0.9544,Berisiko,Sangat Tinggi
JJI-03323,Dropout,1,Management,Fase 2 - kuota umum,Lajang,Laki-laki,Siang,22,21-23 th,Lunas,Tidak,Tidak,Ya,128.7,135.0,5,2,10.5,5,0,0.0,0.4,0.0,0.9529,Berisiko,Sangat Tinggi
JJI-03324,Dropout,1,Informatics Engineering,Fase 2 - kuota umum,Lajang,Laki-laki,Siang,18,≤20 th,Menunggak,Tidak,Tidak,Ya,116.1,115.0,5,5,12.5,5,5,13.57,1.0,1.0,0.5216,Berisiko,Tinggi
JJI-03325,Dropout,1,Animation & Multimedia Design,Usia di atas 23 tahun,Lajang,Laki-laki,Siang,27,24-27 th,Lunas,Tidak,Tidak,Ya,100.0,110.0,0,0,0.0,0,0,0.0,,,0.7136,Berisiko,Tinggi
JJI-03326,Enrolled,0,Animation & Multimedia Design,Fase 1 - kuota umum,Lajang,Laki-laki,Siang,19,≤20 th,Lunas,Tidak,Tidak,Tidak,118.8,123.0,10,5,11.0,7,2,10.0,0.5,0.286,0.8203,Berisiko,Sangat Tinggi
JJI-03327,Graduate,0,Management (kelas malam),Pindah program studi,Menikah,Laki-laki,Malam,30,28-35 th,Lunas,Tidak,Tidak,Ya,130.0,140.0,10,9,12.33,10,8,12.0,0.9,0.8,0.4313,Berisiko,Tinggi
JJI-03328,Dropout,1,Equinculture,Usia di atas 23 tahun,Lajang,Laki-laki,Siang,28,28-35 th,Lunas,Tidak,Tidak,Tidak,150.0,150.0,6,0,0.0,6,1,10.0,0.0,0.167,0.9383,Berisiko,Sangat Tinggi
JJI-03329,Enrolled,0,Informatics Engineering,Usia di atas 23 tahun,Kumpul kebo,Laki-laki,Siang,34,28-35 th,Lunas,Ya,Ya,Tidak,116.0,120.0,5,1,17.0,5,2,11.0,0.2,0.4,0.844,Berisiko,Sangat Tinggi
JJI-03330,Enrolled,0,Management,Fase 2 - kuota umum,Lajang,Laki-laki,Siang,21,21-23 th,Lunas,Tidak,Tidak,Tidak,99.0,110.0,5,5,11.0,5,3,11.43,1.0,0.6,0.4128,Aman,Sedang
JJI-03331,Graduate,0,Social Service,Fase 1 - kuota umum,Lajang,Laki-laki,Siang,20,≤20 th,Lunas,Tidak,Ya,Tidak,132.0,133.0,6,5,11.14,6,6,11.57,0.833,1.0,0.0798,Aman,Rendah
JJI-03332,Dropout,1,Tourism,Pindah program studi,Lajang,Laki-laki,Siang,31,28-35 th,Menunggak,Tidak,Tidak,Tidak,125.0,110.0,8,5,12.17,7,5,12.0,0.625,0.714,0.8435,Berisiko,Sangat Tinggi
JJI-03333,Dropout,1,Informatics Engineering,Fase 2 - kuota umum,Lajang,Laki-laki,Siang,21,21-23 th,Menunggak,Ya,Tidak,Tidak,116.2,126.0,5,2,11.0,5,2,11.5,0.4,0.4,0.9167,Berisiko,Sangat Tinggi
JJI-03334,Dropout,1,Advertising & Marketing Management,Usia di atas 23 tahun,Lajang,Laki-laki,Siang,27,24-27 th,Menunggak,Tidak,Tidak,Ya,100.0,133.1,5,1,11.0,5,3,10.67,0.2,0.6,0.9226,Berisiko,Sangat Tinggi
JJI-03335,Graduate,0,Journalism & Communication,Fase 1 - kuota umum,Lajang,Laki-laki,Siang,19,≤20 th,Lunas,Tidak,Tidak,Ya,132.9,136.0,6,4,13.25,6,5,11.8,0.667,0.833,0.3754,Aman,Sedang
JJI-03336,Enrolled,0,Journalism & Communication,Fase 2 - kuota umum,Lajang,Laki-laki,Siang,21,21-23 th,Lunas,Tidak,Tidak,Ya,132.5,129.0,6,0,0.0,6,1,10.0,0.0,0.167,0.9251,Berisiko,Sangat Tinggi
JJI-03337,Dropout,1,Agronomy,Pemegang diploma spesialisasi teknologi,Lajang,Laki-laki,Siang,21,21-23 th,Menunggak,Tidak,Tidak,Ya,140.0,140.0,6,2,12.5,6,0,0.0,0.333,0.0,0.9865,Berisiko,Sangat Tinggi
JJI-03338,Dropout,1,Advertising & Marketing Management,Pindah program studi,Lajang,Laki-laki,Siang,35,28-35 th,Menunggak,Tidak,Tidak,Tidak,100.1,160.0,10,7,12.14,9,4,12.25,0.7,0.444,0.954,Berisiko,Sangat Tinggi
JJI-03339,Dropout,1,Veterinary Nursing,Usia di atas 23 tahun,Lajang,Laki-laki,Siang,28,28-35 th,Lunas,Tidak,Tidak,Tidak,128.2,133.1,5,3,12.0,5,3,11.33,0.6,0.6,0.5054,Berisiko,Tinggi
JJI-03340,Enrolled,0,Advertising & Marketing Management,Fase 2 - kuota umum,Lajang,Laki-laki,Siang,24,24-27 th,Lunas,Tidak,Tidak,Tidak,133.4,140.0,6,4,11.25,6,4,10.43,0.667,0.667,0.5408,Berisiko,Tinggi
JJI-03341,Dropout,1,Journalism & Communication,Fase 1 - kuota umum,Lajang,Laki-laki,Siang,19,≤20 th,Menunggak,Tidak,Tidak,Ya,136.1,142.0,4,0,0.0,6,0,0.0,0.0,0.0,0.99,Berisiko,Sangat Tinggi
JJI-03342,Enrolled,0,Advertising & Marketing Management,Fase 2 - kuota umum,Lajang,Laki-laki,Siang,20,≤20 th,Menunggak,Ya,Tidak,Tidak,123.0,138.0,6,5,12.4,6,4,13.0,0.833,0.667,0.8213,Berisiko,Sangat Tinggi
JJI-03343,Graduate,0,Communication Design,Fase 1 - kuota umum,Lajang,Laki-laki,Siang,20,≤20 th,Lunas,Tidak,Ya,Ya,130.3,131.0,6,6,12.83,6,6,12.67,1.0,1.0,0.0926,Aman,Rendah
JJI-03344,Enrolled,0,Informatics Engineering,Fase 1 - kuota umum,Lajang,Laki-laki,Siang,19,≤20 th,Lunas,Tidak,Tidak,Tidak,153.7,160.0,5,1,13.0,5,2,10.0,0.2,0.4,0.599,Berisiko,Tinggi
JJI-03345,Dropout,1,Veterinary Nursing,Usia di atas 23 tahun,Lajang,Laki-laki,Siang,37,>35 th,Menunggak,Ya,Tidak,Tidak,142.5,110.0,7,5,12.0,7,3,11.67,0.714,0.429,0.95,Berisiko,Sangat Tinggi
JJI-03346,Dropout,1,Tourism,Fase 1 - kuota umum,Lajang,Laki-laki,Siang,19,≤20 th,Lunas,Tidak,Tidak,Ya,114.6,124.0,6,2,12.0,6,1,13.0,0.333,0.167,0.786,Berisiko,Sangat Tinggi
JJI-03347,Dropout,1,Nursing,Usia di atas 23 tahun,Lajang,Laki-laki,Siang,36,>35 th,Lunas,Tidak,Tidak,Tidak,108.5,120.0,7,0,0.0,7,0,0.0,0.0,0.0,0.9879,Berisiko,Sangat Tinggi
JJI-03348,Dropout,1,Management,Usia di atas 23 tahun,Lajang,Laki-laki,Siang,29,28-35 th,Lunas,Tidak,Tidak,Tidak,140.0,133.1,5,0,0.0,5,0,0.0,0.0,0.0,0.9505,Berisiko,Sangat Tinggi
JJI-03349,Graduate,0,Agronomy,Usia di atas 23 tahun,Lajang,Laki-laki,Siang,30,28-35 th,Lunas,Tidak,Tidak,Tidak,120.0,133.1,6,6,11.38,6,5,11.6,1.0,0.833,0.2952,Aman,Sedang
JJI-03350,Dropout,1,Advertising & Marketing Management,Pindah institusi/prodi,Lajang,Laki-laki,Siang,32,28-35 th,Lunas,Ya,Tidak,Tidak,120.0,133.1,6,2,12.0,6,0,0.0,0.333,0.0,0.9861,Berisiko,Sangat Tinggi
JJI-03351,Enrolled,0,Social Service (kelas malam),Fase 1 - kuota umum,Lajang,Laki-laki,Malam,26,24-27 th,Lunas,Tidak,Tidak,Ya,127.6,123.0,6,6,11.83,6,6,11.67,1.0,1.0,0.1423,Aman,Rendah
JJI-03352,Dropout,1,Agronomy,Pemegang diploma spesialisasi teknologi,Menikah,Laki-laki,Siang,37,>35 th,Lunas,Tidak,Tidak,Tidak,140.0,140.0,6,1,12.0,6,2,10.5,0.167,0.333,0.8342,Berisiko,Sangat Tinggi
JJI-03353,Dropout,1,Informatics Engineering,Usia di atas 23 tahun,Lajang,Laki-laki,Siang,27,24-27 th,Lunas,Tidak,Tidak,Tidak,111.3,138.7,6,3,12.0,6,2,11.0,0.5,0.333,0.8093,Berisiko,Sangat Tinggi
JJI-03354,Graduate,0,Journalism & Communication,Fase 1 - kuota umum,Lajang,Laki-laki,Siang,18,≤20 th,Lunas,Tidak,Ya,Ya,131.0,131.0,6,6,12.71,6,5,11.83,1.0,0.833,0.1798,Aman,Rendah
JJI-03355,Graduate,0,Nursing,Fase 1 - kuota umum,Lajang,Laki-laki,Siang,18,≤20 th,Lunas,Tidak,Ya,Tidak,139.5,149.0,8,8,15.3,8,8,15.3,1.0,1.0,0.0394,Aman,Rendah
JJI-03356,Dropout,1,Agronomy,Usia di atas 23 tahun,Menikah,Laki-laki,Siang,32,28-35 th,Menunggak,Tidak,Tidak,Tidak,110.0,133.1,8,2,11.5,7,0,0.0,0.25,0.0,0.997,Berisiko,Sangat Tinggi
JJI-03357,Enrolled,0,Informatics Engineering,Pemegang diploma spesialisasi teknologi,Lajang,Laki-laki,Siang,20,≤20 th,Lunas,Tidak,Tidak,Tidak,130.0,130.0,5,1,13.0,5,3,12.6,0.2,0.6,0.5291,Berisiko,Tinggi
JJI-03358,Dropout,1,Agronomy,Pindah program studi,Lajang,Laki-laki,Siang,22,21-23 th,Lunas,Tidak,Tidak,Tidak,115.0,120.0,6,0,0.0,6,0,0.0,0.0,0.0,0.9628,Berisiko,Sangat Tinggi
JJI-03359,Dropout,1,Nursing,Usia di atas 23 tahun,Bercerai,Perempuan,Siang,32,28-35 th,Lunas,Tidak,Tidak,Tidak,154.3,133.1,7,0,0.0,8,0,0.0,0.0,0.0,0.9868,Berisiko,Sangat Tinggi
JJI-03360,Enrolled,0,Management,Fase 1 - kuota umum,Lajang,Perempuan,Siang,21,21-23 th,Lunas,Tidak,Tidak,Ya,135.0,143.0,5,4,11.0,5,5,12.0,0.8,1.0,0.1555,Aman,Rendah
JJI-03361,Dropout,1,Advertising & Marketing Management,Fase 2 - kuota umum,Lajang,Perempuan,Siang,19,≤20 th,Menunggak,Tidak,Tidak,Tidak,115.2,126.0,6,3,12.67,6,5,13.12,0.5,0.833,0.68,Berisiko,Tinggi
JJI-03362,Graduate,0,Journalism & Communication,Fase 1 - kuota umum,Lajang,Perempuan,Siang,18,≤20 th,Lunas,Tidak,Ya,Ya,130.6,125.0,6,6,13.5,6,6,14.0,1.0,1.0,0.0777,Aman,Rendah
JJI-03363,Graduate,0,Management,Fase 1 - kuota umum,Lajang,Perempuan,Siang,18,≤20 th,Lunas,Tidak,Ya,Ya,117.4,123.0,5,5,12.0,5,5,11.4,1.0,1.0,0.0941,Aman,Rendah
JJI-03364,Dropout,1,Management,Pemegang gelar pendidikan tinggi lain,Lajang,Perempuan,Siang,38,>35 th,Menunggak,Ya,Tidak,Ya,150.0,150.0,5,0,0.0,5,0,0.0,0.0,0.0,0.996,Berisiko,Sangat Tinggi
JJI-03365,Dropout,1,Basic Education,Fase 2 - kuota umum,Lajang,Perempuan,Siang,21,21-23 th,Lunas,Tidak,Tidak,Ya,131.3,132.0,6,5,11.8,6,4,10.5,0.833,0.667,0.5517,Berisiko,Tinggi
JJI-03366,Dropout,1,Social Service,Fase 1 - kuota umum,Lajang,Perempuan,Siang,21,21-23 th,Menunggak,Tidak,Tidak,Tidak,120.4,133.0,6,2,11.5,6,1,13.0,0.333,0.167,0.8644,Berisiko,Sangat Tinggi
JJI-03367,Enrolled,0,Management (kelas malam),Fase 1 - kuota umum,Lajang,Laki-laki,Malam,26,24-27 th,Lunas,Tidak,Tidak,Tidak,113.6,122.0,5,2,11.5,5,3,12.0,0.4,0.6,0.5691,Berisiko,Tinggi
JJI-03368,Graduate,0,Nursing,Fase 1 - kuota umum,Lajang,Perempuan,Siang,19,≤20 th,Lunas,Tidak,Tidak,Ya,125.0,137.0,7,6,14.62,7,6,14.62,0.857,0.857,0.1285,Aman,Rendah
JJI-03369,Enrolled,0,Nursing,Fase 1 - kuota umum,Lajang,Perempuan,Siang,19,≤20 th,Lunas,Tidak,Ya,Ya,132.3,145.0,8,7,14.06,8,7,14.06,0.875,0.875,0.0879,Aman,Rendah
JJI-03370,Dropout,1,Tourism,Fase 2 - kuota umum,Lajang,Perempuan,Siang,18,≤20 th,Lunas,Ya,Tidak,Tidak,142.7,150.0,6,4,11.0,6,3,11.33,0.667,0.5,0.5658,Berisiko,Tinggi
JJI-03371,Dropout,1,Management,Pemegang gelar pendidikan tinggi lain,Lajang,Perempuan,Siang,25,24-27 th,Lunas,Tidak,Tidak,Tidak,130.0,130.0,5,0,0.0,5,0,0.0,0.0,0.0,0.9393,Berisiko,Sangat Tinggi
JJI-03372,Graduate,0,Nursing,Fase 1 - kuota umum,Lajang,Perempuan,Siang,19,≤20 th,Lunas,Tidak,Tidak,Ya,120.8,136.0,14,7,12.19,14,7,12.19,0.5,0.5,0.8479,Berisiko,Sangat Tinggi
JJI-03373,Graduate,0,Tourism,Fase 2 - kuota umum,Lajang,Perempuan,Siang,18,≤20 th,Lunas,Tidak,Ya,Ya,130.3,131.0,6,6,12.83,6,6,12.33,1.0,1.0,0.106,Aman,Rendah
JJI-03374,Graduate,0,Management,Fase 2 - kuota umum,Lajang,Perempuan,Siang,19,≤20 th,Lunas,Tidak,Ya,Tidak,119.9,130.0,5,5,12.88,5,5,11.83,1.0,1.0,0.0979,Aman,Rendah
JJI-03375,Graduate,0,Social Service,Fase 1 - kuota umum,Lajang,Perempuan,Siang,22,21-23 th,Lunas,Tidak,Ya,Ya,110.5,108.0,6,6,12.17,6,6,12.5,1.0,1.0,0.0601,Aman,Rendah
JJI-03376,Graduate,0,Agronomy,Pemegang diploma spesialisasi teknologi,Lajang,Perempuan,Siang,21,21-23 th,Lunas,Tidak,Tidak,Ya,160.0,160.0,6,6,13.43,6,6,12.86,1.0,1.0,0.109,Aman,Rendah
JJI-03377,Graduate,0,Veterinary Nursing,Fase 2 - kuota umum,Lajang,Perempuan,Siang,21,21-23 th,Lunas,Tidak,Ya,Ya,118.6,113.0,6,6,14.5,6,6,14.67,1.0,1.0,0.0745,Aman,Rendah
JJI-03378,Graduate,0,Basic Education,Fase 1 - kuota umum,Lajang,Perempuan,Siang,20,≤20 th,Lunas,Tidak,Ya,Tidak,112.3,113.0,7,7,12.14,7,7,12.86,1.0,1.0,0.0952,Aman,Rendah
JJI-03379,Enrolled,0,Management,Fase 1 - kuota umum,Menikah,Perempuan,Siang,19,≤20 th,Lunas,Tidak,Tidak,Tidak,124.4,137.0,5,4,11.25,5,3,11.71,0.8,0.6,0.2505,Aman,Sedang
JJI-03380,Graduate,0,Nursing,Fase 1 - kuota umum,Lajang,Perempuan,Siang,18,≤20 th,Lunas,Tidak,Tidak,Ya,125.0,148.0,7,6,13.9,7,6,13.9,0.857,0.857,0.1332,Aman,Rendah
JJI-03381,Dropout,1,Nursing,Usia di atas 23 tahun,Lajang,Perempuan,Siang,26,24-27 th,Lunas,Tidak,Tidak,Tidak,105.8,130.0,7,3,13.77,7,3,12.07,0.429,0.429,0.6557,Berisiko,Tinggi
JJI-03382,Dropout,1,Management,Ordinance 533-A/99 b2 (beda kurikulum),Lajang,Perempuan,Siang,31,28-35 th,Lunas,Tidak,Tidak,Ya,121.5,133.1,15,13,11.62,14,11,12.55,0.867,0.786,0.3118,Aman,Sedang
JJI-03383,Graduate,0,Social Service,Fase 2 - kuota umum,Lajang,Perempuan,Siang,18,≤20 th,Lunas,Tidak,Ya,Ya,134.2,138.0,6,6,15.17,6,6,14.14,1.0,1.0,0.0596,Aman,Rendah
JJI-03384,Dropout,1,Management,Pemegang gelar pendidikan tinggi lain,Bercerai,Perempuan,Siang,35,28-35 th,Lunas,Tidak,Tidak,Tidak,130.0,130.0,5,0,0.0,5,0,0.0,0.0,0.0,0.9487,Berisiko,Sangat Tinggi
JJI-03385,Enrolled,0,Veterinary Nursing,Fase 1 - kuota umum,Lajang,Perempuan,Siang,19,≤20 th,Lunas,Tidak,Tidak,Ya,122.8,127.0,5,2,14.5,5,3,11.33,0.4,0.6,0.3586,Aman,Sedang
JJI-03386,Graduate,0,Social Service,Fase 1 - kuota umum,Lajang,Perempuan,Siang,19,≤20 th,Lunas,Tidak,Ya,Tidak,108.7,115.0,6,5,10.8,6,6,10.71,0.833,1.0,0.071,Aman,Rendah
JJI-03387,Graduate,0,Nursing,Fase 1 - kuota umum,Lajang,Perempuan,Siang,18,≤20 th,Lunas,Tidak,Tidak,Tidak,136.7,147.0,7,7,14.0,8,8,14.96,1.0,1.0,0.0459,Aman,Rendah
JJI-03388,Graduate,0,Veterinary Nursing,Fase 2 - kuota umum,Lajang,Perempuan,Siang,20,≤20 th,Lunas,Tidak,Tidak,Tidak,119.1,132.0,6,6,13.29,6,6,11.8,1.0,1.0,0.1261,Aman,Rendah
JJI-03389,Graduate,0,Animation & Multimedia Design,Fase 1 - kuota umum,Lajang,Perempuan,Siang,19,≤20 th,Lunas,Tidak,Ya,Ya,151.3,146.0,12,12,12.75,11,11,13.25,1.0,1.0,0.0525,Aman,Rendah
JJI-03390,Enrolled,0,Social Service,Pindah program studi,Lajang,Perempuan,Siang,21,21-23 th,Lunas,Tidak,Ya,Tidak,108.3,109.0,6,2,10.5,6,5,12.4,0.333,0.833,0.2022,Aman,Rendah
JJI-03391,Graduate,0,Basic Education,Fase 2 - kuota umum,Lajang,Perempuan,Siang,18,≤20 th,Lunas,Ya,Ya,Tidak,127.4,133.0,7,7,12.71,7,7,12.29,1.0,1.0,0.2013,Aman,Rendah
JJI-03392,Graduate,0,Nursing,Transfer,Lajang,Perempuan,Siang,23,21-23 th,Lunas,Tidak,Tidak,Tidak,124.0,124.0,8,8,12.89,8,8,12.89,1.0,1.0,0.0888,Aman,Rendah
JJI-03393,Graduate,0,Communication Design,Fase 1 - kuota umum,Lajang,Perempuan,Siang,21,21-23 th,Lunas,Tidak,Ya,Tidak,155.0,133.1,6,5,13.0,6,6,12.67,0.833,1.0,0.0757,Aman,Rendah
JJI-03394,Graduate,0,Management,Fase 1 - kuota umum,Lajang,Perempuan,Siang,19,≤20 th,Lunas,Tidak,Ya,Tidak,114.0,121.0,5,5,12.2,5,5,11.2,1.0,1.0,0.0683,Aman,Rendah
JJI-03395,Enrolled,0,Management,Fase 1 - kuota umum,Lajang,Perempuan,Siang,19,≤20 th,Lunas,Tidak,Tidak,Ya,118.9,129.0,5,4,12.8,5,3,14.5,0.8,0.6,0.2336,Aman,Rendah
JJI-03396,Graduate,0,Veterinary Nursing,Pemegang diploma short cycle,Lajang,Perempuan,Siang,20,≤20 th,Lunas,Tidak,Tidak,Ya,160.0,160.0,11,11,13.79,9,9,13.89,1.0,1.0,0.0877,Aman,Rendah
JJI-03397,Enrolled,0,Management,Pindah program studi,Lajang,Perempuan,Siang,18,≤20 th,Lunas,Tidak,Tidak,Tidak,126.1,131.0,5,0,0.0,5,4,13.25,0.0,0.8,0.3086,Aman,Sedang
JJI-03398,Graduate,0,Nursing,Fase 1 - kuota umum,Lajang,Perempuan,Siang,18,≤20 th,Lunas,Tidak,Ya,Ya,136.5,150.0,8,8,14.5,8,8,14.5,1.0,1.0,0.034,Aman,Rendah
JJI-03399,Graduate,0,Nursing,Fase 1 - kuota umum,Menikah,Perempuan,Siang,19,≤20 th,Lunas,Tidak,Tidak,Tidak,122.3,130.0,7,6,14.35,7,6,14.35,0.857,0.857,0.1238,Aman,Rendah
JJI-03400,Graduate,0,Communication Design,Fase 2 - kuota umum,Lajang,Perempuan,Siang,21,21-23 th,Lunas,Tidak,Ya,Tidak,128.0,133.1,6,6,11.5,6,6,12.33,1.0,1.0,0.0889,Aman,Rendah
JJI-03401,Graduate,0,Social Service,Fase 1 - kuota umum,Lajang,Perempuan,Siang,18,≤20 th,Lunas,Tidak,Ya,Ya,156.5,154.0,6,6,11.71,6,6,14.67,1.0,1.0,0.0428,Aman,Rendah
JJI-03402,Enrolled,0,Advertising & Marketing Management,Fase 1 - kuota umum,Lajang,Perempuan,Siang,20,≤20 th,Lunas,Tidak,Tidak,Tidak,125.7,126.0,6,6,13.57,6,5,13.6,1.0,0.833,0.174,Aman,Rendah
JJI-03403,Graduate,0,Journalism & Communication,Fase 1 - kuota umum,Lajang,Perempuan,Siang,18,≤20 th,Lunas,Tidak,Tidak,Tidak,143.0,150.0,6,5,13.0,6,6,13.67,0.833,1.0,0.1212,Aman,Rendah
JJI-03404,Graduate,0,Nursing,Fase 2 - kuota umum,Lajang,Perempuan,Siang,18,≤20 th,Lunas,Tidak,Ya,Ya,131.9,141.0,7,7,13.57,8,8,14.03,1.0,1.0,0.0686,Aman,Rendah
JJI-03405,Enrolled,0,Management (kelas malam),Pindah program studi,Menikah,Perempuan,Malam,32,28-35 th,Lunas,Tidak,Tidak,Tidak,113.7,134.0,5,5,10.2,5,4,11.25,1.0,0.8,0.3461,Aman,Sedang
JJI-03406,Graduate,0,Animation & Multimedia Design,Fase 2 - kuota umum,Lajang,Perempuan,Siang,18,≤20 th,Lunas,Tidak,Tidak,Ya,155.1,146.0,0,0,0.0,0,0,0.0,,,0.555,Berisiko,Tinggi
JJI-03407,Enrolled,0,Basic Education,Fase 1 - kuota khusus (Madeira),Lajang,Perempuan,Siang,19,≤20 th,Lunas,Tidak,Tidak,Ya,121.1,134.0,6,5,12.2,6,5,11.8,0.833,0.833,0.3796,Aman,Sedang
JJI-03408,Graduate,0,Nursing,Fase 1 - kuota umum,Lajang,Perempuan,Siang,18,≤20 th,Lunas,Tidak,Ya,Ya,130.3,139.0,8,8,14.15,8,8,14.15,1.0,1.0,0.042,Aman,Rendah
JJI-03409,Dropout,1,Nursing,Fase 1 - kuota umum,Lajang,Perempuan,Siang,18,≤20 th,Menunggak,Tidak,Tidak,Tidak,123.3,136.0,8,0,0.0,8,0,0.0,0.0,0.0,0.9955,Berisiko,Sangat Tinggi
JJI-03410,Graduate,0,Journalism & Communication,Fase 1 - kuota umum,Lajang,Perempuan,Siang,20,≤20 th,Lunas,Tidak,Tidak,Ya,117.4,110.0,6,6,13.83,6,6,12.83,1.0,1.0,0.1607,Aman,Rendah
JJI-03411,Enrolled,0,Advertising & Marketing Management,Fase 1 - kuota khusus (Azores),Lajang,Perempuan,Siang,19,≤20 th,Lunas,Tidak,Tidak,Ya,140.3,135.0,6,6,13.43,6,4,14.0,1.0,0.667,0.2699,Aman,Sedang
JJI-03412,Graduate,0,Nursing,Fase 2 - kuota umum,Lajang,Perempuan,Siang,19,≤20 th,Lunas,Tidak,Tidak,Ya,120.0,129.0,8,7,12.45,8,7,12.45,0.875,0.875,0.1886,Aman,Rendah
JJI-03413,Enrolled,0,Management,Fase 2 - kuota umum,Lajang,Perempuan,Siang,18,≤20 th,Lunas,Tidak,Tidak,Tidak,133.4,139.0,5,1,11.0,5,0,0.0,0.2,0.0,0.9024,Berisiko,Sangat Tinggi
JJI-03414,Dropout,1,Nursing,Fase 1 - kuota umum,Lajang,Perempuan,Siang,18,≤20 th,Lunas,Tidak,Tidak,Ya,126.7,137.0,7,0,0.0,8,0,0.0,0.0,0.0,0.9753,Berisiko,Sangat Tinggi
JJI-03415,Graduate,0,Nursing,Fase 2 - kuota umum,Lajang,Perempuan,Siang,18,≤20 th,Lunas,Tidak,Ya,Ya,129.3,138.0,7,6,13.27,8,7,12.94,0.857,0.875,0.1067,Aman,Rendah
JJI-03416,Enrolled,0,Nursing,Fase 2 - kuota umum,Lajang,Perempuan,Siang,20,≤20 th,Lunas,Tidak,Tidak,Ya,125.7,136.0,7,6,13.55,8,6,14.78,0.857,0.75,0.2595,Aman,Sedang
JJI-03417,Enrolled,0,Journalism & Communication,Fase 1 - kuota umum,Lajang,Perempuan,Siang,19,≤20 th,Lunas,Tidak,Tidak,Tidak,144.8,143.0,6,6,12.17,6,6,12.5,1.0,1.0,0.1058,Aman,Rendah
JJI-03418,Dropout,1,Tourism,Fase 1 - kuota umum,Lajang,Perempuan,Siang,21,21-23 th,Lunas,Tidak,Tidak,Tidak,98.6,133.1,6,2,11.0,6,0,0.0,0.333,0.0,0.938,Berisiko,Sangat Tinggi
JJI-03419,Graduate,0,Basic Education,Fase 1 - kuota umum,Lajang,Perempuan,Siang,19,≤20 th,Lunas,Tidak,Ya,Ya,126.9,136.0,7,7,13.29,7,7,14.43,1.0,1.0,0.087,Aman,Rendah
JJI-03420,Graduate,0,Social Service,Fase 2 - kuota umum,Lajang,Perempuan,Siang,20,≤20 th,Lunas,Tidak,Ya,Ya,146.7,139.0,6,6,13.33,6,6,14.0,1.0,1.0,0.0627,Aman,Rendah
JJI-03421,Graduate,0,Nursing,Fase 1 - kuota umum,Lajang,Perempuan,Siang,21,21-23 th,Lunas,Tidak,Ya,Tidak,117.0,125.0,8,8,13.26,8,8,13.26,1.0,1.0,0.0416,Aman,Rendah
JJI-03422,Dropout,1,Veterinary Nursing,Pemegang diploma spesialisasi teknologi,Lajang,Perempuan,Siang,23,21-23 th,Lunas,Tidak,Tidak,Ya,130.0,130.0,6,0,0.0,6,0,0.0,0.0,0.0,0.9536,Berisiko,Sangat Tinggi
JJI-03423,Dropout,1,Social Service,Fase 2 - kuota umum,Lajang,Perempuan,Siang,18,≤20 th,Menunggak,Tidak,Ya,Tidak,125.8,137.0,6,6,12.67,6,2,11.5,1.0,0.333,0.5994,Berisiko,Tinggi
JJI-03424,Dropout,1,Management (kelas malam),Usia di atas 23 tahun,Menikah,Perempuan,Malam,30,28-35 th,Lunas,Tidak,Tidak,Tidak,160.0,130.0,5,5,14.6,5,5,15.4,1.0,1.0,0.1622,Aman,Rendah
JJI-03425,Dropout,1,Veterinary Nursing,Fase 1 - kuota umum,Lajang,Perempuan,Siang,20,≤20 th,Lunas,Tidak,Tidak,Ya,134.2,130.0,5,0,0.0,5,0,0.0,0.0,0.0,0.9156,Berisiko,Sangat Tinggi
JJI-03426,Dropout,1,Management,Pindah program studi,Menikah,Perempuan,Siang,29,28-35 th,Menunggak,Tidak,Tidak,Tidak,96.0,160.0,5,3,12.33,5,0,0.0,0.6,0.0,0.9688,Berisiko,Sangat Tinggi
JJI-03427,Enrolled,0,Management,Fase 3 - kuota umum,Lajang,Perempuan,Siang,24,24-27 th,Lunas,Tidak,Tidak,Ya,101.8,100.0,5,5,10.8,5,2,11.0,1.0,0.4,0.4491,Berisiko,Tinggi
JJI-03428,Graduate,0,Social Service,Fase 1 - kuota umum,Lajang,Perempuan,Siang,20,≤20 th,Lunas,Tidak,Tidak,Ya,125.2,136.0,6,6,11.67,6,6,11.33,1.0,1.0,0.0988,Aman,Rendah
JJI-03429,Dropout,1,Social Service (kelas malam),Pindah program studi,Lajang,Perempuan,Malam,27,24-27 th,Lunas,Tidak,Tidak,Tidak,100.0,117.0,6,4,12.5,6,6,14.33,0.667,1.0,0.1301,Aman,Rendah
JJI-03430,Dropout,1,Management,Pemegang gelar pendidikan tinggi lain,Menikah,Perempuan,Siang,23,21-23 th,Lunas,Tidak,Tidak,Tidak,140.0,140.0,5,0,0.0,5,0,0.0,0.0,0.0,0.9348,Berisiko,Sangat Tinggi
JJI-03431,Graduate,0,Communication Design,Pindah institusi/prodi,Lajang,Perempuan,Siang,23,21-23 th,Lunas,Tidak,Ya,Tidak,120.0,132.0,6,6,15.33,6,6,14.17,1.0,1.0,0.0729,Aman,Rendah
JJI-03432,Graduate,0,Nursing,Fase 1 - kuota umum,Lajang,Perempuan,Siang,18,≤20 th,Lunas,Tidak,Tidak,Ya,134.3,147.0,8,7,14.2,8,7,14.2,0.875,0.875,0.1271,Aman,Rendah
JJI-03433,Graduate,0,Journalism & Communication,Fase 1 - kuota umum,Lajang,Perempuan,Siang,19,≤20 th,Lunas,Tidak,Ya,Ya,144.7,158.0,6,6,14.83,6,6,14.67,1.0,1.0,0.085,Aman,Rendah
JJI-03434,Dropout,1,Nursing,Fase 2 - kuota umum,Lajang,Perempuan,Siang,19,≤20 th,Lunas,Tidak,Tidak,Ya,131.9,142.0,7,7,13.64,8,8,14.39,1.0,1.0,0.0988,Aman,Rendah
JJI-03435,Dropout,1,Journalism & Communication,Fase 1 - kuota umum,Lajang,Perempuan,Siang,18,≤20 th,Lunas,Tidak,Ya,Ya,136.7,143.0,6,6,13.83,6,6,14.0,1.0,1.0,0.0675,Aman,Rendah
JJI-03436,Graduate,0,Communication Design,Fase 1 - kuota umum,Lajang,Perempuan,Siang,19,≤20 th,Lunas,Tidak,Tidak,Ya,129.8,135.0,6,6,11.83,6,6,13.0,1.0,1.0,0.1022,Aman,Rendah
JJI-03437,Graduate,0,Journalism & Communication,Fase 1 - kuota umum,Lajang,Perempuan,Siang,18,≤20 th,Lunas,Tidak,Ya,Tidak,146.5,160.0,6,6,13.43,6,6,13.5,1.0,1.0,0.0762,Aman,Rendah
JJI-03438,Enrolled,0,Management (kelas malam),Pindah program studi,Lajang,Perempuan,Malam,29,28-35 th,Lunas,Tidak,Tidak,Ya,122.5,120.0,13,8,10.5,12,9,10.33,0.615,0.75,0.659,Berisiko,Tinggi
JJI-03439,Graduate,0,Oral Hygiene,Usia di atas 23 tahun,Lajang,Perempuan,Siang,24,24-27 th,Lunas,Tidak,Tidak,Tidak,117.8,133.1,7,6,11.42,8,8,11.96,0.857,1.0,0.1432,Aman,Rendah
JJI-03440,Dropout,1,Oral Hygiene,Fase 2 - kuota umum,Lajang,Perempuan,Siang,19,≤20 th,Lunas,Tidak,Tidak,Ya,106.0,133.1,7,2,12.75,7,2,11.0,0.286,0.286,0.8294,Berisiko,Sangat Tinggi
JJI-03441,Enrolled,0,Oral Hygiene,Fase 2 - kuota umum,Lajang,Perempuan,Siang,19,≤20 th,Lunas,Tidak,Tidak,Tidak,119.0,133.0,7,6,11.15,7,7,12.81,0.857,1.0,0.1198,Aman,Rendah
JJI-03442,Enrolled,0,Advertising & Marketing Management,Fase 1 - kuota umum,Lajang,Perempuan,Siang,19,≤20 th,Lunas,Tidak,Tidak,Tidak,115.1,120.0,6,3,11.67,6,5,13.62,0.5,0.833,0.2163,Aman,Rendah
JJI-03443,Graduate,0,Tourism,Fase 2 - kuota umum,Lajang,Perempuan,Siang,20,≤20 th,Lunas,Tidak,Tidak,Ya,116.9,106.0,6,6,11.5,6,5,12.4,1.0,0.833,0.2625,Aman,Sedang
JJI-03444,Graduate,0,Journalism & Communication,Fase 1 - kuota umum,Lajang,Perempuan,Siang,18,≤20 th,Lunas,Tidak,Tidak,Tidak,141.7,148.0,6,6,13.83,6,6,12.67,1.0,1.0,0.1252,Aman,Rendah
JJI-03445,Dropout,1,Communication Design,Fase 1 - kuota umum,Lajang,Perempuan,Siang,18,≤20 th,Menunggak,Tidak,Tidak,Ya,127.7,134.0,6,6,11.71,6,4,11.33,1.0,0.667,0.5619,Berisiko,Tinggi
JJI-03446,Graduate,0,Nursing,Fase 1 - kuota umum,Lajang,Perempuan,Siang,19,≤20 th,Lunas,Tidak,Ya,Ya,122.1,130.0,7,7,11.68,8,7,13.04,1.0,0.875,0.0831,Aman,Rendah
JJI-03447,Dropout,1,Veterinary Nursing,Fase 1 - kuota khusus (Madeira),Lajang,Perempuan,Siang,19,≤20 th,Lunas,Tidak,Tidak,Ya,153.5,150.0,6,6,15.71,6,6,14.67,1.0,1.0,0.0815,Aman,Rendah
JJI-03448,Graduate,0,Animation & Multimedia Design,Fase 1 - kuota umum,Lajang,Perempuan,Siang,18,≤20 th,Lunas,Tidak,Ya,Ya,141.4,141.0,0,0,0.0,0,0,0.0,,,0.3734,Aman,Sedang
JJI-03449,Graduate,0,Journalism & Communication,Fase 1 - kuota umum,Lajang,Perempuan,Siang,19,≤20 th,Lunas,Tidak,Ya,Ya,135.8,140.0,6,6,13.0,6,6,13.0,1.0,1.0,0.0914,Aman,Rendah
JJI-03450,Graduate,0,Nursing,Fase 1 - kuota umum,Lajang,Perempuan,Siang,18,≤20 th,Lunas,Tidak,Ya,Ya,127.5,138.0,7,7,14.49,8,8,14.59,1.0,1.0,0.0398,Aman,Rendah
JJI-03451,Enrolled,0,Management (kelas malam),Usia di atas 23 tahun,Lajang,Perempuan,Malam,24,24-27 th,Lunas,Tidak,Tidak,Tidak,151.6,130.0,5,5,12.29,5,5,12.12,1.0,1.0,0.1776,Aman,Rendah
JJI-03452,Enrolled,0,Nursing,Usia di atas 23 tahun,Lajang,Perempuan,Siang,28,28-35 th,Lunas,Ya,Tidak,Tidak,121.4,133.1,7,4,13.38,7,5,13.5,0.571,0.714,0.4918,Berisiko,Tinggi
JJI-03453,Graduate,0,Nursing,Transfer,Lajang,Perempuan,Siang,20,≤20 th,Lunas,Tidak,Tidak,Tidak,100.0,133.0,8,7,11.57,8,7,11.57,0.875,0.875,0.1926,Aman,Rendah
JJI-03454,Graduate,0,Nursing,Fase 1 - kuota umum,Lajang,Perempuan,Siang,19,≤20 th,Lunas,Tidak,Ya,Ya,131.5,150.0,8,7,12.66,8,7,12.66,0.875,0.875,0.1017,Aman,Rendah
JJI-03455,Dropout,1,Management,Fase 2 - kuota umum,Lajang,Perempuan,Siang,22,21-23 th,Menunggak,Tidak,Tidak,Tidak,109.3,117.0,5,2,10.0,5,1,10.0,0.4,0.2,0.8911,Berisiko,Sangat Tinggi
JJI-03456,Graduate,0,Social Service,Fase 1 - kuota umum,Lajang,Perempuan,Siang,19,≤20 th,Lunas,Tidak,Tidak,Ya,127.9,145.0,6,6,13.71,6,6,13.17,1.0,1.0,0.0693,Aman,Rendah
JJI-03457,Graduate,0,Social Service,Pemegang gelar pendidikan tinggi lain,Lajang,Perempuan,Siang,36,>35 th,Lunas,Tidak,Tidak,Ya,140.0,140.0,14,13,13.07,11,11,13.0,0.929,1.0,0.1615,Aman,Rendah
JJI-03458,Graduate,0,Agronomy,Pemegang diploma spesialisasi teknologi,Lajang,Perempuan,Siang,19,≤20 th,Lunas,Tidak,Ya,Tidak,160.0,160.0,6,6,15.33,6,6,14.0,1.0,1.0,0.0538,Aman,Rendah
JJI-03459,Graduate,0,Social Service,Fase 2 - kuota umum,Lajang,Perempuan,Siang,18,≤20 th,Lunas,Tidak,Tidak,Tidak,119.8,125.0,6,5,11.57,6,6,12.14,0.833,1.0,0.1026,Aman,Rendah
JJI-03460,Dropout,1,Management (kelas malam),Pindah program studi,Bercerai,Perempuan,Malam,40,>35 th,Menunggak,Tidak,Tidak,Tidak,153.0,133.1,5,0,0.0,5,0,0.0,0.0,0.0,0.9913,Berisiko,Sangat Tinggi
JJI-03461,Graduate,0,Nursing,Fase 1 - kuota umum,Lajang,Perempuan,Siang,19,≤20 th,Lunas,Tidak,Ya,Ya,125.0,139.0,7,6,12.9,7,6,12.9,0.857,0.857,0.1029,Aman,Rendah
JJI-03462,Enrolled,0,Nursing,Pindah program studi,Bercerai,Perempuan,Siang,38,>35 th,Lunas,Tidak,Tidak,Tidak,103.7,130.0,8,5,13.13,8,5,13.13,0.625,0.625,0.4565,Berisiko,Tinggi
JJI-03463,Dropout,1,Veterinary Nursing,Pemegang gelar pendidikan tinggi lain,Lajang,Perempuan,Siang,32,28-35 th,Lunas,Tidak,Tidak,Tidak,120.0,120.0,10,4,11.5,9,3,11.67,0.4,0.333,0.889,Berisiko,Sangat Tinggi
JJI-03464,Enrolled,0,Basic Education,Fase 1 - kuota umum,Lajang,Perempuan,Siang,19,≤20 th,Lunas,Tidak,Tidak,Ya,146.0,160.0,6,3,10.33,6,5,11.8,0.5,0.833,0.3953,Aman,Sedang
JJI-03465,Graduate,0,Communication Design,Fase 2 - kuota umum,Lajang,Perempuan,Siang,19,≤20 th,Lunas,Tidak,Tidak,Ya,116.9,120.0,6,6,13.5,6,6,13.43,1.0,1.0,0.135,Aman,Rendah
JJI-03466,Dropout,1,Management,Usia di atas 23 tahun,Menikah,Perempuan,Siang,35,28-35 th,Lunas,Tidak,Tidak,Tidak,117.9,130.0,1,0,0.0,5,0,0.0,0.0,0.0,0.9121,Berisiko,Sangat Tinggi
JJI-03467,Enrolled,0,Management,Fase 1 - kuota umum,Lajang,Perempuan,Siang,20,≤20 th,Lunas,Tidak,Tidak,Ya,128.6,124.0,5,4,12.0,4,2,11.5,0.8,0.5,0.3189,Aman,Sedang
JJI-03468,Graduate,0,Basic Education,Fase 2 - kuota umum,Lajang,Perempuan,Siang,29,28-35 th,Lunas,Tidak,Tidak,Tidak,135.0,150.0,8,7,11.14,8,8,11.38,0.875,1.0,0.2675,Aman,Sedang
JJI-03469,Enrolled,0,Management (kelas malam),Fase 1 - kuota umum,Lajang,Perempuan,Malam,29,28-35 th,Lunas,Tidak,Tidak,Tidak,124.6,140.0,5,5,11.4,5,4,10.25,1.0,0.8,0.3379,Aman,Sedang
JJI-03470,Enrolled,0,Nursing,Fase 1 - kuota umum,Lajang,Perempuan,Siang,19,≤20 th,Lunas,Tidak,Ya,Ya,124.0,135.0,8,7,12.77,8,7,12.77,0.875,0.875,0.1063,Aman,Rendah
JJI-03471,Graduate,0,Nursing,Fase 1 - kuota umum,Lajang,Perempuan,Siang,18,≤20 th,Lunas,Tidak,Ya,Ya,129.5,143.0,8,7,13.8,8,7,13.8,0.875,0.875,0.087,Aman,Rendah
JJI-03472,Graduate,0,Social Service (kelas malam),Usia di atas 23 tahun,Menikah,Perempuan,Malam,25,24-27 th,Menunggak,Ya,Tidak,Tidak,111.3,100.0,6,6,13.33,6,6,13.5,1.0,1.0,0.4312,Berisiko,Tinggi
JJI-03473,Dropout,1,Social Service (kelas malam),Usia di atas 23 tahun,Bercerai,Perempuan,Malam,50,>35 th,Menunggak,Ya,Tidak,Tidak,95.0,133.1,6,0,0.0,5,0,0.0,0.0,0.0,0.9954,Berisiko,Sangat Tinggi
JJI-03474,Dropout,1,Management,Fase 1 - kuota umum,Menikah,Perempuan,Siang,24,24-27 th,Lunas,Tidak,Tidak,Tidak,131.8,133.1,15,14,11.36,14,13,12.85,0.933,0.929,0.0579,Aman,Rendah
JJI-03475,Dropout,1,Informatics Engineering,Fase 1 - kuota umum,Lajang,Perempuan,Siang,18,≤20 th,Lunas,Tidak,Tidak,Tidak,119.1,132.0,5,0,0.0,5,0,0.0,0.0,0.0,0.9349,Berisiko,Sangat Tinggi
JJI-03476,Graduate,0,Veterinary Nursing,Fase 2 - kuota umum,Lajang,Perempuan,Siang,20,≤20 th,Lunas,Tidak,Tidak,Ya,125.4,131.0,6,6,15.69,6,5,14.43,1.0,0.833,0.164,Aman,Rendah
JJI-03477,Graduate,0,Agronomy,Fase 1 - kuota khusus (Madeira),Lajang,Perempuan,Siang,20,≤20 th,Lunas,Ya,Ya,Ya,140.7,147.0,18,18,15.05,13,13,14.54,1.0,1.0,0.0497,Aman,Rendah
JJI-03478,Dropout,1,Management (kelas malam),Pindah program studi,Lajang,Perempuan,Malam,21,21-23 th,Lunas,Tidak,Tidak,Tidak,131.9,141.0,10,6,11.5,10,5,12.4,0.6,0.5,0.7135,Berisiko,Tinggi
JJI-03479,Enrolled,0,Social Service,Usia di atas 23 tahun,Lajang,Laki-laki,Siang,28,28-35 th,Lunas,Ya,Tidak,Tidak,124.0,160.0,8,7,11.0,6,1,10.0,0.875,0.167,0.8503,Berisiko,Sangat Tinggi
JJI-03480,Graduate,0,Tourism,Fase 1 - kuota umum,Lajang,Laki-laki,Siang,19,≤20 th,Lunas,Tidak,Ya,Tidak,139.2,135.0,6,6,13.0,6,6,13.17,1.0,1.0,0.0717,Aman,Rendah
JJI-03481,Graduate,0,Nursing,Fase 1 - kuota umum,Lajang,Laki-laki,Siang,18,≤20 th,Lunas,Tidak,Ya,Tidak,121.8,133.0,8,8,12.94,8,8,12.94,1.0,1.0,0.0465,Aman,Rendah
JJI-03482,Graduate,0,Animation & Multimedia Design,Fase 2 - kuota umum,Lajang,Laki-laki,Siang,22,21-23 th,Lunas,Tidak,Tidak,Tidak,132.9,142.0,0,0,0.0,0,0,0.0,,,0.5993,Berisiko,Tinggi
JJI-03483,Dropout,1,Agronomy,Pemegang diploma spesialisasi teknologi,Lajang,Laki-laki,Siang,25,24-27 th,Lunas,Tidak,Tidak,Tidak,130.0,130.0,6,0,0.0,6,0,0.0,0.0,0.0,0.9641,Berisiko,Sangat Tinggi
JJI-03484,Dropout,1,Nursing,Usia di atas 23 tahun,Menikah,Laki-laki,Siang,37,>35 th,Menunggak,Tidak,Tidak,Tidak,130.1,133.1,7,5,13.0,7,5,12.88,0.714,0.714,0.7473,Berisiko,Tinggi
JJI-03485,Dropout,1,Nursing,Usia di atas 23 tahun,Lajang,Laki-laki,Siang,38,>35 th,Menunggak,Tidak,Tidak,Tidak,124.5,133.1,7,5,12.18,7,4,11.81,0.714,0.571,0.8725,Berisiko,Sangat Tinggi
JJI-03486,Dropout,1,Advertising & Marketing Management,Usia di atas 23 tahun,Menikah,Laki-laki,Siang,36,>35 th,Lunas,Tidak,Tidak,Tidak,162.3,130.0,6,3,11.33,6,5,11.4,0.5,0.833,0.5117,Berisiko,Tinggi
JJI-03487,Graduate,0,Nursing,Fase 1 - kuota umum,Lajang,Laki-laki,Siang,18,≤20 th,Lunas,Tidak,Tidak,Ya,137.8,149.0,8,7,13.0,8,7,13.0,0.875,0.875,0.1548,Aman,Rendah
JJI-03488,Dropout,1,Advertising & Marketing Management,Fase 1 - kuota umum,Lajang,Laki-laki,Siang,19,≤20 th,Menunggak,Tidak,Tidak,Tidak,119.5,130.0,5,0,0.0,6,0,0.0,0.0,0.0,0.9882,Berisiko,Sangat Tinggi
JJI-03489,Dropout,1,Equinculture,Usia di atas 23 tahun,Lajang,Laki-laki,Siang,24,24-27 th,Lunas,Ya,Tidak,Tidak,110.0,150.0,5,2,12.5,5,3,12.33,0.4,0.6,0.7671,Berisiko,Sangat Tinggi
JJI-03490,Graduate,0,Social Service,Fase 1 - kuota umum,Lajang,Laki-laki,Siang,20,≤20 th,Lunas,Tidak,Tidak,Tidak,105.0,106.0,6,5,11.0,6,5,12.17,0.833,0.833,0.1746,Aman,Rendah
JJI-03491,Dropout,1,Animation & Multimedia Design,Fase 1 - kuota umum,Lajang,Laki-laki,Siang,21,21-23 th,Lunas,Tidak,Tidak,Ya,142.8,162.0,0,0,0.0,0,0,0.0,,,0.6084,Berisiko,Tinggi
JJI-03492,Dropout,1,Management (kelas malam),Pindah program studi,Menikah,Laki-laki,Malam,32,28-35 th,Lunas,Tidak,Tidak,Ya,128.2,120.0,5,0,0.0,5,0,0.0,0.0,0.0,0.969,Berisiko,Sangat Tinggi
JJI-03493,Dropout,1,Management (kelas malam),Usia di atas 23 tahun,Menikah,Laki-laki,Malam,39,>35 th,Lunas,Tidak,Tidak,Tidak,120.0,133.1,5,0,0.0,5,1,10.0,0.0,0.2,0.918,Berisiko,Sangat Tinggi
JJI-03494,Dropout,1,Informatics Engineering,Pemegang gelar pendidikan tinggi lain,Lajang,Laki-laki,Siang,33,28-35 th,Menunggak,Tidak,Tidak,Tidak,130.0,130.0,5,0,0.0,5,0,0.0,0.0,0.0,0.993,Berisiko,Sangat Tinggi
JJI-03495,Graduate,0,Advertising & Marketing Management,Fase 2 - kuota umum,Lajang,Laki-laki,Siang,20,≤20 th,Lunas,Tidak,Ya,Tidak,121.7,128.0,5,5,12.4,5,4,10.75,1.0,0.8,0.2482,Aman,Rendah
JJI-03496,Graduate,0,Agronomy,Fase 1 - kuota umum,Lajang,Laki-laki,Siang,19,≤20 th,Lunas,Tidak,Tidak,Tidak,116.0,124.0,6,6,15.5,6,6,14.1,1.0,1.0,0.1004,Aman,Rendah
JJI-03497,Dropout,1,Management (kelas malam),Usia di atas 23 tahun,Menikah,Laki-laki,Malam,43,>35 th,Menunggak,Tidak,Tidak,Tidak,133.2,133.1,5,2,11.5,5,3,10.8,0.4,0.6,0.9253,Berisiko,Sangat Tinggi
JJI-03498,Dropout,1,Management (kelas malam),Pindah program studi,Menikah,Laki-laki,Malam,49,>35 th,Lunas,Tidak,Tidak,Tidak,116.7,114.0,5,4,13.33,5,4,11.6,0.8,0.8,0.5042,Berisiko,Tinggi
JJI-03499,Graduate,0,Journalism & Communication,Fase 1 - kuota umum,Lajang,Laki-laki,Siang,18,≤20 th,Lunas,Tidak,Ya,Ya,126.4,140.0,6,6,12.67,6,6,13.5,1.0,1.0,0.1306,Aman,Rendah
JJI-03500,Enrolled,0,Agronomy,Usia di atas 23 tahun,Lajang,Laki-laki,Siang,27,24-27 th,Lunas,Tidak,Tidak,Tidak,140.0,160.0,6,0,0.0,6,0,0.0,0.0,0.0,0.9768,Berisiko,Sangat Tinggi
JJI-03501,Dropout,1,Management,Fase 1 - kuota umum,Lajang,Laki-laki,Siang,19,≤20 th,Lunas,Tidak,Ya,Ya,120.3,122.0,5,5,12.6,5,5,13.6,1.0,1.0,0.0884,Aman,Rendah
JJI-03502,Dropout,1,Communication Design,Usia di atas 23 tahun,Lajang,Laki-laki,Siang,45,>35 th,Lunas,Ya,Ya,Tidak,118.0,140.0,6,6,13.5,6,0,0.0,1.0,0.0,0.9599,Berisiko,Sangat Tinggi
JJI-03503,Graduate,0,Advertising & Marketing Management,Mahasiswa internasional (S1),Lajang,Laki-laki,Siang,19,≤20 th,Menunggak,Tidak,Tidak,Ya,149.5,160.0,6,6,13.0,6,6,13.0,1.0,1.0,0.4174,Berisiko,Tinggi
JJI-03504,Graduate,0,Agronomy,Pemegang diploma spesialisasi teknologi,Lajang,Laki-laki,Siang,21,21-23 th,Lunas,Tidak,Ya,Tidak,130.0,130.0,6,6,11.71,6,4,11.75,1.0,0.667,0.1951,Aman,Rendah
JJI-03505,Graduate,0,Advertising & Marketing Management,Fase 1 - kuota umum,Lajang,Laki-laki,Siang,18,≤20 th,Lunas,Tidak,Ya,Tidak,126.3,141.0,6,6,12.17,6,5,13.0,1.0,0.833,0.1514,Aman,Rendah
JJI-03506,Dropout,1,Management,Fase 2 - kuota umum,Lajang,Laki-laki,Siang,18,≤20 th,Lunas,Tidak,Tidak,Tidak,116.2,127.0,5,0,0.0,5,0,0.0,0.0,0.0,0.9406,Berisiko,Sangat Tinggi
JJI-03507,Dropout,1,Tourism,Fase 2 - kuota umum,Lajang,Laki-laki,Siang,29,28-35 th,Menunggak,Tidak,Tidak,Tidak,126.0,126.0,6,0,0.0,6,0,0.0,0.0,0.0,0.9953,Berisiko,Sangat Tinggi
JJI-03508,Graduate,0,Advertising & Marketing Management,Fase 1 - kuota umum,Lajang,Laki-laki,Siang,19,≤20 th,Lunas,Tidak,Tidak,Tidak,122.3,131.0,5,5,11.5,5,5,11.6,1.0,1.0,0.1593,Aman,Rendah
JJI-03509,Enrolled,0,Management,Fase 1 - kuota umum,Lajang,Laki-laki,Siang,18,≤20 th,Lunas,Tidak,Ya,Ya,119.5,130.0,5,4,11.25,5,4,12.25,0.8,0.8,0.1867,Aman,Rendah
JJI-03510,Graduate,0,Communication Design,Pemegang diploma spesialisasi teknologi,Lajang,Laki-laki,Siang,22,21-23 th,Lunas,Tidak,Ya,Tidak,131.8,130.0,7,7,12.29,9,8,12.38,1.0,0.889,0.1068,Aman,Rendah
JJI-03511,Dropout,1,Nursing,Fase 2 - kuota umum,Lajang,Laki-laki,Siang,18,≤20 th,Lunas,Tidak,Ya,Ya,130.7,140.0,7,7,12.72,8,8,12.81,1.0,1.0,0.1018,Aman,Rendah
JJI-03512,Enrolled,0,Equinculture,Pemegang diploma spesialisasi teknologi,Lajang,Laki-laki,Siang,20,≤20 th,Lunas,Tidak,Tidak,Tidak,140.0,140.0,6,5,12.4,6,2,15.0,0.833,0.333,0.5766,Berisiko,Tinggi
JJI-03513,Dropout,1,Animation & Multimedia Design,Fase 1 - kuota umum,Lajang,Laki-laki,Siang,20,≤20 th,Lunas,Tidak,Tidak,Ya,129.5,140.0,0,0,0.0,0,0,0.0,,,0.5946,Berisiko,Tinggi
JJI-03514,Dropout,1,Advertising & Marketing Management,Usia di atas 23 tahun,Bercerai,Laki-laki,Siang,29,28-35 th,Lunas,Ya,Ya,Tidak,130.0,133.1,6,1,14.0,6,0,0.0,0.167,0.0,0.9706,Berisiko,Sangat Tinggi
JJI-03515,Dropout,1,Advertising & Marketing Management,Usia di atas 23 tahun,Lajang,Laki-laki,Siang,29,28-35 th,Lunas,Tidak,Tidak,Ya,114.0,120.0,5,3,11.67,5,4,11.25,0.6,0.8,0.5899,Berisiko,Tinggi
JJI-03516,Enrolled,0,Journalism & Communication,Pindah program studi,Lajang,Laki-laki,Siang,23,21-23 th,Lunas,Tidak,Tidak,Ya,121.0,121.0,6,1,13.0,6,4,11.25,0.167,0.667,0.7328,Berisiko,Tinggi
JJI-03517,Dropout,1,Animation & Multimedia Design,Fase 2 - kuota umum,Lajang,Laki-laki,Siang,19,≤20 th,Lunas,Ya,Tidak,Ya,116.4,123.0,0,0,0.0,0,0,0.0,,,0.7602,Berisiko,Sangat Tinggi
JJI-03518,Dropout,1,Informatics Engineering,Fase 1 - kuota umum,Lajang,Laki-laki,Siang,18,≤20 th,Lunas,Tidak,Tidak,Ya,121.7,136.0,5,0,0.0,5,1,12.0,0.0,0.2,0.7518,Berisiko,Sangat Tinggi
JJI-03519,Dropout,1,Tourism,Transfer,Menikah,Laki-laki,Siang,22,21-23 th,Lunas,Tidak,Tidak,Ya,130.0,136.0,6,4,11.5,6,2,12.5,0.667,0.333,0.6765,Berisiko,Tinggi
JJI-03520,Dropout,1,Management (kelas malam),Pindah program studi,Lajang,Laki-laki,Malam,34,28-35 th,Lunas,Ya,Tidak,Ya,120.0,120.0,10,7,11.71,10,6,11.5,0.7,0.6,0.8447,Berisiko,Sangat Tinggi
JJI-03521,Graduate,0,Management (kelas malam),Pindah program studi,Lajang,Laki-laki,Malam,26,24-27 th,Lunas,Tidak,Tidak,Tidak,125.0,160.0,5,5,12.6,5,5,13.71,1.0,1.0,0.2381,Aman,Rendah
JJI-03522,Dropout,1,Animation & Multimedia Design,Fase 2 - kuota umum,Lajang,Laki-laki,Siang,24,24-27 th,Lunas,Tidak,Tidak,Ya,134.1,125.0,17,13,11.64,17,12,11.25,0.765,0.706,0.6458,Berisiko,Tinggi
JJI-03523,Graduate,0,Advertising & Marketing Management,Fase 1 - kuota umum,Lajang,Laki-laki,Siang,17,≤20 th,Lunas,Tidak,Ya,Ya,149.5,146.0,6,6,14.88,6,6,13.43,1.0,1.0,0.1073,Aman,Rendah
JJI-03524,Enrolled,0,Advertising & Marketing Management,Pindah program studi,Lajang,Laki-laki,Siang,21,21-23 th,Lunas,Tidak,Tidak,Tidak,113.2,117.0,5,2,10.0,5,3,10.33,0.4,0.6,0.6317,Berisiko,Tinggi
JJI-03525,Enrolled,0,Management (kelas malam),Usia di atas 23 tahun,Menikah,Laki-laki,Malam,34,28-35 th,Lunas,Tidak,Tidak,Tidak,146.0,150.0,5,5,14.2,5,5,14.6,1.0,1.0,0.2463,Aman,Rendah
JJI-03526,Graduate,0,Agronomy,Pemegang diploma spesialisasi teknologi,Lajang,Laki-laki,Siang,19,≤20 th,Lunas,Tidak,Tidak,Ya,140.0,140.0,6,6,12.71,6,6,13.5,1.0,1.0,0.1068,Aman,Rendah
JJI-03527,Dropout,1,Agronomy,Usia di atas 23 tahun,Menikah,Laki-laki,Siang,49,>35 th,Menunggak,Ya,Tidak,Tidak,162.4,111.0,12,5,11.6,7,5,11.2,0.417,0.714,0.968,Berisiko,Sangat Tinggi
JJI-03528,Dropout,1,Nursing,Pindah program studi,Lajang,Laki-laki,Siang,23,21-23 th,Lunas,Tidak,Tidak,Tidak,136.6,120.0,7,5,11.94,7,6,12.2,0.714,0.857,0.202,Aman,Rendah
JJI-03529,Dropout,1,Informatics Engineering,Fase 3 - kuota umum,Lajang,Laki-laki,Siang,18,≤20 th,Lunas,Tidak,Tidak,Ya,111.0,111.0,5,4,11.6,5,3,14.2,0.8,0.6,0.4273,Berisiko,Tinggi
JJI-03530,Enrolled,0,Nursing,Fase 1 - kuota umum,Lajang,Laki-laki,Siang,20,≤20 th,Lunas,Tidak,Tidak,Tidak,115.7,118.0,7,5,12.7,8,7,13.48,0.714,0.875,0.1577,Aman,Rendah
JJI-03531,Graduate,0,Advertising & Marketing Management,Fase 1 - kuota umum,Lajang,Laki-laki,Siang,19,≤20 th,Lunas,Tidak,Tidak,Ya,105.7,106.0,6,6,13.33,6,5,13.8,1.0,0.833,0.2522,Aman,Sedang
JJI-03532,Enrolled,0,Agronomy,Transfer,Lajang,Laki-laki,Siang,24,24-27 th,Lunas,Tidak,Tidak,Ya,128.2,120.0,9,8,13.33,10,9,13.11,0.889,0.9,0.2246,Aman,Rendah
JJI-03533,Graduate,0,Management,Fase 1 - kuota umum,Lajang,Laki-laki,Siang,18,≤20 th,Lunas,Tidak,Tidak,Ya,137.0,151.0,5,5,13.4,5,5,15.0,1.0,1.0,0.1215,Aman,Rendah
JJI-03534,Dropout,1,Tourism,Usia di atas 23 tahun,Menikah,Laki-laki,Siang,45,>35 th,Menunggak,Ya,Tidak,Tidak,120.0,133.1,6,0,0.0,6,0,0.0,0.0,0.0,0.9985,Berisiko,Sangat Tinggi
JJI-03535,Dropout,1,Management (kelas malam),Usia di atas 23 tahun,Lajang,Laki-laki,Malam,30,28-35 th,Lunas,Tidak,Tidak,Ya,120.5,120.0,5,2,11.0,5,0,0.0,0.4,0.0,0.9647,Berisiko,Sangat Tinggi
JJI-03536,Dropout,1,Management (kelas malam),Pindah institusi/prodi,Lajang,Laki-laki,Malam,28,28-35 th,Lunas,Tidak,Tidak,Tidak,118.1,120.0,15,13,12.0,13,9,11.33,0.867,0.692,0.5447,Berisiko,Tinggi
JJI-03537,Dropout,1,Management (kelas malam),Usia di atas 23 tahun,Lajang,Laki-laki,Malam,40,>35 th,Lunas,Tidak,Tidak,Tidak,139.0,110.0,5,0,0.0,5,0,0.0,0.0,0.0,0.9743,Berisiko,Sangat Tinggi
JJI-03538,Dropout,1,Management,Usia di atas 23 tahun,Lajang,Laki-laki,Siang,32,28-35 th,Menunggak,Tidak,Tidak,Tidak,116.3,133.1,5,0,0.0,5,0,0.0,0.0,0.0,0.9903,Berisiko,Sangat Tinggi
JJI-03539,Dropout,1,Tourism,Fase 2 - kuota umum,Lajang,Laki-laki,Siang,19,≤20 th,Lunas,Tidak,Tidak,Ya,120.5,118.0,6,4,12.5,6,4,10.25,0.667,0.667,0.612,Berisiko,Tinggi
JJI-03540,Graduate,0,Communication Design,Fase 1 - kuota umum,Lajang,Laki-laki,Siang,20,≤20 th,Lunas,Tidak,Tidak,Ya,134.9,139.0,6,6,13.67,6,6,12.17,1.0,1.0,0.1474,Aman,Rendah
JJI-03541,Dropout,1,Informatics Engineering,Fase 2 - kuota umum,Lajang,Laki-laki,Siang,18,≤20 th,Lunas,Tidak,Tidak,Tidak,123.0,130.0,5,1,10.0,5,0,0.0,0.2,0.0,0.9408,Berisiko,Sangat Tinggi
JJI-03542,Dropout,1,Advertising & Marketing Management,Fase 2 - kuota umum,Lajang,Laki-laki,Siang,20,≤20 th,Menunggak,Tidak,Tidak,Tidak,122.9,132.0,6,6,11.5,6,2,13.0,1.0,0.333,0.8462,Berisiko,Sangat Tinggi
JJI-03543,Enrolled,0,Management (kelas malam),Usia di atas 23 tahun,Lajang,Laki-laki,Malam,39,>35 th,Lunas,Tidak,Tidak,Tidak,140.0,100.0,5,4,12.25,5,4,12.75,0.8,0.8,0.4877,Berisiko,Tinggi
JJI-03544,Enrolled,0,Veterinary Nursing,Fase 2 - kuota umum,Lajang,Laki-laki,Siang,19,≤20 th,Menunggak,Tidak,Tidak,Tidak,122.5,120.0,6,5,13.6,6,5,13.67,0.833,0.833,0.5446,Berisiko,Tinggi
JJI-03545,Enrolled,0,Management (kelas malam),Usia di atas 23 tahun,Lajang,Laki-laki,Malam,38,>35 th,Lunas,Tidak,Tidak,Tidak,121.5,133.1,5,2,10.5,5,3,11.33,0.4,0.6,0.7524,Berisiko,Sangat Tinggi
JJI-03546,Graduate,0,Nursing,Fase 2 - kuota umum,Lajang,Laki-laki,Siang,18,≤20 th,Lunas,Tidak,Ya,Ya,132.3,156.0,7,6,13.27,7,6,13.27,0.857,0.857,0.1656,Aman,Rendah
JJI-03547,Graduate,0,Nursing,Fase 2 - kuota umum,Lajang,Laki-laki,Siang,18,≤20 th,Lunas,Tidak,Ya,Ya,131.5,143.0,7,7,12.51,8,8,14.19,1.0,1.0,0.0811,Aman,Rendah
JJI-03548,Dropout,1,Equinculture,Pindah program studi,Menikah,Laki-laki,Siang,28,28-35 th,Lunas,Tidak,Tidak,Tidak,128.2,133.1,5,0,0.0,5,0,0.0,0.0,0.0,0.9691,Berisiko,Sangat Tinggi
JJI-03549,Dropout,1,Advertising & Marketing Management,Usia di atas 23 tahun,Lajang,Laki-laki,Siang,31,28-35 th,Menunggak,Tidak,Tidak,Ya,148.0,140.0,6,0,0.0,6,0,0.0,0.0,0.0,0.9965,Berisiko,Sangat Tinggi
JJI-03550,Graduate,0,Nursing,Fase 1 - kuota umum,Lajang,Laki-laki,Siang,23,21-23 th,Lunas,Tidak,Tidak,Tidak,121.5,127.0,7,6,13.48,7,6,13.48,0.857,0.857,0.1591,Aman,Rendah
JJI-03551,Enrolled,0,Nursing,Fase 1 - kuota umum,Lajang,Laki-laki,Siang,21,21-23 th,Lunas,Tidak,Tidak,Ya,135.4,135.0,7,6,12.56,8,5,12.16,0.857,0.625,0.335,Aman,Sedang
JJI-03552,Dropout,1,Social Service,Usia di atas 23 tahun,Lajang,Laki-laki,Siang,33,28-35 th,Menunggak,Ya,Tidak,Tidak,139.0,133.1,6,0,0.0,5,0,0.0,0.0,0.0,0.9946,Berisiko,Sangat Tinggi
JJI-03553,Dropout,1,Management,Pindah program studi,Lajang,Laki-laki,Siang,22,21-23 th,Lunas,Tidak,Tidak,Tidak,113.4,120.0,5,3,13.0,5,3,11.67,0.6,0.6,0.46,Berisiko,Tinggi
JJI-03554,Dropout,1,Informatics Engineering,Pemegang diploma spesialisasi teknologi,Lajang,Laki-laki,Siang,20,≤20 th,Lunas,Ya,Tidak,Ya,150.0,150.0,5,5,16.5,5,5,17.71,1.0,1.0,0.1705,Aman,Rendah
JJI-03555,Enrolled,0,Advertising & Marketing Management,Fase 2 - kuota umum,Lajang,Laki-laki,Siang,19,≤20 th,Lunas,Ya,Tidak,Tidak,122.0,123.0,6,6,13.17,6,5,13.2,1.0,0.833,0.3427,Aman,Sedang
JJI-03556,Graduate,0,Veterinary Nursing,Pemegang diploma spesialisasi teknologi,Lajang,Laki-laki,Siang,20,≤20 th,Lunas,Tidak,Tidak,Ya,150.0,150.0,6,6,13.8,6,6,13.14,1.0,1.0,0.1376,Aman,Rendah
JJI-03557,Enrolled,0,Tourism,Usia di atas 23 tahun,Lajang,Laki-laki,Siang,25,24-27 th,Lunas,Tidak,Tidak,Ya,119.3,133.1,6,6,11.17,6,4,11.8,1.0,0.667,0.4418,Berisiko,Tinggi
JJI-03558,Dropout,1,Agronomy,Usia di atas 23 tahun,Lajang,Laki-laki,Siang,25,24-27 th,Menunggak,Tidak,Tidak,Tidak,140.0,130.0,6,0,0.0,6,0,0.0,0.0,0.0,0.9916,Berisiko,Sangat Tinggi
JJI-03559,Enrolled,0,Communication Design,Fase 1 - kuota umum,Lajang,Laki-laki,Siang,19,≤20 th,Lunas,Tidak,Tidak,Ya,125.0,140.0,6,6,12.67,6,6,12.14,1.0,1.0,0.1721,Aman,Rendah
JJI-03560,Graduate,0,Advertising & Marketing Management,Fase 1 - kuota umum,Lajang,Laki-laki,Siang,20,≤20 th,Lunas,Tidak,Tidak,Ya,140.7,141.0,5,5,12.6,5,4,14.5,1.0,0.8,0.2316,Aman,Rendah
JJI-03561,Enrolled,0,Nursing,Usia di atas 23 tahun,Menikah,Laki-laki,Siang,33,28-35 th,Lunas,Tidak,Tidak,Tidak,100.0,133.1,7,5,13.06,7,0,0.0,0.714,0.0,0.9591,Berisiko,Sangat Tinggi
JJI-03562,Graduate,0,Journalism & Communication,Fase 2 - kuota umum,Lajang,Laki-laki,Siang,19,≤20 th,Lunas,Tidak,Tidak,Ya,146.7,146.0,6,6,13.83,6,6,13.62,1.0,1.0,0.2193,Aman,Rendah
JJI-03563,Dropout,1,Equinculture,Usia di atas 23 tahun,Lajang,Laki-laki,Siang,31,28-35 th,Lunas,Tidak,Tidak,Tidak,96.0,133.1,5,0,0.0,5,0,0.0,0.0,0.0,0.9745,Berisiko,Sangat Tinggi
JJI-03564,Dropout,1,Informatics Engineering,Pemegang diploma spesialisasi teknologi,Lajang,Laki-laki,Siang,24,24-27 th,Menunggak,Ya,Tidak,Tidak,160.0,160.0,6,2,16.0,7,2,16.0,0.333,0.286,0.9392,Berisiko,Sangat Tinggi
JJI-03565,Dropout,1,Informatics Engineering,Pemegang diploma spesialisasi teknologi,Lajang,Laki-laki,Siang,23,21-23 th,Menunggak,Ya,Tidak,Tidak,130.0,130.0,5,0,0.0,5,0,0.0,0.0,0.0,0.9924,Berisiko,Sangat Tinggi
JJI-03566,Dropout,1,Management (kelas malam),Usia di atas 23 tahun,Menikah,Laki-laki,Malam,26,24-27 th,Menunggak,Tidak,Ya,Tidak,130.0,160.0,5,3,10.67,5,3,10.67,0.6,0.6,0.7827,Berisiko,Sangat Tinggi
JJI-03567,Graduate,0,Communication Design,Pindah program studi,Menikah,Laki-laki,Siang,38,>35 th,Lunas,Tidak,Tidak,Ya,140.0,140.0,18,18,14.5,18,18,14.5,1.0,1.0,0.0739,Aman,Rendah
JJI-03568,Graduate,0,Informatics Engineering,Fase 1 - kuota umum,Lajang,Laki-laki,Siang,20,≤20 th,Lunas,Tidak,Ya,Ya,116.6,126.0,5,5,14.0,5,5,13.8,1.0,1.0,0.14,Aman,Rendah
JJI-03569,Graduate,0,Informatics Engineering,Fase 2 - kuota umum,Lajang,Laki-laki,Siang,20,≤20 th,Lunas,Tidak,Tidak,Ya,120.5,118.0,5,3,13.33,5,5,13.57,0.6,1.0,0.3212,Aman,Sedang
JJI-03570,Dropout,1,Veterinary Nursing,Usia di atas 23 tahun,Lajang,Laki-laki,Siang,25,24-27 th,Lunas,Tidak,Tidak,Tidak,103.0,133.1,6,0,0.0,6,0,0.0,0.0,0.0,0.9814,Berisiko,Sangat Tinggi
JJI-03571,Graduate,0,Communication Design,Fase 2 - kuota umum,Lajang,Laki-laki,Siang,19,≤20 th,Lunas,Tidak,Tidak,Ya,111.9,121.0,6,5,12.0,6,4,11.2,0.833,0.667,0.4236,Berisiko,Tinggi
JJI-03572,Graduate,0,Informatics Engineering,Fase 2 - kuota umum,Lajang,Laki-laki,Siang,18,≤20 th,Lunas,Tidak,Tidak,Tidak,148.7,148.0,5,5,16.2,5,5,16.0,1.0,1.0,0.1297,Aman,Rendah
JJI-03573,Dropout,1,Management (kelas malam),Pindah program studi,Lajang,Laki-laki,Malam,28,28-35 th,Lunas,Tidak,Tidak,Tidak,120.0,133.1,13,7,10.29,11,5,10.6,0.538,0.455,0.9043,Berisiko,Sangat Tinggi
JJI-03574,Enrolled,0,Informatics Engineering,Fase 1 - kuota umum,Lajang,Laki-laki,Siang,18,≤20 th,Lunas,Tidak,Tidak,Ya,125.7,140.0,5,0,0.0,5,0,0.0,0.0,0.0,0.9501,Berisiko,Sangat Tinggi
JJI-03575,Graduate,0,Tourism,Fase 1 - kuota umum,Lajang,Laki-laki,Siang,20,≤20 th,Lunas,Tidak,Ya,Ya,120.1,132.0,6,6,13.57,6,6,13.17,1.0,1.0,0.106,Aman,Rendah
JJI-03576,Graduate,0,Equinculture,Fase 1 - kuota umum,Lajang,Laki-laki,Siang,18,≤20 th,Lunas,Tidak,Tidak,Tidak,127.8,140.0,6,6,14.29,6,6,14.86,1.0,1.0,0.1391,Aman,Rendah
JJI-03577,Graduate,0,Management,Fase 2 - kuota umum,Lajang,Laki-laki,Siang,19,≤20 th,Lunas,Tidak,Tidak,Ya,106.4,112.0,5,5,10.2,5,4,10.5,1.0,0.8,0.3237,Aman,Sedang
JJI-03578,Dropout,1,Nursing,Transfer,Lajang,Laki-laki,Siang,24,24-27 th,Lunas,Ya,Tidak,Tidak,100.0,100.0,8,2,10.25,8,2,10.25,0.25,0.25,0.945,Berisiko,Sangat Tinggi
JJI-03579,Dropout,1,Veterinary Nursing,Fase 2 - kuota umum,Lajang,Laki-laki,Siang,21,21-23 th,Lunas,Tidak,Tidak,Ya,123.9,126.0,6,0,0.0,6,0,0.0,0.0,0.0,0.9735,Berisiko,Sangat Tinggi
JJI-03580,Graduate,0,Advertising & Marketing Management,Fase 1 - kuota umum,Lajang,Laki-laki,Siang,20,≤20 th,Lunas,Tidak,Ya,Tidak,139.5,150.0,6,6,14.83,6,6,14.83,1.0,1.0,0.0894,Aman,Rendah
JJI-03581,Graduate,0,Agronomy,Pemegang diploma spesialisasi teknologi,Lajang,Laki-laki,Siang,21,21-23 th,Lunas,Tidak,Tidak,Ya,150.0,150.0,6,5,13.62,6,5,12.6,0.833,0.833,0.2397,Aman,Rendah
JJI-03582,Graduate,0,Oral Hygiene,Fase 1 - kuota umum,Menikah,Laki-laki,Siang,24,24-27 th,Lunas,Ya,Tidak,Tidak,139.8,144.0,7,7,12.27,8,7,13.66,1.0,0.875,0.1975,Aman,Rendah
JJI-03583,Dropout,1,Management (kelas malam),Usia di atas 23 tahun,Lajang,Laki-laki,Malam,27,24-27 th,Lunas,Tidak,Tidak,Tidak,154.4,133.1,5,0,0.0,5,0,0.0,0.0,0.0,0.9698,Berisiko,Sangat Tinggi
JJI-03584,Enrolled,0,Management,Fase 2 - kuota umum,Lajang,Laki-laki,Siang,19,≤20 th,Menunggak,Ya,Tidak,Ya,115.5,120.0,5,4,12.5,5,5,10.5,0.8,1.0,0.7625,Berisiko,Sangat Tinggi
JJI-03585,Graduate,0,Social Service (kelas malam),Usia di atas 23 tahun,Lajang,Laki-laki,Malam,39,>35 th,Lunas,Tidak,Tidak,Tidak,119.0,133.1,9,9,13.22,7,7,13.14,1.0,1.0,0.229,Aman,Rendah
JJI-03586,Dropout,1,Biofuel Production Technologies,Usia di atas 23 tahun,Lajang,Laki-laki,Siang,25,24-27 th,Lunas,Tidak,Tidak,Tidak,96.1,133.1,7,2,15.0,7,2,11.5,0.286,0.286,0.8527,Berisiko,Sangat Tinggi
JJI-03587,Dropout,1,Animation & Multimedia Design,Pemegang gelar pendidikan tinggi lain,Lajang,Laki-laki,Siang,18,≤20 th,Menunggak,Tidak,Tidak,Tidak,130.0,130.0,0,0,0.0,0,0,0.0,,,0.8577,Berisiko,Sangat Tinggi
JJI-03588,Graduate,0,Communication Design,Pindah program studi,Lajang,Laki-laki,Siang,19,≤20 th,Lunas,Tidak,Tidak,Tidak,128.8,133.0,12,12,13.17,12,12,13.0,1.0,1.0,0.0689,Aman,Rendah
JJI-03589,Graduate,0,Journalism & Communication,Fase 3 - kuota umum,Lajang,Laki-laki,Siang,21,21-23 th,Lunas,Tidak,Ya,Tidak,126.8,124.0,6,5,13.83,6,4,14.0,0.833,0.667,0.2779,Aman,Sedang
JJI-03590,Dropout,1,Management (kelas malam),Pemegang gelar pendidikan tinggi lain,Lajang,Laki-laki,Malam,27,24-27 th,Lunas,Tidak,Tidak,Tidak,130.0,130.0,5,0,0.0,5,0,0.0,0.0,0.0,0.9735,Berisiko,Sangat Tinggi
JJI-03591,Enrolled,0,Management,Fase 1 - kuota umum,Lajang,Laki-laki,Siang,19,≤20 th,Lunas,Tidak,Tidak,Ya,116.7,124.0,5,0,0.0,5,0,0.0,0.0,0.0,0.9484,Berisiko,Sangat Tinggi
JJI-03592,Enrolled,0,Nursing,Fase 2 - kuota umum,Lajang,Laki-laki,Siang,18,≤20 th,Lunas,Tidak,Tidak,Ya,125.5,132.0,8,7,13.15,8,7,13.15,0.875,0.875,0.2078,Aman,Rendah
JJI-03593,Dropout,1,Advertising & Marketing Management,Pemegang gelar pendidikan tinggi lain,Lajang,Laki-laki,Siang,27,24-27 th,Lunas,Tidak,Tidak,Ya,110.0,110.0,12,9,12.33,11,6,13.17,0.75,0.545,0.7885,Berisiko,Sangat Tinggi
JJI-03594,Dropout,1,Journalism & Communication,Fase 1 - kuota umum,Lajang,Laki-laki,Siang,18,≤20 th,Lunas,Ya,Tidak,Ya,133.7,127.0,6,6,13.0,6,5,11.8,1.0,0.833,0.3758,Aman,Sedang
JJI-03595,Enrolled,0,Equinculture,Fase 1 - kuota umum,Lajang,Laki-laki,Siang,19,≤20 th,Lunas,Tidak,Tidak,Tidak,117.6,130.0,5,2,11.5,5,5,11.4,0.4,1.0,0.3501,Aman,Sedang
JJI-03596,Dropout,1,Agronomy,Pemegang diploma spesialisasi teknologi,Lajang,Laki-laki,Siang,19,≤20 th,Lunas,Tidak,Tidak,Tidak,140.0,140.0,6,3,13.25,6,1,12.0,0.5,0.167,0.7041,Berisiko,Tinggi
JJI-03597,Enrolled,0,Agronomy,Pemegang diploma spesialisasi teknologi,Lajang,Laki-laki,Siang,22,21-23 th,Lunas,Tidak,Tidak,Tidak,150.0,150.0,6,3,13.33,6,3,12.75,0.5,0.5,0.5026,Berisiko,Tinggi
JJI-03598,Graduate,0,Social Service,Fase 1 - kuota khusus (Madeira),Lajang,Perempuan,Siang,18,≤20 th,Lunas,Tidak,Tidak,Ya,133.7,133.0,6,6,13.5,6,6,12.17,1.0,1.0,0.0981,Aman,Rendah
JJI-03599,Graduate,0,Journalism & Communication,Fase 1 - kuota khusus (Madeira),Lajang,Perempuan,Siang,18,≤20 th,Lunas,Tidak,Ya,Ya,137.0,109.0,6,6,12.67,6,5,12.8,1.0,0.833,0.1572,Aman,Rendah
JJI-03600,Dropout,1,Management,Pindah program studi,Lajang,Perempuan,Siang,23,21-23 th,Lunas,Tidak,Tidak,Tidak,128.2,133.1,11,11,15.09,6,6,14.5,1.0,1.0,0.123,Aman,Rendah
JJI-03601,Dropout,1,Animation & Multimedia Design,Fase 3 - kuota umum,Lajang,Laki-laki,Siang,20,≤20 th,Menunggak,Ya,Tidak,Ya,129.2,133.0,0,0,0.0,0,0,0.0,,,0.9388,Berisiko,Sangat Tinggi
JJI-03602,Graduate,0,Journalism & Communication,Fase 2 - kuota umum,Lajang,Laki-laki,Siang,18,≤20 th,Lunas,Tidak,Tidak,Ya,129.5,134.0,6,6,13.17,6,6,12.67,1.0,1.0,0.2351,Aman,Rendah
JJI-03603,Graduate,0,Journalism & Communication,Fase 1 - kuota umum,Lajang,Laki-laki,Siang,18,≤20 th,Lunas,Tidak,Tidak,Ya,129.6,125.0,6,6,12.83,6,6,12.83,1.0,1.0,0.1855,Aman,Rendah
JJI-03604,Enrolled,0,Informatics Engineering,Fase 2 - kuota umum,Lajang,Laki-laki,Siang,18,≤20 th,Lunas,Tidak,Tidak,Ya,121.7,135.0,5,5,11.8,5,3,12.0,1.0,0.6,0.4223,Berisiko,Tinggi
JJI-03605,Graduate,0,Journalism & Communication,Fase 2 - kuota umum,Lajang,Laki-laki,Siang,20,≤20 th,Lunas,Tidak,Tidak,Ya,141.8,132.0,6,6,11.83,6,6,12.17,1.0,1.0,0.2495,Aman,Rendah
JJI-03606,Graduate,0,Journalism & Communication,Fase 1 - kuota umum,Lajang,Laki-laki,Siang,20,≤20 th,Lunas,Tidak,Tidak,Ya,129.8,135.0,6,5,12.8,6,3,12.75,0.833,0.5,0.5583,Berisiko,Tinggi
JJI-03607,Dropout,1,Communication Design,Pemegang diploma spesialisasi teknologi,Lajang,Laki-laki,Siang,21,21-23 th,Lunas,Tidak,Tidak,Tidak,106.0,100.0,7,5,11.8,9,5,11.0,0.714,0.556,0.5226,Berisiko,Tinggi
JJI-03608,Enrolled,0,Animation & Multimedia Design,Pindah program studi,Lajang,Laki-laki,Siang,22,21-23 th,Lunas,Tidak,Tidak,Tidak,121.6,144.0,0,0,0.0,0,0,0.0,,,0.6179,Berisiko,Tinggi
JJI-03609,Dropout,1,Informatics Engineering,Fase 2 - kuota umum,Lajang,Laki-laki,Siang,20,≤20 th,Lunas,Tidak,Tidak,Ya,121.5,125.0,5,5,15.8,5,5,14.57,1.0,1.0,0.1658,Aman,Rendah
JJI-03610,Enrolled,0,Animation & Multimedia Design,Fase 1 - kuota umum,Lajang,Laki-laki,Siang,19,≤20 th,Lunas,Ya,Tidak,Tidak,117.0,133.1,0,0,0.0,0,0,0.0,,,0.6549,Berisiko,Tinggi
JJI-03611,Enrolled,0,Informatics Engineering,Pemegang diploma spesialisasi teknologi,Lajang,Laki-laki,Siang,19,≤20 th,Lunas,Tidak,Tidak,Ya,130.0,130.0,5,2,12.5,5,3,11.6,0.4,0.6,0.4968,Berisiko,Tinggi
JJI-03612,Graduate,0,Advertising & Marketing Management,Fase 2 - kuota umum,Lajang,Laki-laki,Siang,20,≤20 th,Lunas,Tidak,Tidak,Ya,117.7,117.0,6,6,14.67,6,6,13.86,1.0,1.0,0.2039,Aman,Rendah
JJI-03613,Dropout,1,Veterinary Nursing,Pemegang diploma spesialisasi teknologi,Lajang,Laki-laki,Siang,19,≤20 th,Lunas,Tidak,Tidak,Ya,140.0,140.0,6,4,12.5,6,2,12.0,0.667,0.333,0.5951,Berisiko,Tinggi
JJI-03614,Dropout,1,Informatics Engineering,Fase 1 - kuota umum,Lajang,Laki-laki,Siang,19,≤20 th,Lunas,Tidak,Tidak,Ya,133.1,132.0,5,3,12.0,6,2,10.5,0.6,0.333,0.6135,Berisiko,Tinggi
JJI-03615,Enrolled,0,Informatics Engineering,Mahasiswa internasional (S1),Lajang,Laki-laki,Siang,24,24-27 th,Lunas,Ya,Tidak,Tidak,100.0,133.1,8,7,13.14,6,6,11.83,0.875,1.0,0.3005,Aman,Sedang
JJI-03616,Dropout,1,Advertising & Marketing Management,Fase 2 - kuota umum,Lajang,Laki-laki,Siang,18,≤20 th,Lunas,Ya,Tidak,Tidak,119.1,132.0,6,3,12.67,6,4,11.14,0.5,0.667,0.6691,Berisiko,Tinggi
JJI-03617,Enrolled,0,Informatics Engineering,Fase 1 - kuota umum,Lajang,Laki-laki,Siang,18,≤20 th,Menunggak,Tidak,Ya,Tidak,129.8,148.0,5,5,15.0,5,5,14.2,1.0,1.0,0.2653,Aman,Sedang
JJI-03618,Dropout,1,Social Service,Fase 1 - kuota umum,Lajang,Perempuan,Siang,18,≤20 th,Lunas,Ya,Tidak,Ya,131.3,133.0,6,5,13.6,6,5,11.8,0.833,0.833,0.2257,Aman,Rendah
JJI-03619,Graduate,0,Journalism & Communication,Fase 2 - kuota umum,Lajang,Perempuan,Siang,18,≤20 th,Lunas,Tidak,Tidak,Ya,136.7,143.0,6,6,12.5,6,6,13.83,1.0,1.0,0.2083,Aman,Rendah
JJI-03620,Graduate,0,Social Service,Fase 2 - kuota umum,Lajang,Perempuan,Siang,21,21-23 th,Lunas,Tidak,Ya,Ya,126.2,143.0,6,6,13.33,6,6,13.5,1.0,1.0,0.0765,Aman,Rendah
JJI-03621,Dropout,1,Veterinary Nursing,Mahasiswa internasional (S1),Lajang,Perempuan,Siang,18,≤20 th,Lunas,Tidak,Tidak,Tidak,109.6,133.1,6,4,12.25,6,5,11.0,0.667,0.833,0.1929,Aman,Rendah
JJI-03622,Graduate,0,Nursing,Fase 1 - kuota umum,Lajang,Perempuan,Siang,18,≤20 th,Lunas,Tidak,Ya,Ya,131.9,141.0,7,7,15.1,8,8,16.09,1.0,1.0,0.0324,Aman,Rendah
JJI-03623,Graduate,0,Social Service,Fase 1 - kuota umum,Lajang,Perempuan,Siang,18,≤20 th,Lunas,Tidak,Ya,Ya,140.7,140.0,6,6,13.17,6,6,16.0,1.0,1.0,0.0405,Aman,Rendah
JJI-03624,Dropout,1,Social Service (kelas malam),Fase 3 - kuota umum,Lajang,Perempuan,Malam,23,21-23 th,Lunas,Tidak,Tidak,Ya,120.7,134.0,6,4,11.0,6,0,0.0,0.667,0.0,0.9314,Berisiko,Sangat Tinggi
JJI-03625,Graduate,0,Management,Fase 1 - kuota umum,Lajang,Perempuan,Siang,21,21-23 th,Lunas,Tidak,Tidak,Ya,113.8,118.0,5,3,11.67,5,4,11.75,0.6,0.8,0.2804,Aman,Sedang
JJI-03626,Enrolled,0,Social Service,Fase 1 - kuota umum,Lajang,Perempuan,Siang,20,≤20 th,Lunas,Tidak,Tidak,Tidak,121.0,135.0,6,1,10.0,6,1,13.0,0.167,0.167,0.6657,Berisiko,Tinggi
JJI-03627,Dropout,1,Social Service (kelas malam),Fase 2 - kuota umum,Lajang,Perempuan,Malam,26,24-27 th,Lunas,Tidak,Tidak,Ya,112.4,119.0,7,7,11.57,6,2,11.0,1.0,0.333,0.513,Berisiko,Tinggi
JJI-03628,Enrolled,0,Journalism & Communication,Fase 1 - kuota umum,Lajang,Perempuan,Siang,18,≤20 th,Lunas,Tidak,Ya,Ya,131.0,145.0,6,6,12.17,6,5,11.2,1.0,0.833,0.1636,Aman,Rendah
JJI-03629,Dropout,1,Animation & Multimedia Design,Fase 1 - kuota umum,Lajang,Perempuan,Siang,18,≤20 th,Lunas,Tidak,Tidak,Ya,142.7,143.0,0,0,0.0,0,0,0.0,,,0.4656,Berisiko,Tinggi
JJI-03630,Graduate,0,Advertising & Marketing Management,Fase 1 - kuota umum,Lajang,Perempuan,Siang,19,≤20 th,Menunggak,Tidak,Ya,Tidak,125.5,123.0,6,6,13.83,6,6,14.29,1.0,1.0,0.2219,Aman,Rendah
JJI-03631,Graduate,0,Nursing,Fase 1 - kuota umum,Lajang,Perempuan,Siang,20,≤20 th,Lunas,Tidak,Ya,Ya,107.8,108.0,7,6,12.36,8,7,13.0,0.857,0.875,0.0987,Aman,Rendah
JJI-03632,Dropout,1,Journalism & Communication,Fase 1 - kuota umum,Lajang,Perempuan,Siang,19,≤20 th,Menunggak,Ya,Tidak,Ya,110.4,117.0,6,6,12.17,6,2,10.33,1.0,0.333,0.8938,Berisiko,Sangat Tinggi
JJI-03633,Enrolled,0,Social Service,Pemegang diploma spesialisasi teknologi,Lajang,Perempuan,Siang,21,21-23 th,Lunas,Ya,Tidak,Ya,136.1,140.0,6,3,12.0,6,2,12.5,0.5,0.333,0.6715,Berisiko,Tinggi
JJI-03634,Graduate,0,Tourism,Usia di atas 23 tahun,Lajang,Perempuan,Siang,33,28-35 th,Lunas,Tidak,Tidak,Tidak,138.3,170.0,10,9,12.42,9,7,13.0,0.9,0.778,0.3517,Aman,Sedang
JJI-03635,Graduate,0,Veterinary Nursing,Fase 1 - kuota umum,Lajang,Perempuan,Siang,18,≤20 th,Lunas,Tidak,Tidak,Tidak,142.3,157.0,5,4,12.75,5,4,12.75,0.8,0.8,0.1684,Aman,Rendah
JJI-03636,Graduate,0,Nursing,Transfer,Lajang,Perempuan,Siang,21,21-23 th,Lunas,Tidak,Tidak,Tidak,145.0,141.0,21,18,14.93,21,18,14.93,0.857,0.857,0.1104,Aman,Rendah
JJI-03637,Graduate,0,Journalism & Communication,Fase 1 - kuota umum,Lajang,Perempuan,Siang,19,≤20 th,Lunas,Tidak,Tidak,Ya,125.7,125.0,6,6,13.0,6,6,11.67,1.0,1.0,0.1523,Aman,Rendah
JJI-03638,Enrolled,0,Basic Education,Usia di atas 23 tahun,Bercerai,Perempuan,Siang,33,28-35 th,Menunggak,Ya,Tidak,Tidak,108.0,133.1,7,7,12.86,7,6,12.67,1.0,0.857,0.7904,Berisiko,Sangat Tinggi
JJI-03639,Graduate,0,Nursing,Fase 1 - kuota umum,Menikah,Perempuan,Siang,18,≤20 th,Lunas,Tidak,Tidak,Ya,128.7,143.0,7,7,14.46,8,8,13.91,1.0,1.0,0.0635,Aman,Rendah
JJI-03640,Graduate,0,Advertising & Marketing Management,Fase 1 - kuota umum,Lajang,Perempuan,Siang,18,≤20 th,Lunas,Tidak,Ya,Tidak,128.0,142.0,6,6,14.0,6,6,13.29,1.0,1.0,0.0755,Aman,Rendah
JJI-03641,Graduate,0,Journalism & Communication,Fase 1 - kuota umum,Lajang,Perempuan,Siang,20,≤20 th,Lunas,Tidak,Ya,Ya,146.5,150.0,6,6,13.5,6,6,12.67,1.0,1.0,0.0856,Aman,Rendah
JJI-03642,Dropout,1,Tourism,Fase 1 - kuota umum,Lajang,Perempuan,Siang,20,≤20 th,Menunggak,Tidak,Tidak,Ya,106.1,112.0,6,0,0.0,6,0,0.0,0.0,0.0,0.9894,Berisiko,Sangat Tinggi
JJI-03643,Graduate,0,Social Service (kelas malam),Fase 2 - kuota umum,Lajang,Perempuan,Malam,20,≤20 th,Lunas,Tidak,Ya,Tidak,118.0,133.1,6,6,11.67,6,5,14.0,1.0,0.833,0.0855,Aman,Rendah
JJI-03644,Graduate,0,Veterinary Nursing,Fase 2 - kuota umum,Lajang,Perempuan,Siang,19,≤20 th,Lunas,Tidak,Ya,Ya,117.0,125.0,5,4,12.0,5,5,13.33,0.8,1.0,0.1047,Aman,Rendah
JJI-03645,Graduate,0,Social Service,Fase 1 - kuota umum,Lajang,Perempuan,Siang,19,≤20 th,Lunas,Tidak,Ya,Ya,115.4,121.0,6,6,11.71,6,6,11.83,1.0,1.0,0.0616,Aman,Rendah
JJI-03646,Graduate,0,Social Service,Fase 2 - kuota umum,Lajang,Perempuan,Siang,21,21-23 th,Lunas,Tidak,Tidak,Ya,117.0,133.1,6,6,12.67,6,6,12.43,1.0,1.0,0.1269,Aman,Rendah
JJI-03647,Enrolled,0,Veterinary Nursing,Usia di atas 23 tahun,Lajang,Perempuan,Siang,26,24-27 th,Lunas,Tidak,Tidak,Ya,144.9,133.1,6,3,11.75,6,4,12.8,0.5,0.667,0.4653,Berisiko,Tinggi
JJI-03648,Dropout,1,Social Service,Fase 2 - kuota umum,Lajang,Perempuan,Siang,21,21-23 th,Lunas,Tidak,Tidak,Tidak,127.0,135.0,6,0,0.0,6,0,0.0,0.0,0.0,0.93,Berisiko,Sangat Tinggi
JJI-03649,Graduate,0,Nursing,Fase 1 - kuota umum,Lajang,Perempuan,Siang,18,≤20 th,Lunas,Tidak,Tidak,Ya,118.0,132.0,8,7,12.33,8,7,12.33,0.875,0.875,0.1431,Aman,Rendah
JJI-03650,Dropout,1,Basic Education,Usia di atas 23 tahun,Kumpul kebo,Perempuan,Siang,27,24-27 th,Lunas,Tidak,Tidak,Tidak,118.0,133.1,7,6,11.67,7,1,10.0,0.857,0.143,0.8288,Berisiko,Sangat Tinggi
JJI-03651,Graduate,0,Communication Design,Pindah program studi,Lajang,Perempuan,Siang,20,≤20 th,Lunas,Tidak,Ya,Ya,126.4,135.0,12,12,13.25,12,11,12.73,1.0,0.917,0.0599,Aman,Rendah
JJI-03652,Enrolled,0,Advertising & Marketing Management,Pindah program studi,Lajang,Perempuan,Siang,21,21-23 th,Lunas,Tidak,Tidak,Tidak,110.0,110.0,6,5,11.83,6,4,13.25,0.833,0.667,0.3243,Aman,Sedang
JJI-03653,Graduate,0,Oral Hygiene,Fase 2 - kuota umum,Lajang,Perempuan,Siang,18,≤20 th,Lunas,Tidak,Ya,Ya,124.4,133.0,7,7,13.3,8,8,15.12,1.0,1.0,0.066,Aman,Rendah
JJI-03654,Enrolled,0,Veterinary Nursing,Pemegang diploma spesialisasi teknologi,Lajang,Perempuan,Siang,20,≤20 th,Lunas,Tidak,Tidak,Ya,140.0,140.0,6,6,12.56,6,5,11.8,1.0,0.833,0.1599,Aman,Rendah
JJI-03655,Graduate,0,Journalism & Communication,Fase 1 - kuota umum,Lajang,Perempuan,Siang,18,≤20 th,Lunas,Tidak,Tidak,Ya,129.4,135.0,6,6,12.83,6,6,12.17,1.0,1.0,0.1408,Aman,Rendah
JJI-03656,Graduate,0,Social Service,Pemegang diploma spesialisasi teknologi,Lajang,Perempuan,Siang,20,≤20 th,Lunas,Tidak,Ya,Tidak,141.7,140.0,6,6,12.83,6,6,12.83,1.0,1.0,0.0477,Aman,Rendah
JJI-03657,Graduate,0,Veterinary Nursing,Fase 1 - kuota umum,Lajang,Perempuan,Siang,19,≤20 th,Lunas,Tidak,Ya,Ya,132.1,144.0,5,3,12.67,5,3,13.0,0.6,0.6,0.2162,Aman,Rendah
JJI-03658,Graduate,0,Nursing,Fase 1 - kuota umum,Lajang,Perempuan,Siang,20,≤20 th,Lunas,Tidak,Tidak,Ya,116.8,122.0,7,6,13.27,8,7,14.47,0.857,0.875,0.1296,Aman,Rendah
JJI-03659,Graduate,0,Management (kelas malam),Fase 1 - kuota umum,Lajang,Perempuan,Malam,20,≤20 th,Lunas,Tidak,Ya,Tidak,135.0,143.0,5,5,12.4,5,5,12.83,1.0,1.0,0.0819,Aman,Rendah
JJI-03660,Enrolled,0,Veterinary Nursing,Pemegang diploma spesialisasi teknologi,Lajang,Perempuan,Siang,20,≤20 th,Lunas,Tidak,Tidak,Tidak,150.0,150.0,5,2,14.5,5,4,11.25,0.4,0.8,0.3023,Aman,Sedang
JJI-03661,Dropout,1,Social Service,Fase 1 - kuota umum,Lajang,Perempuan,Siang,19,≤20 th,Lunas,Ya,Tidak,Ya,116.0,124.0,6,0,0.0,5,0,0.0,0.0,0.0,0.9594,Berisiko,Sangat Tinggi
JJI-03662,Graduate,0,Journalism & Communication,Fase 1 - kuota umum,Lajang,Perempuan,Siang,18,≤20 th,Lunas,Tidak,Tidak,Tidak,155.0,156.0,6,6,14.29,6,6,13.25,1.0,1.0,0.1183,Aman,Rendah
JJI-03663,Graduate,0,Veterinary Nursing,Fase 1 - kuota umum,Lajang,Perempuan,Siang,18,≤20 th,Lunas,Tidak,Tidak,Ya,127.0,142.0,5,3,12.33,5,5,12.6,0.6,1.0,0.1563,Aman,Rendah
JJI-03664,Graduate,0,Nursing,Fase 2 - kuota umum,Lajang,Perempuan,Siang,19,≤20 th,Lunas,Tidak,Ya,Ya,130.8,142.0,7,6,12.58,8,7,12.67,0.857,0.875,0.1144,Aman,Rendah
JJI-03665,Dropout,1,Nursing,Fase 1 - kuota umum,Lajang,Perempuan,Siang,19,≤20 th,Lunas,Tidak,Tidak,Ya,121.8,126.0,7,6,13.73,8,7,13.77,0.857,0.875,0.149,Aman,Rendah
JJI-03666,Enrolled,0,Agronomy,Usia di atas 23 tahun,Lajang,Laki-laki,Siang,43,>35 th,Lunas,Tidak,Tidak,Tidak,140.0,133.1,6,6,12.88,6,5,12.14,1.0,0.833,0.4111,Aman,Sedang
JJI-03667,Dropout,1,Communication Design,Transfer,Menikah,Laki-laki,Siang,47,>35 th,Lunas,Tidak,Tidak,Tidak,148.5,170.0,10,8,14.62,7,5,13.4,0.8,0.714,0.6527,Berisiko,Tinggi
JJI-03668,Dropout,1,Management,Transfer,Lajang,Laki-laki,Siang,23,21-23 th,Menunggak,Tidak,Tidak,Ya,109.8,130.0,3,0,0.0,2,0,0.0,0.0,0.0,0.9588,Berisiko,Sangat Tinggi
JJI-03669,Graduate,0,Social Service,Fase 1 - kuota umum,Lajang,Perempuan,Siang,19,≤20 th,Lunas,Ya,Ya,Ya,119.7,133.0,6,6,12.67,6,6,12.67,1.0,1.0,0.089,Aman,Rendah
JJI-03670,Graduate,0,Nursing,Transfer,Lajang,Perempuan,Siang,20,≤20 th,Lunas,Tidak,Tidak,Ya,122.0,122.0,8,6,12.49,8,6,12.49,0.75,0.75,0.2984,Aman,Sedang
JJI-03671,Graduate,0,Animation & Multimedia Design,Fase 1 - kuota umum,Lajang,Perempuan,Siang,19,≤20 th,Lunas,Tidak,Ya,Ya,147.5,138.0,12,12,13.67,11,11,14.17,1.0,1.0,0.0391,Aman,Rendah
JJI-03672,Graduate,0,Veterinary Nursing,Fase 2 - kuota umum,Lajang,Perempuan,Siang,19,≤20 th,Lunas,Tidak,Tidak,Ya,150.8,163.0,6,6,16.0,6,6,14.5,1.0,1.0,0.0992,Aman,Rendah
JJI-03673,Graduate,0,Veterinary Nursing,Pemegang diploma spesialisasi teknologi,Lajang,Perempuan,Siang,19,≤20 th,Lunas,Tidak,Tidak,Ya,150.0,150.0,6,6,14.14,6,6,13.0,1.0,1.0,0.0981,Aman,Rendah
JJI-03674,Graduate,0,Social Service (kelas malam),Usia di atas 23 tahun,Lajang,Perempuan,Malam,39,>35 th,Lunas,Ya,Ya,Tidak,131.5,133.1,6,6,11.83,6,4,13.75,1.0,0.667,0.3384,Aman,Sedang
JJI-03675,Graduate,0,Communication Design,Fase 1 - kuota umum,Lajang,Perempuan,Siang,20,≤20 th,Lunas,Tidak,Ya,Ya,127.2,144.0,6,6,12.67,6,6,13.0,1.0,1.0,0.0706,Aman,Rendah
JJI-03676,Graduate,0,Communication Design,Fase 2 - kuota umum,Lajang,Perempuan,Siang,21,21-23 th,Lunas,Tidak,Tidak,Ya,111.0,118.0,6,6,12.5,6,6,12.67,1.0,1.0,0.1327,Aman,Rendah
JJI-03677,Graduate,0,Social Service,Pindah program studi,Lajang,Perempuan,Siang,22,21-23 th,Menunggak,Ya,Tidak,Ya,119.9,101.0,11,9,10.89,10,4,11.25,0.818,0.4,0.9363,Berisiko,Sangat Tinggi
JJI-03678,Dropout,1,Journalism & Communication,Fase 1 - kuota umum,Lajang,Perempuan,Siang,19,≤20 th,Lunas,Tidak,Tidak,Ya,133.7,133.0,6,1,13.0,5,0,0.0,0.167,0.0,0.9442,Berisiko,Sangat Tinggi
JJI-03679,Graduate,0,Advertising & Marketing Management,Fase 2 - kuota umum,Lajang,Perempuan,Siang,22,21-23 th,Lunas,Tidak,Tidak,Ya,140.0,133.1,6,6,15.17,6,6,16.0,1.0,1.0,0.1229,Aman,Rendah
JJI-03680,Graduate,0,Basic Education,Fase 1 - kuota khusus (Azores),Lajang,Perempuan,Siang,19,≤20 th,Lunas,Tidak,Ya,Ya,113.9,124.0,6,6,12.67,6,6,12.0,1.0,1.0,0.1684,Aman,Rendah
JJI-03681,Dropout,1,Animation & Multimedia Design,Fase 1 - kuota umum,Lajang,Laki-laki,Siang,18,≤20 th,Lunas,Ya,Tidak,Ya,120.7,127.0,0,0,0.0,0,0,0.0,,,0.6829,Berisiko,Tinggi
JJI-03682,Enrolled,0,Management,Usia di atas 23 tahun,Kumpul kebo,Laki-laki,Siang,26,24-27 th,Lunas,Tidak,Tidak,Tidak,119.8,133.1,5,5,12.0,5,5,10.2,1.0,1.0,0.2588,Aman,Sedang
JJI-03683,Dropout,1,Management (kelas malam),Usia di atas 23 tahun,Lajang,Laki-laki,Malam,36,>35 th,Menunggak,Tidak,Tidak,Tidak,121.8,110.0,5,0,0.0,5,0,0.0,0.0,0.0,0.9945,Berisiko,Sangat Tinggi
JJI-03684,Graduate,0,Animation & Multimedia Design,Fase 3 - kuota umum,Lajang,Laki-laki,Siang,20,≤20 th,Lunas,Ya,Ya,Ya,117.7,110.0,0,0,0.0,0,0,0.0,,,0.6702,Berisiko,Tinggi
JJI-03685,Dropout,1,Management,Usia di atas 23 tahun,Menikah,Laki-laki,Siang,30,28-35 th,Lunas,Tidak,Tidak,Tidak,110.0,160.0,5,2,11.0,5,4,11.5,0.4,0.8,0.4212,Berisiko,Tinggi
JJI-03686,Dropout,1,Agronomy,Pindah program studi,Lajang,Laki-laki,Siang,24,24-27 th,Lunas,Tidak,Tidak,Tidak,134.4,120.0,6,6,15.71,6,6,15.9,1.0,1.0,0.1187,Aman,Rendah
JJI-03687,Dropout,1,Management,Fase 1 - kuota umum,Lajang,Laki-laki,Siang,26,24-27 th,Lunas,Tidak,Tidak,Tidak,125.3,133.1,15,11,10.82,14,11,11.64,0.733,0.786,0.3199,Aman,Sedang
JJI-03688,Dropout,1,Management,Fase 1 - kuota umum,Lajang,Laki-laki,Siang,19,≤20 th,Menunggak,Tidak,Tidak,Tidak,119.1,132.0,5,1,12.0,5,0,0.0,0.2,0.0,0.9795,Berisiko,Sangat Tinggi
JJI-03689,Graduate,0,Social Service,Usia di atas 23 tahun,Kumpul kebo,Laki-laki,Siang,34,28-35 th,Lunas,Tidak,Tidak,Tidak,146.0,130.0,6,5,12.6,6,4,11.25,0.833,0.667,0.3891,Aman,Sedang
JJI-03690,Enrolled,0,Equinculture,Pindah program studi,Lajang,Laki-laki,Siang,33,28-35 th,Lunas,Tidak,Tidak,Ya,130.0,130.0,5,1,13.0,5,3,14.0,0.2,0.6,0.7563,Berisiko,Sangat Tinggi
JJI-03691,Graduate,0,Management,Fase 2 - kuota umum,Lajang,Laki-laki,Siang,19,≤20 th,Lunas,Tidak,Tidak,Ya,122.0,129.0,5,5,11.6,5,4,10.75,1.0,0.8,0.3903,Aman,Sedang
JJI-03692,Dropout,1,Informatics Engineering,Fase 2 - kuota umum,Lajang,Laki-laki,Siang,26,24-27 th,Menunggak,Ya,Tidak,Ya,118.1,130.0,5,1,10.0,5,1,11.0,0.2,0.2,0.9799,Berisiko,Sangat Tinggi
JJI-03693,Dropout,1,Advertising & Marketing Management,Usia di atas 23 tahun,Lajang,Laki-laki,Siang,29,28-35 th,Lunas,Tidak,Tidak,Tidak,105.2,140.0,6,1,14.0,6,0,0.0,0.167,0.0,0.9758,Berisiko,Sangat Tinggi
JJI-03694,Dropout,1,Informatics Engineering,Fase 2 - kuota umum,Lajang,Laki-laki,Siang,19,≤20 th,Lunas,Tidak,Ya,Ya,123.3,131.0,5,5,12.6,5,2,12.5,1.0,0.4,0.4422,Berisiko,Tinggi
JJI-03695,Dropout,1,Animation & Multimedia Design,Fase 2 - kuota umum,Lajang,Laki-laki,Siang,18,≤20 th,Lunas,Tidak,Tidak,Ya,124.8,129.0,0,0,0.0,0,0,0.0,,,0.6154,Berisiko,Tinggi
JJI-03696,Dropout,1,Management (kelas malam),Usia di atas 23 tahun,Lajang,Laki-laki,Malam,29,28-35 th,Menunggak,Tidak,Tidak,Tidak,149.4,133.1,5,2,11.33,5,1,12.0,0.4,0.2,0.9486,Berisiko,Sangat Tinggi
JJI-03697,Graduate,0,Tourism,Pindah program studi,Lajang,Laki-laki,Siang,21,21-23 th,Lunas,Tidak,Tidak,Tidak,108.5,112.0,6,6,12.67,6,5,11.4,1.0,0.833,0.2555,Aman,Sedang
JJI-03698,Enrolled,0,Tourism,Fase 2 - kuota umum,Lajang,Laki-laki,Siang,19,≤20 th,Lunas,Tidak,Tidak,Tidak,125.0,119.0,6,5,10.8,6,2,10.5,0.833,0.333,0.5934,Berisiko,Tinggi
JJI-03699,Graduate,0,Nursing,Fase 1 - kuota umum,Lajang,Laki-laki,Siang,20,≤20 th,Lunas,Tidak,Tidak,Tidak,101.0,133.1,7,5,12.88,8,7,11.86,0.714,0.875,0.2086,Aman,Rendah
JJI-03700,Dropout,1,Veterinary Nursing,Fase 1 - kuota umum,Lajang,Laki-laki,Siang,18,≤20 th,Lunas,Tidak,Tidak,Tidak,112.9,123.0,5,0,0.0,5,0,0.0,0.0,0.0,0.9137,Berisiko,Sangat Tinggi
JJI-03701,Enrolled,0,Communication Design,Fase 2 - kuota umum,Lajang,Laki-laki,Siang,18,≤20 th,Lunas,Tidak,Tidak,Ya,120.2,131.0,6,6,12.83,6,5,11.4,1.0,0.833,0.3049,Aman,Sedang
JJI-03702,Enrolled,0,Management,Fase 1 - kuota umum,Lajang,Laki-laki,Siang,21,21-23 th,Lunas,Ya,Ya,Tidak,111.6,120.0,5,5,12.6,5,3,12.83,1.0,0.6,0.299,Aman,Sedang
JJI-03703,Dropout,1,Management,Fase 1 - kuota umum,Lajang,Laki-laki,Siang,20,≤20 th,Lunas,Tidak,Tidak,Ya,134.1,125.0,5,0,0.0,5,0,0.0,0.0,0.0,0.9374,Berisiko,Sangat Tinggi
JJI-03704,Dropout,1,Informatics Engineering,Usia di atas 23 tahun,Lajang,Laki-laki,Siang,30,28-35 th,Lunas,Tidak,Ya,Tidak,101.6,133.1,5,0,0.0,5,0,0.0,0.0,0.0,0.9504,Berisiko,Sangat Tinggi
JJI-03705,Graduate,0,Advertising & Marketing Management,Fase 3 - kuota umum,Lajang,Laki-laki,Siang,19,≤20 th,Lunas,Tidak,Tidak,Ya,111.9,121.0,6,6,14.17,6,6,14.0,1.0,1.0,0.1895,Aman,Rendah
JJI-03706,Dropout,1,Management,Pindah institusi/prodi,Lajang,Laki-laki,Siang,30,28-35 th,Lunas,Tidak,Tidak,Ya,118.4,148.0,5,5,13.4,5,4,13.25,1.0,0.8,0.3102,Aman,Sedang
JJI-03707,Graduate,0,Management,Fase 1 - kuota umum,Lajang,Laki-laki,Siang,22,21-23 th,Lunas,Tidak,Ya,Ya,127.1,139.0,5,5,11.2,5,4,11.25,1.0,0.8,0.2175,Aman,Rendah
JJI-03708,Graduate,0,Animation & Multimedia Design,Fase 2 - kuota umum,Lajang,Laki-laki,Siang,22,21-23 th,Lunas,Tidak,Tidak,Ya,120.5,125.0,0,0,0.0,0,0,0.0,,,0.6803,Berisiko,Tinggi
JJI-03709,Dropout,1,Communication Design,Fase 2 - kuota umum,Lajang,Laki-laki,Siang,19,≤20 th,Menunggak,Ya,Tidak,Ya,136.1,128.0,6,6,12.67,6,5,11.8,1.0,0.833,0.751,Berisiko,Sangat Tinggi
JJI-03710,Dropout,1,Advertising & Marketing Management,Fase 2 - kuota umum,Lajang,Laki-laki,Siang,21,21-23 th,Lunas,Tidak,Tidak,Ya,124.0,132.0,5,3,12.33,5,4,11.25,0.6,0.8,0.4518,Berisiko,Tinggi
JJI-03711,Graduate,0,Veterinary Nursing,Fase 2 - kuota umum,Lajang,Laki-laki,Siang,21,21-23 th,Lunas,Tidak,Tidak,Tidak,141.6,137.0,5,4,12.25,5,5,12.0,0.8,1.0,0.222,Aman,Rendah
JJI-03712,Dropout,1,Animation & Multimedia Design,Pemegang diploma spesialisasi teknologi,Lajang,Laki-laki,Siang,21,21-23 th,Lunas,Ya,Ya,Ya,160.0,160.0,0,0,0.0,0,0,0.0,,,0.5917,Berisiko,Tinggi
JJI-03713,Dropout,1,Management,Usia di atas 23 tahun,Lajang,Laki-laki,Siang,27,24-27 th,Lunas,Tidak,Tidak,Tidak,110.0,120.0,5,3,10.75,5,3,10.33,0.6,0.6,0.5616,Berisiko,Tinggi
JJI-03714,Dropout,1,Biofuel Production Technologies,Pindah program studi,Lajang,Laki-laki,Siang,32,28-35 th,Lunas,Tidak,Tidak,Ya,100.0,134.0,7,0,0.0,7,0,0.0,0.0,0.0,0.989,Berisiko,Sangat Tinggi
JJI-03715,Dropout,1,Advertising & Marketing Management,Usia di atas 23 tahun,Lajang,Laki-laki,Siang,40,>35 th,Menunggak,Ya,Tidak,Tidak,120.0,133.1,6,0,0.0,6,0,0.0,0.0,0.0,0.9982,Berisiko,Sangat Tinggi
JJI-03716,Enrolled,0,Management,Fase 1 - kuota umum,Lajang,Laki-laki,Siang,20,≤20 th,Lunas,Tidak,Tidak,Ya,124.8,116.0,5,2,14.33,5,2,12.5,0.4,0.4,0.5482,Berisiko,Tinggi
JJI-03717,Dropout,1,Equinculture,Pemegang diploma spesialisasi teknologi,Lajang,Laki-laki,Siang,20,≤20 th,Lunas,Tidak,Tidak,Ya,140.0,140.0,5,2,11.5,5,2,11.5,0.4,0.4,0.7021,Berisiko,Tinggi
JJI-03718,Graduate,0,Animation & Multimedia Design,Fase 1 - kuota umum,Lajang,Laki-laki,Siang,18,≤20 th,Lunas,Tidak,Tidak,Ya,124.3,140.0,0,0,0.0,0,0,0.0,,,0.5932,Berisiko,Tinggi
JJI-03719,Dropout,1,Management,Pindah program studi,Lajang,Laki-laki,Siang,21,21-23 th,Lunas,Tidak,Tidak,Tidak,118.9,122.0,5,2,10.5,5,0,0.0,0.4,0.0,0.9213,Berisiko,Sangat Tinggi
JJI-03720,Dropout,1,Advertising & Marketing Management,Fase 2 - kuota umum,Lajang,Laki-laki,Siang,18,≤20 th,Lunas,Tidak,Tidak,Tidak,130.2,141.0,6,6,13.5,6,0,0.0,1.0,0.0,0.9387,Berisiko,Sangat Tinggi
JJI-03721,Enrolled,0,Agronomy,Pemegang diploma spesialisasi teknologi,Lajang,Laki-laki,Siang,19,≤20 th,Lunas,Tidak,Tidak,Tidak,120.0,120.0,6,1,11.0,6,0,0.0,0.167,0.0,0.9512,Berisiko,Sangat Tinggi
JJI-03722,Dropout,1,Communication Design,Pemegang gelar pendidikan tinggi lain,Kumpul kebo,Laki-laki,Siang,30,28-35 th,Menunggak,Tidak,Tidak,Tidak,140.0,140.0,6,1,10.0,6,0,0.0,0.167,0.0,0.9931,Berisiko,Sangat Tinggi
JJI-03723,Dropout,1,Agronomy,Usia di atas 23 tahun,Lajang,Laki-laki,Siang,29,28-35 th,Lunas,Tidak,Tidak,Tidak,130.0,133.1,6,0,0.0,6,0,0.0,0.0,0.0,0.9802,Berisiko,Sangat Tinggi
JJI-03724,Dropout,1,Informatics Engineering,Fase 2 - kuota umum,Lajang,Laki-laki,Siang,18,≤20 th,Lunas,Ya,Tidak,Ya,130.4,137.0,5,1,12.0,5,3,10.67,0.2,0.6,0.7145,Berisiko,Tinggi
JJI-03725,Dropout,1,Advertising & Marketing Management,Fase 1 - kuota umum,Lajang,Laki-laki,Siang,18,≤20 th,Lunas,Tidak,Ya,Ya,116.1,122.0,5,4,12.25,5,5,12.2,0.8,1.0,0.1524,Aman,Rendah
JJI-03726,Dropout,1,Agronomy,Pemegang diploma spesialisasi teknologi,Lajang,Laki-laki,Siang,22,21-23 th,Lunas,Tidak,Tidak,Tidak,130.0,130.0,10,5,11.4,7,6,11.67,0.5,0.857,0.3979,Aman,Sedang
JJI-03727,Dropout,1,Management (kelas malam),Pindah program studi,Lajang,Laki-laki,Malam,27,24-27 th,Menunggak,Tidak,Tidak,Ya,124.3,140.0,5,0,0.0,5,0,0.0,0.0,0.0,0.9935,Berisiko,Sangat Tinggi
JJI-03728,Graduate,0,Advertising & Marketing Management,Fase 2 - kuota umum,Lajang,Laki-laki,Siang,20,≤20 th,Lunas,Tidak,Tidak,Ya,125.0,125.0,6,4,14.25,6,5,14.0,0.667,0.833,0.4271,Berisiko,Tinggi
JJI-03729,Graduate,0,Social Service (kelas malam),Pindah institusi/prodi,Lajang,Laki-laki,Malam,42,>35 th,Lunas,Tidak,Tidak,Tidak,110.0,110.0,12,11,14.45,11,10,14.2,0.917,0.909,0.2415,Aman,Rendah
JJI-03730,Graduate,0,Agronomy,Fase 1 - kuota umum,Lajang,Laki-laki,Siang,21,21-23 th,Lunas,Ya,Tidak,Tidak,115.0,133.1,12,12,14.54,12,12,14.46,1.0,1.0,0.0823,Aman,Rendah
JJI-03731,Graduate,0,Nursing,Pindah program studi,Lajang,Laki-laki,Siang,23,21-23 th,Lunas,Tidak,Tidak,Tidak,129.6,132.0,7,6,12.73,8,7,11.95,0.857,0.875,0.1669,Aman,Rendah
JJI-03732,Dropout,1,Communication Design,Pindah institusi/prodi,Lajang,Laki-laki,Siang,21,21-23 th,Lunas,Tidak,Tidak,Ya,128.8,122.0,12,5,13.2,12,4,13.5,0.417,0.333,0.9242,Berisiko,Sangat Tinggi
JJI-03733,Graduate,0,Animation & Multimedia Design,Fase 1 - kuota umum,Lajang,Laki-laki,Siang,19,≤20 th,Lunas,Tidak,Tidak,Ya,144.2,155.0,0,0,0.0,0,0,0.0,,,0.6102,Berisiko,Tinggi
JJI-03734,Dropout,1,Social Service,Usia di atas 23 tahun,Menikah,Laki-laki,Siang,40,>35 th,Lunas,Tidak,Ya,Tidak,134.0,120.0,6,6,12.33,6,4,12.75,1.0,0.667,0.2893,Aman,Sedang
JJI-03735,Dropout,1,Management,Pindah program studi,Lajang,Laki-laki,Siang,22,21-23 th,Lunas,Tidak,Tidak,Tidak,112.0,129.0,9,5,11.2,9,7,11.25,0.556,0.778,0.4097,Aman,Sedang
JJI-03736,Graduate,0,Nursing,Fase 1 - kuota umum,Lajang,Laki-laki,Siang,19,≤20 th,Lunas,Tidak,Tidak,Ya,128.8,144.0,7,6,13.2,7,6,13.2,0.857,0.857,0.1922,Aman,Rendah
JJI-03737,Enrolled,0,Informatics Engineering,Usia di atas 23 tahun,Lajang,Laki-laki,Siang,24,24-27 th,Lunas,Tidak,Ya,Tidak,134.0,130.0,5,5,11.83,5,4,14.0,1.0,0.8,0.1889,Aman,Rendah
JJI-03738,Enrolled,0,Tourism,Fase 1 - kuota umum,Lajang,Laki-laki,Siang,21,21-23 th,Lunas,Tidak,Tidak,Tidak,125.0,133.1,6,5,11.33,6,2,11.5,0.833,0.333,0.5683,Berisiko,Tinggi
JJI-03739,Graduate,0,Informatics Engineering,Fase 2 - kuota umum,Lajang,Laki-laki,Siang,18,≤20 th,Lunas,Tidak,Tidak,Ya,123.2,133.0,5,5,13.6,5,5,14.6,1.0,1.0,0.1958,Aman,Rendah
JJI-03740,Dropout,1,Informatics Engineering,Fase 2 - kuota umum,Lajang,Laki-laki,Siang,18,≤20 th,Lunas,Tidak,Tidak,Tidak,118.4,131.0,5,0,0.0,5,2,11.5,0.0,0.4,0.7878,Berisiko,Sangat Tinggi
JJI-03741,Dropout,1,Advertising & Marketing Management,Pindah institusi/prodi,Lajang,Laki-laki,Siang,24,24-27 th,Lunas,Tidak,Tidak,Tidak,116.2,133.1,6,5,12.86,6,5,13.67,0.833,0.833,0.3338,Aman,Sedang
JJI-03742,Enrolled,0,Informatics Engineering,Usia di atas 23 tahun,Lajang,Laki-laki,Siang,28,28-35 th,Lunas,Tidak,Ya,Tidak,123.0,133.1,5,3,14.33,5,5,12.43,0.6,1.0,0.249,Aman,Rendah
JJI-03743,Graduate,0,Advertising & Marketing Management,Fase 2 - kuota umum,Lajang,Perempuan,Siang,19,≤20 th,Lunas,Tidak,Ya,Ya,113.5,118.0,6,5,13.5,6,6,14.0,0.833,1.0,0.1239,Aman,Rendah
JJI-03744,Enrolled,0,Veterinary Nursing,Pindah institusi/prodi,Lajang,Perempuan,Siang,28,28-35 th,Lunas,Tidak,Tidak,Tidak,125.0,120.0,6,6,14.43,6,4,15.6,1.0,0.667,0.2182,Aman,Rendah
JJI-03745,Dropout,1,Basic Education,Fase 2 - kuota umum,Lajang,Perempuan,Siang,18,≤20 th,Lunas,Tidak,Tidak,Ya,134.8,133.1,6,0,0.0,6,0,0.0,0.0,0.0,0.9812,Berisiko,Sangat Tinggi
JJI-03746,Graduate,0,Animation & Multimedia Design,Fase 1 - kuota umum,Lajang,Perempuan,Siang,19,≤20 th,Menunggak,Tidak,Tidak,Ya,149.9,145.0,0,0,0.0,0,0,0.0,,,0.8027,Berisiko,Sangat Tinggi
JJI-03747,Graduate,0,Nursing,Fase 1 - kuota umum,Lajang,Perempuan,Siang,19,≤20 th,Lunas,Tidak,Ya,Ya,119.8,125.0,8,8,12.83,8,8,12.83,1.0,1.0,0.0474,Aman,Rendah
JJI-03748,Graduate,0,Equinculture,Pindah program studi,Lajang,Perempuan,Siang,21,21-23 th,Lunas,Tidak,Tidak,Ya,125.0,125.0,5,0,0.0,5,4,13.75,0.0,0.8,0.5029,Berisiko,Tinggi
JJI-03749,Dropout,1,Nursing,Fase 1 - kuota umum,Lajang,Perempuan,Siang,18,≤20 th,Lunas,Ya,Tidak,Ya,135.1,148.0,7,0,0.0,8,0,0.0,0.0,0.0,0.981,Berisiko,Sangat Tinggi
JJI-03750,Graduate,0,Communication Design,Fase 1 - kuota umum,Lajang,Perempuan,Siang,19,≤20 th,Lunas,Tidak,Tidak,Ya,138.3,139.0,6,6,14.67,6,6,13.17,1.0,1.0,0.1028,Aman,Rendah
JJI-03751,Graduate,0,Nursing,Fase 2 - kuota umum,Lajang,Perempuan,Siang,19,≤20 th,Lunas,Tidak,Tidak,Ya,122.5,130.0,8,7,13.94,8,7,13.94,0.875,0.875,0.15,Aman,Rendah
JJI-03752,Graduate,0,Communication Design,Fase 1 - kuota umum,Lajang,Perempuan,Siang,20,≤20 th,Lunas,Tidak,Tidak,Ya,148.0,148.0,12,10,14.7,12,12,14.58,0.833,1.0,0.0718,Aman,Rendah
JJI-03753,Graduate,0,Journalism & Communication,Fase 1 - kuota umum,Lajang,Perempuan,Siang,18,≤20 th,Lunas,Tidak,Tidak,Ya,126.2,130.0,6,6,11.67,6,5,12.2,1.0,0.833,0.1955,Aman,Rendah
JJI-03754,Graduate,0,Nursing,Pindah program studi,Lajang,Perempuan,Siang,20,≤20 th,Lunas,Tidak,Tidak,Ya,129.8,134.0,7,6,14.85,7,6,14.85,0.857,0.857,0.1464,Aman,Rendah
JJI-03755,Dropout,1,Veterinary Nursing,Usia di atas 23 tahun,Lajang,Perempuan,Siang,26,24-27 th,Lunas,Tidak,Tidak,Tidak,104.0,133.1,5,1,12.0,5,0,0.0,0.2,0.0,0.921,Berisiko,Sangat Tinggi
JJI-03756,Dropout,1,Nursing,Fase 3 - kuota umum,Lajang,Perempuan,Siang,18,≤20 th,Lunas,Tidak,Tidak,Ya,126.7,137.0,7,7,13.69,8,8,15.62,1.0,1.0,0.0736,Aman,Rendah
JJI-03757,Graduate,0,Social Service (kelas malam),Usia di atas 23 tahun,Lajang,Perempuan,Malam,58,>35 th,Lunas,Tidak,Tidak,Tidak,120.0,130.0,6,5,12.4,6,5,11.6,0.833,0.833,0.534,Berisiko,Tinggi
JJI-03758,Graduate,0,Nursing,Fase 1 - kuota umum,Lajang,Perempuan,Siang,18,≤20 th,Lunas,Tidak,Tidak,Tidak,124.6,137.0,7,7,13.4,8,8,13.54,1.0,1.0,0.0569,Aman,Rendah
JJI-03759,Enrolled,0,Veterinary Nursing,Pemegang diploma spesialisasi teknologi,Lajang,Perempuan,Siang,20,≤20 th,Lunas,Tidak,Tidak,Ya,130.0,130.0,6,5,11.8,6,4,12.0,0.833,0.667,0.3007,Aman,Sedang
JJI-03760,Dropout,1,Management (kelas malam),Fase 2 - kuota umum,Lajang,Perempuan,Malam,20,≤20 th,Lunas,Tidak,Tidak,Tidak,127.3,140.0,5,0,0.0,5,0,0.0,0.0,0.0,0.945,Berisiko,Sangat Tinggi
JJI-03761,Graduate,0,Management,Ordinance No. 612/93,Lajang,Perempuan,Siang,29,28-35 th,Lunas,Tidak,Tidak,Ya,122.0,150.0,15,13,11.77,14,14,11.93,0.867,1.0,0.1413,Aman,Rendah
JJI-03762,Dropout,1,Social Service,Pemegang gelar pendidikan tinggi lain,Lajang,Perempuan,Siang,27,24-27 th,Menunggak,Ya,Tidak,Tidak,125.1,130.0,6,0,0.0,5,0,0.0,0.0,0.0,0.993,Berisiko,Sangat Tinggi
JJI-03763,Graduate,0,Veterinary Nursing,Fase 1 - kuota umum,Lajang,Perempuan,Siang,21,21-23 th,Lunas,Tidak,Ya,Ya,110.0,133.1,6,6,13.29,6,6,13.0,1.0,1.0,0.064,Aman,Rendah
JJI-03764,Graduate,0,Social Service,Fase 1 - kuota umum,Lajang,Perempuan,Siang,20,≤20 th,Lunas,Tidak,Ya,Tidak,129.8,134.0,6,6,11.67,6,6,11.17,1.0,1.0,0.0524,Aman,Rendah
JJI-03765,Graduate,0,Social Service,Fase 2 - kuota umum,Lajang,Perempuan,Siang,19,≤20 th,Lunas,Tidak,Ya,Tidak,114.9,125.0,6,6,11.5,6,5,12.2,1.0,0.833,0.0926,Aman,Rendah
JJI-03766,Graduate,0,Nursing,Fase 1 - kuota umum,Lajang,Perempuan,Siang,22,21-23 th,Lunas,Tidak,Ya,Ya,125.6,141.0,7,6,13.08,8,6,13.15,0.857,0.75,0.1297,Aman,Rendah
JJI-03767,Graduate,0,Communication Design,Fase 3 - kuota umum,Lajang,Perempuan,Siang,19,≤20 th,Lunas,Tidak,Ya,Ya,125.1,138.0,6,6,12.67,6,6,13.0,1.0,1.0,0.1026,Aman,Rendah
JJI-03768,Dropout,1,Journalism & Communication,Fase 2 - kuota umum,Lajang,Perempuan,Siang,19,≤20 th,Menunggak,Ya,Tidak,Ya,115.7,116.0,6,3,11.33,6,0,0.0,0.5,0.0,0.9917,Berisiko,Sangat Tinggi
JJI-03769,Enrolled,0,Basic Education,Fase 1 - kuota umum,Lajang,Perempuan,Siang,23,21-23 th,Lunas,Tidak,Tidak,Ya,112.6,122.0,6,5,13.6,6,5,11.6,0.833,0.833,0.399,Aman,Sedang
JJI-03770,Dropout,1,Journalism & Communication,Fase 1 - kuota umum,Lajang,Perempuan,Siang,18,≤20 th,Lunas,Tidak,Ya,Ya,127.2,131.0,6,6,13.17,6,5,13.2,1.0,0.833,0.1208,Aman,Rendah
JJI-03771,Dropout,1,Equinculture,Pemegang diploma spesialisasi teknologi,Lajang,Perempuan,Siang,19,≤20 th,Lunas,Tidak,Tidak,Tidak,140.0,140.0,6,0,0.0,6,0,0.0,0.0,0.0,0.9687,Berisiko,Sangat Tinggi
JJI-03772,Graduate,0,Agronomy,Pemegang diploma spesialisasi teknologi,Lajang,Perempuan,Siang,20,≤20 th,Lunas,Tidak,Tidak,Ya,140.0,140.0,6,5,11.67,6,5,12.6,0.833,0.833,0.1723,Aman,Rendah
JJI-03773,Graduate,0,Social Service,Fase 1 - kuota umum,Lajang,Perempuan,Siang,19,≤20 th,Lunas,Tidak,Ya,Ya,120.4,127.0,6,6,13.5,6,6,13.43,1.0,1.0,0.0596,Aman,Rendah
JJI-03774,Dropout,1,Veterinary Nursing,Usia di atas 23 tahun,Lajang,Perempuan,Siang,26,24-27 th,Menunggak,Ya,Ya,Ya,100.0,133.1,6,0,0.0,6,0,0.0,0.0,0.0,0.9908,Berisiko,Sangat Tinggi
JJI-03775,Graduate,0,Social Service,Fase 1 - kuota umum,Lajang,Perempuan,Siang,18,≤20 th,Lunas,Tidak,Ya,Ya,113.5,117.0,6,6,13.17,6,6,14.14,1.0,1.0,0.0437,Aman,Rendah
JJI-03776,Dropout,1,Veterinary Nursing,Fase 1 - kuota umum,Lajang,Perempuan,Siang,29,28-35 th,Lunas,Ya,Tidak,Ya,132.1,150.0,5,4,12.5,5,2,12.5,0.8,0.4,0.5787,Berisiko,Tinggi
JJI-03777,Graduate,0,Agronomy,Pemegang diploma spesialisasi teknologi,Lajang,Perempuan,Siang,20,≤20 th,Menunggak,Tidak,Tidak,Ya,160.0,160.0,6,6,13.38,6,6,13.0,1.0,1.0,0.3071,Aman,Sedang
JJI-03778,Graduate,0,Communication Design,Fase 1 - kuota umum,Lajang,Perempuan,Siang,19,≤20 th,Lunas,Tidak,Tidak,Ya,126.3,128.0,6,6,13.17,6,6,12.67,1.0,1.0,0.0945,Aman,Rendah
JJI-03779,Enrolled,0,Veterinary Nursing,Pemegang diploma spesialisasi teknologi,Lajang,Perempuan,Siang,23,21-23 th,Lunas,Tidak,Tidak,Ya,160.0,160.0,6,4,13.4,6,2,13.5,0.667,0.333,0.5319,Berisiko,Tinggi
JJI-03780,Enrolled,0,Oral Hygiene,Pindah program studi,Lajang,Perempuan,Siang,25,24-27 th,Lunas,Tidak,Tidak,Tidak,100.0,126.0,7,3,13.0,8,3,11.67,0.429,0.375,0.7722,Berisiko,Sangat Tinggi
JJI-03781,Graduate,0,Nursing,Fase 3 - kuota umum,Lajang,Perempuan,Siang,18,≤20 th,Lunas,Tidak,Tidak,Ya,125.8,135.0,8,7,13.15,8,7,13.15,0.875,0.875,0.1308,Aman,Rendah
JJI-03782,Graduate,0,Communication Design,Fase 1 - kuota umum,Lajang,Perempuan,Siang,19,≤20 th,Lunas,Tidak,Ya,Ya,142.2,139.0,6,6,12.83,6,6,12.83,1.0,1.0,0.0761,Aman,Rendah
JJI-03783,Graduate,0,Basic Education,Fase 2 - kuota umum,Lajang,Perempuan,Siang,18,≤20 th,Lunas,Tidak,Tidak,Ya,119.4,125.0,7,7,12.14,7,7,13.14,1.0,1.0,0.2201,Aman,Rendah
JJI-03784,Enrolled,0,Nursing,Fase 1 - kuota umum,Lajang,Perempuan,Siang,19,≤20 th,Lunas,Tidak,Ya,Ya,106.4,106.0,7,5,13.34,7,6,12.39,0.714,0.857,0.1196,Aman,Rendah
JJI-03785,Dropout,1,Social Service (kelas malam),Pemegang gelar pendidikan tinggi lain,Lajang,Perempuan,Malam,36,>35 th,Lunas,Tidak,Tidak,Tidak,120.0,120.0,10,4,13.0,9,4,13.75,0.4,0.444,0.8423,Berisiko,Sangat Tinggi
JJI-03786,Enrolled,0,Agronomy,Pemegang diploma spesialisasi teknologi,Lajang,Laki-laki,Siang,20,≤20 th,Lunas,Tidak,Ya,Tidak,150.0,150.0,6,3,12.0,6,3,11.67,0.5,0.5,0.3873,Aman,Sedang
JJI-03787,Dropout,1,Animation & Multimedia Design,Fase 2 - kuota umum,Lajang,Laki-laki,Siang,20,≤20 th,Lunas,Tidak,Tidak,Ya,148.6,130.0,0,0,0.0,0,0,0.0,,,0.6216,Berisiko,Tinggi
JJI-03788,Dropout,1,Social Service,Fase 1 - kuota umum,Lajang,Laki-laki,Siang,18,≤20 th,Lunas,Tidak,Tidak,Ya,108.7,116.0,6,5,11.0,6,0,0.0,0.833,0.0,0.8785,Berisiko,Sangat Tinggi
JJI-03789,Enrolled,0,Agronomy,Pemegang diploma spesialisasi teknologi,Lajang,Laki-laki,Siang,19,≤20 th,Lunas,Tidak,Tidak,Tidak,130.0,130.0,6,5,11.5,6,6,11.33,0.833,1.0,0.1459,Aman,Rendah
JJI-03790,Dropout,1,Social Service,Fase 2 - kuota umum,Lajang,Laki-laki,Siang,20,≤20 th,Menunggak,Ya,Tidak,Ya,124.6,140.0,9,3,13.33,6,2,12.5,0.333,0.333,0.9671,Berisiko,Sangat Tinggi
JJI-03791,Graduate,0,Nursing,Fase 1 - kuota umum,Lajang,Laki-laki,Siang,18,≤20 th,Lunas,Tidak,Tidak,Ya,131.0,134.0,7,7,14.59,8,8,13.47,1.0,1.0,0.0823,Aman,Rendah
JJI-03792,Dropout,1,Equinculture,Pemegang diploma spesialisasi teknologi,Lajang,Laki-laki,Siang,20,≤20 th,Lunas,Ya,Tidak,Ya,130.0,130.0,6,4,11.0,6,3,10.67,0.667,0.5,0.7413,Berisiko,Tinggi
JJI-03793,Dropout,1,Informatics Engineering,Fase 3 - kuota umum,Lajang,Laki-laki,Siang,24,24-27 th,Menunggak,Ya,Tidak,Ya,116.1,122.0,5,0,0.0,5,0,0.0,0.0,0.0,0.9942,Berisiko,Sangat Tinggi
JJI-03794,Dropout,1,Journalism & Communication,Fase 2 - kuota umum,Lajang,Laki-laki,Siang,19,≤20 th,Lunas,Tidak,Tidak,Ya,125.6,128.0,6,0,0.0,6,0,0.0,0.0,0.0,0.98,Berisiko,Sangat Tinggi
JJI-03795,Dropout,1,Informatics Engineering,Fase 2 - kuota umum,Lajang,Laki-laki,Siang,18,≤20 th,Lunas,Tidak,Tidak,Ya,121.3,130.0,5,1,12.0,5,2,12.0,0.2,0.4,0.7045,Berisiko,Tinggi
JJI-03796,Graduate,0,Informatics Engineering,Fase 1 - kuota umum,Lajang,Laki-laki,Siang,18,≤20 th,Lunas,Tidak,Tidak,Ya,107.4,113.0,5,5,14.0,5,5,13.2,1.0,1.0,0.1862,Aman,Rendah
JJI-03797,Graduate,0,Tourism,Fase 1 - kuota umum,Lajang,Laki-laki,Siang,18,≤20 th,Lunas,Tidak,Tidak,Tidak,116.9,126.0,6,6,13.57,6,5,11.8,1.0,0.833,0.1952,Aman,Rendah
JJI-03798,Dropout,1,Advertising & Marketing Management,Pindah program studi,Lajang,Laki-laki,Siang,22,21-23 th,Lunas,Tidak,Tidak,Ya,123.5,135.0,6,0,0.0,6,0,0.0,0.0,0.0,0.9789,Berisiko,Sangat Tinggi
JJI-03799,Graduate,0,Advertising & Marketing Management,Fase 1 - kuota umum,Lajang,Laki-laki,Siang,19,≤20 th,Lunas,Tidak,Tidak,Tidak,130.5,141.0,6,6,14.25,6,6,13.86,1.0,1.0,0.1453,Aman,Rendah
JJI-03800,Dropout,1,Veterinary Nursing,Usia di atas 23 tahun,Menikah,Perempuan,Siang,32,28-35 th,Menunggak,Ya,Tidak,Ya,140.0,133.1,6,0,0.0,6,0,0.0,0.0,0.0,0.9955,Berisiko,Sangat Tinggi
JJI-03801,Dropout,1,Basic Education,Fase 2 - kuota umum,Lajang,Perempuan,Siang,21,21-23 th,Lunas,Tidak,Ya,Ya,117.1,133.1,6,0,0.0,6,0,0.0,0.0,0.0,0.9673,Berisiko,Sangat Tinggi
JJI-03802,Graduate,0,Nursing,Fase 3 - kuota umum,Lajang,Perempuan,Siang,19,≤20 th,Lunas,Tidak,Ya,Ya,127.5,144.0,8,7,13.54,8,7,13.54,0.875,0.875,0.0933,Aman,Rendah
JJI-03803,Graduate,0,Social Service (kelas malam),Pindah program studi,Bercerai,Perempuan,Malam,39,>35 th,Lunas,Tidak,Ya,Tidak,126.0,140.0,9,9,13.11,7,7,11.71,1.0,1.0,0.0918,Aman,Rendah
JJI-03804,Graduate,0,Social Service (kelas malam),Pindah program studi,Lajang,Perempuan,Malam,30,28-35 th,Lunas,Tidak,Tidak,Ya,113.0,100.0,9,9,12.67,7,7,12.14,1.0,1.0,0.159,Aman,Rendah
JJI-03805,Dropout,1,Management,Fase 1 - kuota umum,Lajang,Perempuan,Siang,18,≤20 th,Lunas,Tidak,Tidak,Ya,130.1,135.0,5,4,10.75,5,2,10.0,0.8,0.4,0.3985,Aman,Sedang
JJI-03806,Dropout,1,Management (kelas malam),Pindah program studi,Menikah,Perempuan,Malam,38,>35 th,Lunas,Tidak,Tidak,Ya,110.0,130.0,10,4,10.75,10,2,10.0,0.4,0.2,0.9716,Berisiko,Sangat Tinggi
JJI-03807,Graduate,0,Communication Design,Fase 1 - kuota umum,Lajang,Perempuan,Siang,20,≤20 th,Lunas,Tidak,Tidak,Ya,135.8,147.0,6,6,13.67,6,6,13.33,1.0,1.0,0.1061,Aman,Rendah
JJI-03808,Graduate,0,Social Service (kelas malam),Usia di atas 23 tahun,Lajang,Perempuan,Malam,55,>35 th,Lunas,Tidak,Tidak,Tidak,126.3,149.0,6,6,13.83,6,6,12.83,1.0,1.0,0.3186,Aman,Sedang
JJI-03809,Dropout,1,Communication Design,Ordinance 533-A/99 b3 (institusi lain),Bercerai,Perempuan,Siang,53,>35 th,Lunas,Tidak,Tidak,Tidak,130.0,130.0,18,17,13.18,18,16,13.0,0.944,0.889,0.1712,Aman,Rendah
JJI-03810,Dropout,1,Social Service (kelas malam),Usia di atas 23 tahun,Menikah,Perempuan,Malam,54,>35 th,Lunas,Tidak,Tidak,Tidak,104.0,120.0,6,4,12.75,6,5,12.6,0.667,0.833,0.4858,Berisiko,Tinggi
JJI-03811,Enrolled,0,Nursing,Pindah program studi,Lajang,Perempuan,Siang,18,≤20 th,Lunas,Tidak,Ya,Ya,123.6,125.0,7,5,12.86,7,5,12.86,0.714,0.714,0.1809,Aman,Rendah
JJI-03812,Dropout,1,Social Service (kelas malam),Usia di atas 23 tahun,Lajang,Perempuan,Malam,44,>35 th,Menunggak,Ya,Tidak,Tidak,121.0,133.1,8,4,12.0,7,4,12.0,0.5,0.571,0.9419,Berisiko,Sangat Tinggi
JJI-03813,Graduate,0,Social Service,Pindah program studi,Lajang,Perempuan,Siang,28,28-35 th,Lunas,Tidak,Tidak,Ya,130.5,149.0,11,9,11.67,11,9,12.56,0.818,0.818,0.2191,Aman,Rendah
JJI-03814,Graduate,0,Social Service (kelas malam),Pemegang gelar pendidikan tinggi lain,Lajang,Perempuan,Malam,37,>35 th,Lunas,Tidak,Tidak,Tidak,180.0,180.0,14,14,16.5,11,11,16.91,1.0,1.0,0.0862,Aman,Rendah
JJI-03815,Graduate,0,Social Service,Pindah program studi,Lajang,Perempuan,Siang,20,≤20 th,Lunas,Tidak,Tidak,Ya,112.5,110.0,10,9,12.33,7,7,11.78,0.9,1.0,0.1222,Aman,Rendah
JJI-03816,Enrolled,0,Nursing,Fase 1 - kuota umum,Lajang,Perempuan,Siang,18,≤20 th,Lunas,Tidak,Tidak,Ya,126.1,131.0,7,7,12.59,8,7,12.82,1.0,0.875,0.108,Aman,Rendah
JJI-03817,Dropout,1,Social Service,Fase 1 - kuota umum,Lajang,Laki-laki,Siang,19,≤20 th,Lunas,Tidak,Tidak,Ya,111.8,117.0,6,4,11.5,6,3,11.0,0.667,0.5,0.444,Berisiko,Tinggi
JJI-03818,Graduate,0,Agronomy,Fase 2 - kuota umum,Lajang,Laki-laki,Siang,23,21-23 th,Lunas,Tidak,Ya,Ya,131.4,120.0,18,18,11.89,13,13,12.92,1.0,1.0,0.0708,Aman,Rendah
JJI-03819,Dropout,1,Social Service,Fase 2 - kuota umum,Lajang,Laki-laki,Siang,22,21-23 th,Lunas,Tidak,Tidak,Tidak,144.3,160.0,6,0,0.0,6,0,0.0,0.0,0.0,0.9552,Berisiko,Sangat Tinggi
JJI-03820,Dropout,1,Tourism,Usia di atas 23 tahun,Lajang,Laki-laki,Siang,24,24-27 th,Menunggak,Tidak,Tidak,Tidak,115.0,100.0,6,0,0.0,6,0,0.0,0.0,0.0,0.9935,Berisiko,Sangat Tinggi
JJI-03821,Enrolled,0,Agronomy,Pemegang diploma spesialisasi teknologi,Lajang,Laki-laki,Siang,22,21-23 th,Lunas,Tidak,Tidak,Ya,120.0,140.0,6,5,13.0,6,2,11.5,0.833,0.333,0.6265,Berisiko,Tinggi
JJI-03822,Dropout,1,Agronomy,Usia di atas 23 tahun,Lajang,Laki-laki,Siang,26,24-27 th,Lunas,Tidak,Tidak,Tidak,168.6,160.0,6,0,0.0,6,0,0.0,0.0,0.0,0.9682,Berisiko,Sangat Tinggi
JJI-03823,Graduate,0,Journalism & Communication,Fase 2 - kuota umum,Lajang,Laki-laki,Siang,18,≤20 th,Lunas,Tidak,Tidak,Ya,127.7,141.0,6,6,15.17,6,6,14.83,1.0,1.0,0.216,Aman,Rendah
JJI-03824,Dropout,1,Equinculture,Pemegang diploma spesialisasi teknologi,Lajang,Laki-laki,Siang,24,24-27 th,Lunas,Tidak,Tidak,Tidak,150.0,130.0,6,4,11.75,6,2,13.5,0.667,0.333,0.6638,Berisiko,Tinggi
JJI-03825,Enrolled,0,Informatics Engineering,Fase 1 - kuota umum,Lajang,Laki-laki,Siang,18,≤20 th,Lunas,Tidak,Tidak,Ya,129.8,142.0,5,0,0.0,5,1,15.0,0.0,0.2,0.6936,Berisiko,Tinggi
JJI-03826,Dropout,1,Animation & Multimedia Design,Fase 1 - kuota umum,Lajang,Laki-laki,Siang,26,24-27 th,Lunas,Tidak,Tidak,Ya,135.6,130.0,0,0,0.0,0,0,0.0,,,0.5907,Berisiko,Tinggi
JJI-03827,Dropout,1,Tourism,Usia di atas 23 tahun,Lajang,Laki-laki,Siang,27,24-27 th,Lunas,Tidak,Tidak,Tidak,100.0,133.1,6,3,11.33,6,3,14.75,0.5,0.5,0.6224,Berisiko,Tinggi
JJI-03828,Graduate,0,Agronomy,Pemegang diploma spesialisasi teknologi,Lajang,Laki-laki,Siang,20,≤20 th,Lunas,Tidak,Ya,Ya,140.0,140.0,6,5,12.6,6,5,13.2,0.833,0.833,0.1656,Aman,Rendah
JJI-03829,Dropout,1,Informatics Engineering,Fase 1 - kuota umum,Lajang,Laki-laki,Siang,19,≤20 th,Lunas,Tidak,Tidak,Ya,124.1,129.0,5,0,0.0,5,1,14.0,0.0,0.2,0.7189,Berisiko,Tinggi
JJI-03830,Dropout,1,Veterinary Nursing,Fase 1 - kuota umum,Lajang,Laki-laki,Siang,18,≤20 th,Lunas,Tidak,Ya,Tidak,131.6,148.0,6,6,15.5,6,4,15.5,1.0,0.667,0.1029,Aman,Rendah
JJI-03831,Graduate,0,Nursing,Fase 1 - kuota umum,Lajang,Laki-laki,Siang,18,≤20 th,Lunas,Tidak,Tidak,Ya,129.0,143.0,8,7,12.37,8,7,12.37,0.875,0.875,0.1851,Aman,Rendah
JJI-03832,Enrolled,0,Advertising & Marketing Management,Fase 2 - kuota umum,Lajang,Laki-laki,Siang,19,≤20 th,Lunas,Tidak,Tidak,Ya,135.7,128.0,6,5,13.2,6,5,13.25,0.833,0.833,0.2977,Aman,Sedang
JJI-03833,Enrolled,0,Communication Design,Pindah program studi,Lajang,Laki-laki,Siang,34,28-35 th,Lunas,Tidak,Tidak,Ya,108.0,100.0,12,7,11.43,12,7,11.86,0.583,0.583,0.8201,Berisiko,Sangat Tinggi
JJI-03834,Dropout,1,Social Service,Fase 1 - kuota umum,Lajang,Laki-laki,Siang,19,≤20 th,Lunas,Tidak,Tidak,Ya,110.8,116.0,6,0,0.0,6,0,0.0,0.0,0.0,0.9406,Berisiko,Sangat Tinggi
JJI-03835,Graduate,0,Journalism & Communication,Fase 1 - kuota umum,Lajang,Laki-laki,Siang,19,≤20 th,Lunas,Tidak,Ya,Tidak,124.5,128.0,6,4,14.0,6,6,12.33,0.667,1.0,0.1545,Aman,Rendah
JJI-03836,Dropout,1,Agronomy,Usia di atas 23 tahun,Menikah,Laki-laki,Siang,30,28-35 th,Lunas,Tidak,Tidak,Tidak,100.0,120.0,12,3,12.0,12,5,11.8,0.25,0.417,0.9463,Berisiko,Sangat Tinggi
JJI-03837,Dropout,1,Journalism & Communication,Pindah program studi,Lajang,Laki-laki,Siang,22,21-23 th,Menunggak,Tidak,Tidak,Tidak,123.8,121.0,4,0,0.0,5,3,12.0,0.0,0.6,0.849,Berisiko,Sangat Tinggi
JJI-03838,Dropout,1,Management,Fase 2 - kuota umum,Lajang,Laki-laki,Siang,19,≤20 th,Menunggak,Tidak,Tidak,Tidak,131.4,137.0,5,4,10.0,5,3,11.33,0.8,0.6,0.7438,Berisiko,Tinggi
JJI-03839,Dropout,1,Management,Fase 1 - kuota umum,Lajang,Laki-laki,Siang,21,21-23 th,Lunas,Tidak,Tidak,Tidak,118.5,115.0,5,1,10.0,5,1,10.0,0.2,0.2,0.7023,Berisiko,Tinggi
JJI-03840,Dropout,1,Animation & Multimedia Design,Fase 1 - kuota umum,Lajang,Laki-laki,Siang,22,21-23 th,Menunggak,Tidak,Tidak,Ya,122.0,129.0,0,0,0.0,0,0,0.0,,,0.8612,Berisiko,Sangat Tinggi
JJI-03841,Enrolled,0,Tourism,Fase 1 - kuota umum,Lajang,Laki-laki,Siang,19,≤20 th,Lunas,Tidak,Ya,Tidak,122.9,125.0,6,6,11.17,6,3,11.67,1.0,0.5,0.2706,Aman,Sedang
JJI-03842,Enrolled,0,Social Service,Fase 1 - kuota umum,Lajang,Laki-laki,Siang,20,≤20 th,Lunas,Tidak,Tidak,Tidak,118.7,125.0,6,4,11.75,6,3,11.33,0.667,0.5,0.4089,Aman,Sedang
JJI-03843,Dropout,1,Agronomy,Usia di atas 23 tahun,Lajang,Laki-laki,Siang,35,28-35 th,Lunas,Tidak,Tidak,Ya,100.0,133.1,6,3,11.75,6,0,0.0,0.5,0.0,0.9686,Berisiko,Sangat Tinggi
JJI-03844,Dropout,1,Management,Fase 1 - kuota khusus (Madeira),Lajang,Laki-laki,Siang,20,≤20 th,Lunas,Tidak,Tidak,Ya,135.9,131.0,5,1,10.0,5,1,11.0,0.2,0.2,0.7783,Berisiko,Sangat Tinggi
JJI-03845,Graduate,0,Equinculture,Fase 1 - kuota umum,Lajang,Laki-laki,Siang,21,21-23 th,Lunas,Tidak,Tidak,Tidak,138.4,133.1,5,3,14.0,5,5,12.8,0.6,1.0,0.2503,Aman,Sedang
JJI-03846,Dropout,1,Veterinary Nursing,Usia di atas 23 tahun,Lajang,Laki-laki,Siang,27,24-27 th,Menunggak,Ya,Tidak,Tidak,128.2,133.1,5,0,0.0,5,0,0.0,0.0,0.0,0.9926,Berisiko,Sangat Tinggi
JJI-03847,Dropout,1,Journalism & Communication,Pindah program studi,Lajang,Laki-laki,Siang,26,24-27 th,Menunggak,Tidak,Tidak,Ya,107.4,114.0,6,3,12.0,6,0,0.0,0.5,0.0,0.9915,Berisiko,Sangat Tinggi
JJI-03848,Dropout,1,Journalism & Communication,Fase 2 - kuota umum,Lajang,Laki-laki,Siang,20,≤20 th,Menunggak,Tidak,Tidak,Tidak,129.8,127.0,6,0,0.0,5,0,0.0,0.0,0.0,0.9907,Berisiko,Sangat Tinggi
JJI-03849,Dropout,1,Agronomy,Usia di atas 23 tahun,Lajang,Laki-laki,Siang,28,28-35 th,Menunggak,Ya,Tidak,Tidak,100.0,130.0,10,8,11.89,8,5,11.6,0.8,0.625,0.9099,Berisiko,Sangat Tinggi
JJI-03850,Graduate,0,Journalism & Communication,Fase 1 - kuota umum,Lajang,Laki-laki,Siang,19,≤20 th,Lunas,Tidak,Tidak,Ya,113.0,121.0,6,6,13.83,6,6,13.67,1.0,1.0,0.1944,Aman,Rendah
JJI-03851,Dropout,1,Management (kelas malam),Pindah program studi,Lajang,Laki-laki,Malam,47,>35 th,Menunggak,Tidak,Tidak,Tidak,107.0,120.0,5,0,0.0,5,0,0.0,0.0,0.0,0.9963,Berisiko,Sangat Tinggi
JJI-03852,Dropout,1,Journalism & Communication,Usia di atas 23 tahun,Bercerai,Laki-laki,Siang,55,>35 th,Menunggak,Tidak,Tidak,Tidak,130.0,120.0,6,5,11.4,6,5,12.4,0.833,0.833,0.8546,Berisiko,Sangat Tinggi
JJI-03853,Dropout,1,Agronomy,Pindah program studi,Lajang,Laki-laki,Siang,39,>35 th,Lunas,Tidak,Tidak,Ya,120.0,120.0,6,0,0.0,6,2,11.0,0.0,0.333,0.9054,Berisiko,Sangat Tinggi
JJI-03854,Dropout,1,Agronomy,Fase 1 - kuota umum,Menikah,Laki-laki,Siang,35,28-35 th,Lunas,Ya,Tidak,Ya,120.5,120.0,17,14,10.64,12,12,10.67,0.824,1.0,0.2725,Aman,Sedang
JJI-03855,Dropout,1,Social Service,Usia di atas 23 tahun,Lajang,Laki-laki,Siang,32,28-35 th,Menunggak,Tidak,Tidak,Tidak,120.5,133.1,6,2,11.0,6,0,0.0,0.333,0.0,0.9893,Berisiko,Sangat Tinggi
JJI-03856,Graduate,0,Journalism & Communication,Fase 1 - kuota umum,Lajang,Laki-laki,Siang,20,≤20 th,Lunas,Tidak,Tidak,Ya,137.0,124.0,6,6,16.83,6,6,16.67,1.0,1.0,0.1678,Aman,Rendah
JJI-03857,Graduate,0,Tourism,Usia di atas 23 tahun,Lajang,Laki-laki,Siang,36,>35 th,Lunas,Tidak,Tidak,Tidak,115.0,150.0,6,6,13.57,6,5,13.2,1.0,0.833,0.3913,Aman,Sedang
JJI-03858,Graduate,0,Management (kelas malam),Usia di atas 23 tahun,Lajang,Laki-laki,Malam,34,28-35 th,Lunas,Ya,Ya,Tidak,142.7,133.1,5,5,14.71,5,5,14.38,1.0,1.0,0.2913,Aman,Sedang
JJI-03859,Dropout,1,Advertising & Marketing Management,Fase 1 - kuota umum,Lajang,Laki-laki,Siang,21,21-23 th,Lunas,Tidak,Tidak,Ya,116.7,116.0,5,0,0.0,5,0,0.0,0.0,0.0,0.9503,Berisiko,Sangat Tinggi
JJI-03860,Dropout,1,Management (kelas malam),Pindah program studi,Lajang,Laki-laki,Malam,42,>35 th,Lunas,Tidak,Ya,Tidak,136.1,133.1,5,1,10.0,5,1,11.0,0.2,0.2,0.8151,Berisiko,Sangat Tinggi
JJI-03861,Dropout,1,Agronomy,Usia di atas 23 tahun,Lajang,Laki-laki,Siang,25,24-27 th,Lunas,Tidak,Tidak,Tidak,134.3,133.1,6,1,11.0,6,4,11.75,0.167,0.667,0.5857,Berisiko,Tinggi
JJI-03862,Dropout,1,Journalism & Communication,Fase 3 - kuota umum,Lajang,Laki-laki,Siang,18,≤20 th,Lunas,Tidak,Ya,Ya,153.0,167.0,6,1,11.0,6,0,0.0,0.167,0.0,0.9528,Berisiko,Sangat Tinggi
JJI-03863,Graduate,0,Journalism & Communication,Fase 1 - kuota umum,Lajang,Laki-laki,Siang,18,≤20 th,Lunas,Tidak,Ya,Tidak,132.0,140.0,6,5,12.0,6,6,12.83,0.833,1.0,0.1208,Aman,Rendah
JJI-03864,Graduate,0,Social Service,Fase 1 - kuota umum,Lajang,Laki-laki,Siang,19,≤20 th,Lunas,Tidak,Tidak,Ya,129.6,124.0,6,6,11.12,6,6,11.86,1.0,1.0,0.1177,Aman,Rendah
JJI-03865,Dropout,1,Veterinary Nursing,Pindah program studi,Lajang,Laki-laki,Siang,34,28-35 th,Menunggak,Ya,Tidak,Tidak,105.0,110.0,6,3,11.33,6,2,11.5,0.5,0.333,0.9602,Berisiko,Sangat Tinggi
JJI-03866,Dropout,1,Journalism & Communication,Fase 2 - kuota umum,Lajang,Laki-laki,Siang,20,≤20 th,Lunas,Tidak,Tidak,Tidak,130.8,150.0,6,2,12.0,6,0,0.0,0.333,0.0,0.9699,Berisiko,Sangat Tinggi
JJI-03867,Dropout,1,Nursing,Fase 1 - kuota umum,Lajang,Laki-laki,Siang,20,≤20 th,Lunas,Tidak,Tidak,Tidak,119.7,123.0,7,0,0.0,7,0,0.0,0.0,0.0,0.9721,Berisiko,Sangat Tinggi
JJI-03868,Graduate,0,Nursing,Fase 2 - kuota umum,Lajang,Laki-laki,Siang,21,21-23 th,Lunas,Tidak,Tidak,Tidak,132.5,152.0,8,7,14.54,8,7,14.54,0.875,0.875,0.1641,Aman,Rendah
JJI-03869,Graduate,0,Agronomy,Pemegang diploma spesialisasi teknologi,Lajang,Laki-laki,Siang,19,≤20 th,Lunas,Tidak,Tidak,Ya,130.0,130.0,6,6,12.17,6,4,13.0,1.0,0.667,0.2877,Aman,Sedang
JJI-03870,Dropout,1,Veterinary Nursing,Usia di atas 23 tahun,Lajang,Laki-laki,Siang,31,28-35 th,Menunggak,Ya,Tidak,Tidak,120.0,133.1,5,4,13.5,5,3,11.67,0.8,0.6,0.8625,Berisiko,Sangat Tinggi
JJI-03871,Graduate,0,Advertising & Marketing Management,Fase 2 - kuota umum,Lajang,Laki-laki,Siang,21,21-23 th,Lunas,Tidak,Tidak,Tidak,150.0,133.1,6,6,14.75,6,5,14.33,1.0,0.833,0.2263,Aman,Rendah
JJI-03872,Graduate,0,Management,Fase 1 - kuota umum,Lajang,Laki-laki,Siang,20,≤20 th,Lunas,Tidak,Ya,Tidak,115.6,124.0,5,5,12.38,5,5,11.67,1.0,1.0,0.1,Aman,Rendah
JJI-03873,Graduate,0,Nursing,Pindah program studi,Lajang,Laki-laki,Siang,22,21-23 th,Lunas,Tidak,Tidak,Tidak,119.1,119.1,7,6,12.73,7,6,12.73,0.857,0.857,0.2046,Aman,Rendah
JJI-03874,Dropout,1,Communication Design,Fase 1 - kuota umum,Lajang,Laki-laki,Siang,19,≤20 th,Menunggak,Tidak,Tidak,Ya,123.5,128.0,6,4,12.5,6,0,0.0,0.667,0.0,0.9805,Berisiko,Sangat Tinggi
JJI-03875,Dropout,1,Equinculture,Usia di atas 23 tahun,Lajang,Laki-laki,Siang,41,>35 th,Menunggak,Ya,Tidak,Ya,120.0,133.1,5,0,0.0,5,0,0.0,0.0,0.0,0.9981,Berisiko,Sangat Tinggi
JJI-03876,Dropout,1,Nursing,Pindah program studi,Lajang,Laki-laki,Siang,27,24-27 th,Lunas,Tidak,Tidak,Ya,110.0,133.1,7,0,0.0,7,0,0.0,0.0,0.0,0.9821,Berisiko,Sangat Tinggi
JJI-03877,Dropout,1,Nursing,Fase 2 - kuota umum,Lajang,Perempuan,Siang,19,≤20 th,Lunas,Tidak,Tidak,Tidak,131.4,145.0,7,7,13.44,8,7,13.77,1.0,0.875,0.1026,Aman,Rendah
JJI-03878,Graduate,0,Nursing,Fase 3 - kuota umum,Lajang,Perempuan,Siang,20,≤20 th,Lunas,Tidak,Ya,Ya,126.8,141.0,8,8,14.2,8,8,14.2,1.0,1.0,0.0518,Aman,Rendah
JJI-03879,Graduate,0,Nursing,Pindah program studi,Lajang,Perempuan,Siang,19,≤20 th,Lunas,Tidak,Ya,Ya,118.9,118.9,7,6,13.55,7,6,13.55,0.857,0.857,0.1124,Aman,Rendah
JJI-03880,Graduate,0,Management (kelas malam),Usia di atas 23 tahun,Menikah,Perempuan,Malam,35,28-35 th,Lunas,Tidak,Tidak,Tidak,160.0,160.0,5,5,11.6,5,5,11.17,1.0,1.0,0.253,Aman,Sedang
JJI-03881,Graduate,0,Journalism & Communication,Fase 2 - kuota umum,Lajang,Perempuan,Siang,22,21-23 th,Lunas,Tidak,Tidak,Ya,115.9,111.0,6,6,13.57,6,6,15.29,1.0,1.0,0.1788,Aman,Rendah
JJI-03882,Graduate,0,Tourism,Fase 1 - kuota umum,Lajang,Perempuan,Siang,20,≤20 th,Lunas,Tidak,Ya,Ya,109.3,111.0,6,6,13.83,6,6,15.0,1.0,1.0,0.0692,Aman,Rendah
JJI-03883,Dropout,1,Advertising & Marketing Management,Fase 1 - kuota umum,Lajang,Perempuan,Siang,18,≤20 th,Menunggak,Ya,Tidak,Ya,113.9,123.0,6,4,11.25,6,4,10.86,0.667,0.667,0.7743,Berisiko,Sangat Tinggi
JJI-03884,Graduate,0,Social Service,Fase 1 - kuota umum,Lajang,Perempuan,Siang,18,≤20 th,Lunas,Tidak,Ya,Ya,121.8,133.0,6,5,10.2,6,4,11.25,0.833,0.667,0.1571,Aman,Rendah
JJI-03885,Graduate,0,Nursing,Pemegang gelar pendidikan tinggi lain,Lajang,Perempuan,Siang,30,28-35 th,Lunas,Tidak,Tidak,Tidak,140.0,140.0,8,7,15.68,8,7,15.68,0.875,0.875,0.168,Aman,Rendah
JJI-03886,Graduate,0,Social Service,Fase 3 - kuota umum,Lajang,Perempuan,Siang,18,≤20 th,Lunas,Ya,Ya,Tidak,114.7,122.0,6,6,10.83,6,6,12.0,1.0,1.0,0.0979,Aman,Rendah
JJI-03887,Enrolled,0,Tourism,Fase 1 - kuota umum,Lajang,Perempuan,Siang,20,≤20 th,Lunas,Tidak,Ya,Ya,120.0,128.0,6,6,14.5,6,5,15.0,1.0,0.833,0.1011,Aman,Rendah
JJI-03888,Enrolled,0,Social Service,Fase 1 - kuota umum,Lajang,Perempuan,Siang,19,≤20 th,Lunas,Tidak,Ya,Tidak,107.3,108.0,6,4,10.4,6,4,10.75,0.667,0.667,0.1775,Aman,Rendah
JJI-03889,Graduate,0,Veterinary Nursing,Fase 2 - kuota umum,Lajang,Perempuan,Siang,19,≤20 th,Lunas,Tidak,Tidak,Tidak,136.2,139.0,5,5,13.0,5,5,13.33,1.0,1.0,0.123,Aman,Rendah
JJI-03890,Graduate,0,Oral Hygiene,Fase 1 - kuota umum,Lajang,Perempuan,Siang,21,21-23 th,Lunas,Tidak,Ya,Ya,119.5,130.0,7,7,12.24,8,8,14.12,1.0,1.0,0.0618,Aman,Rendah
JJI-03891,Enrolled,0,Basic Education,Fase 3 - kuota umum,Lajang,Perempuan,Siang,21,21-23 th,Lunas,Ya,Tidak,Ya,106.0,133.1,7,7,13.0,7,6,12.5,1.0,0.857,0.3996,Aman,Sedang
JJI-03892,Enrolled,0,Advertising & Marketing Management,Fase 1 - kuota umum,Lajang,Perempuan,Siang,18,≤20 th,Lunas,Tidak,Tidak,Ya,124.1,130.0,6,6,14.17,6,6,13.43,1.0,1.0,0.1506,Aman,Rendah
JJI-03893,Graduate,0,Management,Fase 1 - kuota umum,Lajang,Perempuan,Siang,18,≤20 th,Lunas,Tidak,Ya,Ya,133.2,143.0,5,4,14.25,5,4,12.5,0.8,0.8,0.1433,Aman,Rendah
JJI-03894,Dropout,1,Veterinary Nursing,Usia di atas 23 tahun,Bercerai,Perempuan,Siang,35,28-35 th,Menunggak,Tidak,Tidak,Tidak,110.0,110.0,5,1,12.0,5,2,10.5,0.2,0.4,0.8927,Berisiko,Sangat Tinggi
JJI-03895,Enrolled,0,Nursing,Fase 1 - kuota umum,Lajang,Perempuan,Siang,21,21-23 th,Lunas,Tidak,Tidak,Ya,114.8,120.0,7,4,13.25,7,5,13.82,0.571,0.714,0.3446,Aman,Sedang
JJI-03896,Graduate,0,Nursing,Fase 1 - kuota umum,Lajang,Laki-laki,Siang,18,≤20 th,Lunas,Tidak,Ya,Ya,130.0,140.0,7,6,13.18,7,6,13.18,0.857,0.857,0.1113,Aman,Rendah
JJI-03897,Enrolled,0,Communication Design,Fase 2 - kuota umum,Lajang,Laki-laki,Siang,22,21-23 th,Lunas,Tidak,Tidak,Ya,122.6,125.0,6,1,11.0,6,0,0.0,0.167,0.0,0.9811,Berisiko,Sangat Tinggi
JJI-03898,Graduate,0,Nursing,Fase 2 - kuota umum,Lajang,Laki-laki,Siang,20,≤20 th,Lunas,Tidak,Ya,Ya,133.5,134.0,7,7,11.97,8,8,12.65,1.0,1.0,0.0831,Aman,Rendah
JJI-03899,Graduate,0,Tourism,Usia di atas 23 tahun,Menikah,Perempuan,Siang,34,28-35 th,Lunas,Tidak,Tidak,Ya,120.0,130.0,6,5,12.4,6,5,12.8,0.833,0.833,0.3611,Aman,Sedang
JJI-03900,Enrolled,0,Management,Pemegang gelar pendidikan tinggi lain,Menikah,Perempuan,Siang,33,28-35 th,Lunas,Tidak,Tidak,Tidak,120.0,120.0,8,5,12.6,7,5,11.25,0.625,0.714,0.5327,Berisiko,Tinggi
JJI-03901,Graduate,0,Nursing,Fase 1 - kuota umum,Lajang,Perempuan,Siang,22,21-23 th,Lunas,Tidak,Ya,Ya,137.3,142.0,7,6,13.9,7,6,13.9,0.857,0.857,0.0884,Aman,Rendah
JJI-03902,Enrolled,0,Tourism,Fase 2 - kuota umum,Lajang,Perempuan,Siang,20,≤20 th,Lunas,Tidak,Ya,Ya,123.5,127.0,6,4,11.5,6,3,11.0,0.667,0.5,0.4731,Berisiko,Tinggi
JJI-03903,Enrolled,0,Management,Usia di atas 23 tahun,Menikah,Perempuan,Siang,35,28-35 th,Lunas,Tidak,Tidak,Tidak,131.8,140.0,5,4,14.2,5,4,11.86,0.8,0.8,0.3238,Aman,Sedang
JJI-03904,Dropout,1,Management,Usia di atas 23 tahun,Menikah,Perempuan,Siang,39,>35 th,Menunggak,Tidak,Tidak,Ya,130.0,140.0,5,3,10.67,5,3,10.67,0.6,0.6,0.8526,Berisiko,Sangat Tinggi
JJI-03905,Dropout,1,Nursing,Fase 3 - kuota umum,Lajang,Perempuan,Siang,19,≤20 th,Menunggak,Tidak,Tidak,Ya,128.0,142.0,7,0,0.0,8,0,0.0,0.0,0.0,0.9967,Berisiko,Sangat Tinggi
JJI-03906,Graduate,0,Tourism,Usia di atas 23 tahun,Bercerai,Perempuan,Siang,36,>35 th,Lunas,Tidak,Ya,Tidak,95.0,120.0,6,6,11.0,6,3,11.33,1.0,0.5,0.4098,Aman,Sedang
JJI-03907,Graduate,0,Nursing,Fase 1 - kuota umum,Lajang,Perempuan,Siang,21,21-23 th,Lunas,Tidak,Ya,Ya,116.0,124.0,8,7,13.96,8,7,13.96,0.875,0.875,0.0842,Aman,Rendah
JJI-03908,Enrolled,0,Social Service,Fase 1 - kuota umum,Lajang,Perempuan,Siang,22,21-23 th,Lunas,Tidak,Tidak,Ya,136.7,157.0,6,4,12.5,6,3,13.67,0.667,0.5,0.3396,Aman,Sedang
JJI-03909,Graduate,0,Social Service,Usia di atas 23 tahun,Menikah,Perempuan,Siang,42,>35 th,Lunas,Ya,Ya,Tidak,107.5,126.6,6,6,13.33,6,6,15.29,1.0,1.0,0.1566,Aman,Rendah
JJI-03910,Dropout,1,Informatics Engineering,Usia di atas 23 tahun,Lajang,Perempuan,Siang,34,28-35 th,Lunas,Tidak,Tidak,Ya,108.4,110.0,5,0,0.0,5,0,0.0,0.0,0.0,0.9653,Berisiko,Sangat Tinggi
JJI-03911,Enrolled,0,Journalism & Communication,Fase 2 - kuota umum,Lajang,Perempuan,Siang,20,≤20 th,Lunas,Tidak,Tidak,Ya,130.7,144.0,6,6,11.67,6,5,11.6,1.0,0.833,0.2854,Aman,Sedang
JJI-03912,Graduate,0,Social Service (kelas malam),Pemegang diploma spesialisasi teknologi,Menikah,Perempuan,Malam,33,28-35 th,Lunas,Tidak,Tidak,Tidak,155.9,160.0,6,6,15.71,6,6,15.5,1.0,1.0,0.092,Aman,Rendah
JJI-03913,Graduate,0,Tourism,Fase 1 - kuota umum,Lajang,Perempuan,Siang,20,≤20 th,Lunas,Tidak,Tidak,Ya,106.1,105.0,6,5,11.0,6,5,11.4,0.833,0.833,0.2743,Aman,Sedang
JJI-03914,Graduate,0,Advertising & Marketing Management,Fase 1 - kuota umum,Lajang,Perempuan,Siang,19,≤20 th,Lunas,Ya,Tidak,Ya,128.6,130.0,5,4,12.25,5,4,12.75,0.8,0.8,0.3563,Aman,Sedang
JJI-03915,Dropout,1,Management (kelas malam),Pindah program studi,Menikah,Perempuan,Malam,34,28-35 th,Lunas,Ya,Tidak,Tidak,140.0,140.0,10,5,12.2,9,8,12.22,0.5,0.889,0.5877,Berisiko,Tinggi
JJI-03916,Graduate,0,Management,Fase 1 - kuota umum,Lajang,Perempuan,Siang,18,≤20 th,Lunas,Tidak,Tidak,Ya,145.0,138.0,5,5,13.0,5,5,14.0,1.0,1.0,0.091,Aman,Rendah
JJI-03917,Graduate,0,Social Service (kelas malam),Fase 2 - kuota umum,Lajang,Perempuan,Malam,24,24-27 th,Lunas,Tidak,Ya,Tidak,113.0,120.0,6,4,12.0,6,6,13.0,0.667,1.0,0.1055,Aman,Rendah
JJI-03918,Graduate,0,Basic Education,Fase 1 - kuota umum,Lajang,Perempuan,Siang,18,≤20 th,Lunas,Tidak,Tidak,Ya,137.1,135.0,6,6,13.33,6,6,12.33,1.0,1.0,0.1628,Aman,Rendah
JJI-03919,Enrolled,0,Advertising & Marketing Management,Fase 1 - kuota umum,Lajang,Perempuan,Siang,20,≤20 th,Lunas,Tidak,Tidak,Ya,119.7,119.0,5,3,13.0,5,3,13.0,0.6,0.6,0.3646,Aman,Sedang
JJI-03920,Graduate,0,Nursing,Fase 2 - kuota umum,Lajang,Perempuan,Siang,21,21-23 th,Lunas,Tidak,Tidak,Ya,120.5,121.0,8,7,12.91,8,7,12.91,0.875,0.875,0.1641,Aman,Rendah
JJI-03921,Graduate,0,Social Service,Fase 1 - kuota umum,Lajang,Perempuan,Siang,19,≤20 th,Lunas,Tidak,Ya,Ya,125.7,126.0,6,6,11.0,6,3,11.0,1.0,0.5,0.234,Aman,Rendah
JJI-03922,Graduate,0,Nursing,Fase 2 - kuota umum,Lajang,Perempuan,Siang,19,≤20 th,Lunas,Tidak,Ya,Tidak,125.5,132.0,7,6,13.58,8,8,12.94,0.857,1.0,0.074,Aman,Rendah
JJI-03923,Graduate,0,Social Service,Fase 1 - kuota umum,Lajang,Perempuan,Siang,18,≤20 th,Lunas,Tidak,Ya,Ya,124.5,128.0,6,4,12.4,6,6,12.5,0.667,1.0,0.0732,Aman,Rendah
JJI-03924,Graduate,0,Social Service (kelas malam),Usia di atas 23 tahun,Bercerai,Perempuan,Malam,38,>35 th,Lunas,Tidak,Ya,Tidak,126.0,160.0,9,8,12.89,7,7,13.0,0.889,1.0,0.1106,Aman,Rendah
JJI-03925,Enrolled,0,Animation & Multimedia Design,Fase 1 - kuota umum,Lajang,Laki-laki,Siang,21,21-23 th,Lunas,Ya,Tidak,Ya,136.2,125.0,12,11,11.55,11,9,11.7,0.917,0.818,0.3761,Aman,Sedang
JJI-03926,Enrolled,0,Management,Pindah program studi,Lajang,Laki-laki,Siang,23,21-23 th,Lunas,Tidak,Tidak,Ya,124.2,127.0,5,1,10.0,5,0,0.0,0.2,0.0,0.9453,Berisiko,Sangat Tinggi
JJI-03927,Graduate,0,Nursing,Fase 2 - kuota umum,Lajang,Perempuan,Siang,19,≤20 th,Lunas,Tidak,Tidak,Ya,138.5,147.0,8,8,14.34,8,8,14.34,1.0,1.0,0.0939,Aman,Rendah
JJI-03928,Dropout,1,Journalism & Communication,Fase 1 - kuota umum,Lajang,Perempuan,Siang,18,≤20 th,Menunggak,Ya,Tidak,Ya,122.3,130.0,6,6,14.14,6,5,12.0,1.0,0.833,0.641,Berisiko,Tinggi
JJI-03929,Graduate,0,Animation & Multimedia Design,Fase 1 - kuota umum,Lajang,Perempuan,Siang,18,≤20 th,Lunas,Tidak,Ya,Ya,126.0,134.0,0,0,0.0,0,0,0.0,,,0.4129,Aman,Sedang
JJI-03930,Enrolled,0,Agronomy,Usia di atas 23 tahun,Lajang,Perempuan,Siang,24,24-27 th,Lunas,Tidak,Tidak,Ya,135.4,140.0,6,5,11.8,6,4,11.25,0.833,0.667,0.3705,Aman,Sedang
JJI-03931,Graduate,0,Journalism & Communication,Fase 1 - kuota umum,Lajang,Perempuan,Siang,18,≤20 th,Lunas,Tidak,Ya,Tidak,146.5,151.0,6,6,13.33,6,6,14.17,1.0,1.0,0.0555,Aman,Rendah
JJI-03932,Graduate,0,Equinculture,Fase 1 - kuota umum,Lajang,Perempuan,Siang,18,≤20 th,Lunas,Tidak,Tidak,Ya,121.9,132.0,6,6,14.5,6,6,12.86,1.0,1.0,0.1534,Aman,Rendah
JJI-03933,Graduate,0,Management (kelas malam),Pemegang gelar pendidikan tinggi lain,Lajang,Perempuan,Malam,26,24-27 th,Lunas,Tidak,Tidak,Tidak,130.0,130.0,10,8,12.67,10,10,13.4,0.8,1.0,0.1993,Aman,Rendah
JJI-03934,Enrolled,0,Management,Fase 1 - kuota umum,Lajang,Perempuan,Siang,19,≤20 th,Lunas,Ya,Tidak,Tidak,115.2,126.0,5,1,10.0,5,2,10.0,0.2,0.4,0.6844,Berisiko,Tinggi
JJI-03935,Dropout,1,Advertising & Marketing Management,Fase 3 - kuota umum,Lajang,Perempuan,Siang,19,≤20 th,Lunas,Tidak,Ya,Ya,115.2,119.0,6,0,0.0,6,0,0.0,0.0,0.0,0.9653,Berisiko,Sangat Tinggi
JJI-03936,Enrolled,0,Tourism,Fase 1 - kuota umum,Lajang,Perempuan,Siang,19,≤20 th,Lunas,Tidak,Tidak,Tidak,125.1,123.0,6,4,11.0,6,4,12.5,0.667,0.667,0.2887,Aman,Sedang
JJI-03937,Dropout,1,Equinculture,Fase 1 - kuota umum,Lajang,Perempuan,Siang,20,≤20 th,Lunas,Ya,Tidak,Ya,108.0,106.0,5,2,12.0,5,4,11.0,0.4,0.8,0.5707,Berisiko,Tinggi
JJI-03938,Enrolled,0,Tourism,Fase 1 - kuota umum,Lajang,Perempuan,Siang,22,21-23 th,Lunas,Tidak,Tidak,Ya,125.9,121.0,6,4,10.0,6,2,13.5,0.667,0.333,0.6013,Berisiko,Tinggi
JJI-03939,Graduate,0,Nursing,Fase 1 - kuota umum,Lajang,Perempuan,Siang,19,≤20 th,Lunas,Tidak,Tidak,Ya,128.0,138.0,7,7,14.21,8,8,15.13,1.0,1.0,0.0573,Aman,Rendah
JJI-03940,Graduate,0,Nursing,Fase 1 - kuota umum,Lajang,Perempuan,Siang,20,≤20 th,Lunas,Tidak,Tidak,Ya,113.5,118.0,7,7,14.31,8,8,15.01,1.0,1.0,0.0691,Aman,Rendah
JJI-03941,Enrolled,0,Management,Usia di atas 23 tahun,Menikah,Perempuan,Siang,36,>35 th,Lunas,Tidak,Tidak,Tidak,124.6,120.0,5,3,11.0,5,4,13.38,0.6,0.8,0.3794,Aman,Sedang
JJI-03942,Dropout,1,Basic Education,Usia di atas 23 tahun,Lajang,Perempuan,Siang,29,28-35 th,Lunas,Tidak,Tidak,Ya,116.0,133.1,7,0,0.0,6,0,0.0,0.0,0.0,0.9886,Berisiko,Sangat Tinggi
JJI-03943,Graduate,0,Social Service,Fase 2 - kuota umum,Lajang,Perempuan,Siang,19,≤20 th,Lunas,Tidak,Tidak,Ya,124.9,141.0,6,6,12.0,6,4,11.0,1.0,0.667,0.2741,Aman,Sedang
JJI-03944,Dropout,1,Management,Usia di atas 23 tahun,Kumpul kebo,Perempuan,Siang,24,24-27 th,Menunggak,Ya,Tidak,Tidak,140.5,180.0,5,0,0.0,5,0,0.0,0.0,0.0,0.9874,Berisiko,Sangat Tinggi
JJI-03945,Dropout,1,Agronomy,Usia di atas 23 tahun,Kumpul kebo,Perempuan,Siang,27,24-27 th,Menunggak,Ya,Tidak,Tidak,179.6,180.0,6,0,0.0,6,0,0.0,0.0,0.0,0.9924,Berisiko,Sangat Tinggi
JJI-03946,Graduate,0,Journalism & Communication,Fase 2 - kuota umum,Lajang,Perempuan,Siang,18,≤20 th,Lunas,Tidak,Ya,Ya,116.1,115.0,6,6,13.86,6,6,14.29,1.0,1.0,0.0981,Aman,Rendah
JJI-03947,Graduate,0,Animation & Multimedia Design,Fase 2 - kuota umum,Lajang,Perempuan,Siang,18,≤20 th,Lunas,Tidak,Ya,Ya,139.4,142.0,0,0,0.0,0,0,0.0,,,0.483,Berisiko,Tinggi
JJI-03948,Dropout,1,Oral Hygiene,Fase 2 - kuota umum,Lajang,Perempuan,Siang,21,21-23 th,Lunas,Tidak,Tidak,Ya,129.0,135.0,7,0,0.0,7,0,0.0,0.0,0.0,0.9811,Berisiko,Sangat Tinggi
JJI-03949,Graduate,0,Advertising & Marketing Management,Usia di atas 23 tahun,Menikah,Perempuan,Siang,43,>35 th,Lunas,Tidak,Ya,Tidak,135.6,150.0,6,5,11.0,6,5,13.0,0.833,0.833,0.3144,Aman,Sedang
JJI-03950,Graduate,0,Management,Pindah program studi,Lajang,Perempuan,Siang,18,≤20 th,Lunas,Tidak,Ya,Tidak,147.8,153.0,5,5,13.2,5,5,14.4,1.0,1.0,0.0742,Aman,Rendah
JJI-03951,Dropout,1,Veterinary Nursing,Fase 3 - kuota umum,Lajang,Perempuan,Siang,21,21-23 th,Lunas,Tidak,Ya,Ya,138.0,153.0,6,6,13.5,6,3,15.33,1.0,0.5,0.2357,Aman,Rendah
JJI-03952,Dropout,1,Management,Pemegang gelar pendidikan tinggi lain,Lajang,Perempuan,Siang,26,24-27 th,Lunas,Tidak,Tidak,Tidak,150.0,150.0,5,0,0.0,5,0,0.0,0.0,0.0,0.9492,Berisiko,Sangat Tinggi
JJI-03953,Graduate,0,Nursing,Fase 1 - kuota umum,Lajang,Perempuan,Siang,19,≤20 th,Lunas,Tidak,Ya,Ya,130.8,144.0,8,7,14.21,8,7,14.21,0.875,0.875,0.1037,Aman,Rendah
JJI-03954,Graduate,0,Veterinary Nursing,Fase 1 - kuota umum,Lajang,Perempuan,Siang,18,≤20 th,Lunas,Tidak,Tidak,Tidak,122.6,130.0,5,5,13.0,5,5,12.4,1.0,1.0,0.0845,Aman,Rendah
JJI-03955,Dropout,1,Journalism & Communication,Fase 1 - kuota umum,Lajang,Perempuan,Siang,22,21-23 th,Lunas,Tidak,Tidak,Ya,119.1,125.0,6,2,12.0,6,1,10.0,0.333,0.167,0.8238,Berisiko,Sangat Tinggi
JJI-03956,Dropout,1,Nursing,Usia di atas 23 tahun,Lajang,Perempuan,Siang,27,24-27 th,Lunas,Tidak,Tidak,Ya,111.8,133.1,7,0,0.0,8,0,0.0,0.0,0.0,0.9821,Berisiko,Sangat Tinggi
JJI-03957,Graduate,0,Management,Fase 1 - kuota umum,Lajang,Perempuan,Siang,18,≤20 th,Lunas,Tidak,Tidak,Ya,125.0,133.0,5,5,12.8,5,5,12.6,1.0,1.0,0.132,Aman,Rendah
JJI-03958,Graduate,0,Veterinary Nursing,Fase 2 - kuota umum,Lajang,Perempuan,Siang,19,≤20 th,Lunas,Tidak,Tidak,Tidak,129.9,140.0,5,4,13.6,5,4,12.2,0.8,0.8,0.2209,Aman,Rendah
JJI-03959,Graduate,0,Nursing,Fase 2 - kuota umum,Lajang,Perempuan,Siang,18,≤20 th,Lunas,Tidak,Tidak,Ya,131.1,133.0,7,7,13.97,8,8,15.75,1.0,1.0,0.0784,Aman,Rendah
JJI-03960,Graduate,0,Veterinary Nursing,Fase 1 - kuota umum,Lajang,Perempuan,Siang,19,≤20 th,Lunas,Tidak,Ya,Tidak,141.4,154.0,6,6,15.0,6,6,14.86,1.0,1.0,0.0442,Aman,Rendah
JJI-03961,Dropout,1,Veterinary Nursing,Usia di atas 23 tahun,Lajang,Perempuan,Siang,32,28-35 th,Menunggak,Tidak,Tidak,Tidak,120.0,133.1,6,0,0.0,6,0,0.0,0.0,0.0,0.9901,Berisiko,Sangat Tinggi
JJI-03962,Graduate,0,Nursing,Transfer,Lajang,Perempuan,Siang,23,21-23 th,Lunas,Tidak,Tidak,Ya,133.4,168.0,26,26,15.08,17,17,15.02,1.0,1.0,0.0348,Aman,Rendah
JJI-03963,Graduate,0,Nursing,Fase 2 - kuota umum,Lajang,Perempuan,Siang,20,≤20 th,Lunas,Tidak,Tidak,Ya,127.3,132.0,7,6,13.38,7,6,13.38,0.857,0.857,0.186,Aman,Rendah
JJI-03964,Graduate,0,Animation & Multimedia Design,Fase 1 - kuota umum,Lajang,Perempuan,Siang,20,≤20 th,Lunas,Ya,Tidak,Ya,131.8,133.1,12,12,13.25,11,10,13.09,1.0,0.909,0.1655,Aman,Rendah
JJI-03965,Dropout,1,Social Service,Fase 2 - kuota umum,Lajang,Perempuan,Siang,19,≤20 th,Menunggak,Ya,Tidak,Ya,114.8,120.0,6,5,11.71,6,2,10.67,0.833,0.333,0.8675,Berisiko,Sangat Tinggi
JJI-03966,Graduate,0,Nursing,Fase 1 - kuota umum,Lajang,Perempuan,Siang,18,≤20 th,Lunas,Tidak,Ya,Ya,132.8,150.0,8,8,13.01,8,8,13.01,1.0,1.0,0.0474,Aman,Rendah
JJI-03967,Dropout,1,Agronomy,Pemegang diploma spesialisasi teknologi,Lajang,Perempuan,Siang,21,21-23 th,Lunas,Tidak,Tidak,Tidak,140.0,140.0,6,3,10.67,6,4,12.0,0.5,0.667,0.3044,Aman,Sedang
JJI-03968,Enrolled,0,Nursing,Fase 1 - kuota umum,Lajang,Perempuan,Siang,20,≤20 th,Lunas,Tidak,Ya,Tidak,108.3,103.0,7,0,0.0,7,0,0.0,0.0,0.0,0.9423,Berisiko,Sangat Tinggi
JJI-03969,Graduate,0,Veterinary Nursing,Pemegang diploma spesialisasi teknologi,Lajang,Perempuan,Siang,22,21-23 th,Lunas,Tidak,Tidak,Ya,150.0,150.0,6,6,13.0,6,3,12.67,1.0,0.5,0.3026,Aman,Sedang
JJI-03970,Graduate,0,Management (kelas malam),Pemegang diploma spesialisasi teknologi,Lajang,Perempuan,Malam,26,24-27 th,Lunas,Tidak,Tidak,Tidak,160.0,160.0,5,5,12.0,5,5,11.4,1.0,1.0,0.1876,Aman,Rendah
JJI-03971,Graduate,0,Communication Design,Fase 1 - kuota umum,Lajang,Perempuan,Siang,20,≤20 th,Lunas,Tidak,Tidak,Ya,131.7,131.0,6,6,12.17,6,5,13.8,1.0,0.833,0.1414,Aman,Rendah
JJI-03972,Graduate,0,Nursing,Fase 1 - kuota umum,Lajang,Perempuan,Siang,19,≤20 th,Lunas,Tidak,Tidak,Ya,112.6,114.0,7,6,11.85,8,7,13.65,0.857,0.875,0.1239,Aman,Rendah
JJI-03973,Graduate,0,Management (kelas malam),Usia di atas 23 tahun,Lajang,Perempuan,Malam,31,28-35 th,Lunas,Tidak,Tidak,Tidak,111.1,120.0,5,4,11.0,5,5,11.2,0.8,1.0,0.3048,Aman,Sedang
JJI-03974,Graduate,0,Nursing,Pindah program studi,Lajang,Perempuan,Siang,20,≤20 th,Lunas,Ya,Ya,Ya,127.5,140.0,7,7,12.33,8,8,11.74,1.0,1.0,0.1205,Aman,Rendah
JJI-03975,Graduate,0,Veterinary Nursing,Pindah program studi,Lajang,Perempuan,Siang,20,≤20 th,Lunas,Tidak,Tidak,Ya,120.2,130.0,5,4,12.0,5,5,13.43,0.8,1.0,0.1489,Aman,Rendah
JJI-03976,Graduate,0,Nursing,Fase 2 - kuota umum,Lajang,Perempuan,Siang,21,21-23 th,Lunas,Tidak,Tidak,Ya,118.9,121.0,7,7,14.43,8,8,14.51,1.0,1.0,0.0898,Aman,Rendah
JJI-03977,Graduate,0,Nursing,Fase 1 - kuota umum,Lajang,Perempuan,Siang,18,≤20 th,Lunas,Tidak,Tidak,Ya,119.9,130.0,7,7,13.78,8,8,12.61,1.0,1.0,0.0766,Aman,Rendah
JJI-03978,Graduate,0,Nursing,Fase 2 - kuota umum,Lajang,Perempuan,Siang,19,≤20 th,Lunas,Tidak,Ya,Ya,127.3,141.0,7,6,13.8,7,6,13.8,0.857,0.857,0.1178,Aman,Rendah
JJI-03979,Graduate,0,Basic Education,Fase 1 - kuota umum,Lajang,Perempuan,Siang,18,≤20 th,Lunas,Tidak,Ya,Ya,127.9,131.0,7,7,14.86,7,7,15.14,1.0,1.0,0.0863,Aman,Rendah
JJI-03980,Enrolled,0,Journalism & Communication,Usia di atas 23 tahun,Bercerai,Perempuan,Siang,40,>35 th,Lunas,Tidak,Tidak,Tidak,133.0,133.1,6,5,13.0,6,5,12.6,0.833,0.833,0.381,Aman,Sedang
JJI-03981,Graduate,0,Social Service,Fase 2 - kuota umum,Lajang,Perempuan,Siang,18,≤20 th,Lunas,Tidak,Ya,Tidak,114.6,117.0,6,6,12.14,6,6,13.33,1.0,1.0,0.0649,Aman,Rendah
JJI-03982,Graduate,0,Veterinary Nursing,Fase 1 - kuota umum,Lajang,Perempuan,Siang,18,≤20 th,Lunas,Tidak,Tidak,Ya,144.5,151.0,6,6,15.67,6,6,14.83,1.0,1.0,0.0893,Aman,Rendah
JJI-03983,Graduate,0,Nursing,Fase 2 - kuota umum,Lajang,Perempuan,Siang,19,≤20 th,Lunas,Tidak,Tidak,Ya,125.4,131.0,7,5,12.5,8,7,12.17,0.714,0.875,0.1901,Aman,Rendah
JJI-03984,Graduate,0,Social Service,Fase 2 - kuota umum,Lajang,Perempuan,Siang,19,≤20 th,Lunas,Tidak,Ya,Tidak,145.0,145.0,6,6,12.83,6,6,13.17,1.0,1.0,0.0569,Aman,Rendah
JJI-03985,Dropout,1,Agronomy,Usia di atas 23 tahun,Lajang,Perempuan,Siang,28,28-35 th,Menunggak,Ya,Tidak,Tidak,138.1,135.0,6,0,0.0,6,0,0.0,0.0,0.0,0.9953,Berisiko,Sangat Tinggi
JJI-03986,Graduate,0,Communication Design,Fase 2 - kuota umum,Lajang,Perempuan,Siang,20,≤20 th,Lunas,Tidak,Tidak,Ya,124.6,119.0,6,6,12.5,6,6,12.67,1.0,1.0,0.1327,Aman,Rendah
JJI-03987,Graduate,0,Journalism & Communication,Fase 1 - kuota umum,Lajang,Perempuan,Siang,18,≤20 th,Lunas,Tidak,Tidak,Ya,130.8,122.0,6,4,11.25,6,5,13.0,0.667,0.833,0.2551,Aman,Sedang
JJI-03988,Graduate,0,Nursing,Fase 1 - kuota umum,Lajang,Perempuan,Siang,18,≤20 th,Lunas,Tidak,Tidak,Ya,140.5,155.0,7,6,15.25,7,6,15.25,0.857,0.857,0.1066,Aman,Rendah
JJI-03989,Graduate,0,Veterinary Nursing,Fase 1 - kuota umum,Lajang,Perempuan,Siang,20,≤20 th,Lunas,Tidak,Ya,Ya,124.1,123.0,5,5,14.0,5,3,12.0,1.0,0.6,0.1872,Aman,Rendah
JJI-03990,Graduate,0,Social Service,Pindah program studi,Lajang,Perempuan,Siang,28,28-35 th,Lunas,Ya,Tidak,Tidak,118.4,130.0,16,13,12.08,13,11,12.09,0.812,0.846,0.324,Aman,Sedang
JJI-03991,Graduate,0,Basic Education,Mahasiswa internasional (S1),Lajang,Perempuan,Siang,23,21-23 th,Lunas,Tidak,Tidak,Tidak,128.2,133.1,16,16,14.62,10,9,14.89,1.0,0.9,0.1521,Aman,Rendah
JJI-03992,Dropout,1,Basic Education,Fase 1 - kuota umum,Lajang,Perempuan,Siang,19,≤20 th,Lunas,Tidak,Tidak,Ya,109.5,114.0,7,4,10.5,7,2,10.5,0.571,0.286,0.7738,Berisiko,Sangat Tinggi
JJI-03993,Graduate,0,Social Service,Fase 2 - kuota umum,Lajang,Perempuan,Siang,18,≤20 th,Lunas,Tidak,Ya,Ya,131.1,137.0,6,6,12.83,6,6,12.17,1.0,1.0,0.0733,Aman,Rendah
JJI-03994,Graduate,0,Journalism & Communication,Fase 1 - kuota umum,Lajang,Perempuan,Siang,20,≤20 th,Menunggak,Ya,Ya,Tidak,137.9,161.0,6,6,12.5,6,5,11.8,1.0,0.833,0.4919,Berisiko,Tinggi
JJI-03995,Graduate,0,Animation & Multimedia Design,Fase 1 - kuota umum,Lajang,Perempuan,Siang,20,≤20 th,Lunas,Tidak,Tidak,Ya,128.2,133.1,12,12,11.23,11,9,12.78,1.0,0.818,0.1526,Aman,Rendah
JJI-03996,Dropout,1,Management (kelas malam),Usia di atas 23 tahun,Menikah,Perempuan,Malam,27,24-27 th,Lunas,Tidak,Tidak,Tidak,126.5,133.1,5,2,10.5,5,0,0.0,0.4,0.0,0.9372,Berisiko,Sangat Tinggi
JJI-03997,Dropout,1,Basic Education,Fase 1 - kuota umum,Lajang,Perempuan,Siang,18,≤20 th,Lunas,Tidak,Tidak,Ya,120.0,128.0,6,3,12.0,6,2,12.0,0.5,0.333,0.693,Berisiko,Tinggi
JJI-03998,Graduate,0,Oral Hygiene,Usia di atas 23 tahun,Bercerai,Perempuan,Siang,37,>35 th,Lunas,Tidak,Ya,Tidak,123.0,133.1,7,7,10.99,8,8,12.3,1.0,1.0,0.14,Aman,Rendah
JJI-03999,Dropout,1,Nursing,Pemegang gelar pendidikan tinggi lain,Bercerai,Perempuan,Siang,42,>35 th,Menunggak,Tidak,Tidak,Tidak,130.0,130.0,7,5,12.62,7,3,14.17,0.714,0.429,0.8695,Berisiko,Sangat Tinggi
JJI-04000,Dropout,1,Nursing,Fase 2 - kuota umum,Lajang,Perempuan,Siang,20,≤20 th,Lunas,Tidak,Tidak,Ya,141.1,147.0,7,6,13.0,8,8,14.21,0.857,1.0,0.1247,Aman,Rendah
JJI-04001,Dropout,1,Informatics Engineering,Usia di atas 23 tahun,Menikah,Laki-laki,Siang,34,28-35 th,Menunggak,Tidak,Tidak,Tidak,140.0,140.0,5,0,0.0,5,0,0.0,0.0,0.0,0.9919,Berisiko,Sangat Tinggi
JJI-04002,Dropout,1,Informatics Engineering,Transfer,Lajang,Laki-laki,Siang,22,21-23 th,Lunas,Tidak,Tidak,Ya,133.6,140.0,5,0,0.0,5,0,0.0,0.0,0.0,0.9605,Berisiko,Sangat Tinggi
JJI-04003,Graduate,0,Tourism,Usia di atas 23 tahun,Menikah,Laki-laki,Siang,39,>35 th,Lunas,Tidak,Tidak,Tidak,123.5,133.1,6,6,13.5,6,6,13.33,1.0,1.0,0.2626,Aman,Sedang
JJI-04004,Graduate,0,Nursing,Fase 1 - kuota umum,Lajang,Laki-laki,Siang,18,≤20 th,Lunas,Tidak,Ya,Ya,136.3,141.0,7,6,13.52,7,6,13.52,0.857,0.857,0.0966,Aman,Rendah
JJI-04005,Graduate,0,Communication Design,Fase 1 - kuota umum,Lajang,Laki-laki,Siang,21,21-23 th,Lunas,Tidak,Ya,Ya,123.5,128.0,6,6,13.17,6,6,13.29,1.0,1.0,0.0979,Aman,Rendah
JJI-04006,Dropout,1,Veterinary Nursing,Usia di atas 23 tahun,Menikah,Laki-laki,Siang,34,28-35 th,Lunas,Tidak,Tidak,Tidak,112.0,150.0,6,0,0.0,6,0,0.0,0.0,0.0,0.9772,Berisiko,Sangat Tinggi
JJI-04007,Graduate,0,Agronomy,Pemegang diploma spesialisasi teknologi,Lajang,Laki-laki,Siang,22,21-23 th,Lunas,Tidak,Ya,Tidak,160.0,160.0,6,6,13.12,6,6,13.0,1.0,1.0,0.0878,Aman,Rendah
JJI-04008,Dropout,1,Agronomy,Usia di atas 23 tahun,Lajang,Laki-laki,Siang,31,28-35 th,Lunas,Tidak,Tidak,Tidak,110.0,133.1,6,3,14.4,6,0,0.0,0.5,0.0,0.9637,Berisiko,Sangat Tinggi
JJI-04009,Dropout,1,Basic Education,Fase 3 - kuota umum,Lajang,Laki-laki,Siang,19,≤20 th,Menunggak,Tidak,Tidak,Ya,116.8,128.0,6,4,12.0,6,0,0.0,0.667,0.0,0.9912,Berisiko,Sangat Tinggi
JJI-04010,Dropout,1,Tourism,Fase 2 - kuota umum,Lajang,Laki-laki,Siang,19,≤20 th,Lunas,Tidak,Tidak,Tidak,109.5,114.0,5,0,0.0,5,0,0.0,0.0,0.0,0.9628,Berisiko,Sangat Tinggi
JJI-04011,Dropout,1,Oral Hygiene,Usia di atas 23 tahun,Lajang,Laki-laki,Siang,31,28-35 th,Lunas,Tidak,Tidak,Tidak,100.0,133.1,7,0,0.0,7,0,0.0,0.0,0.0,0.9918,Berisiko,Sangat Tinggi
JJI-04012,Enrolled,0,Management,Fase 1 - kuota khusus (Azores),Lajang,Perempuan,Siang,19,≤20 th,Lunas,Tidak,Tidak,Ya,117.3,126.0,5,3,10.8,5,3,10.5,0.6,0.6,0.411,Aman,Sedang
JJI-04013,Dropout,1,Advertising & Marketing Management,Usia di atas 23 tahun,Menikah,Perempuan,Siang,30,28-35 th,Lunas,Tidak,Tidak,Tidak,130.0,133.1,6,0,0.0,6,0,0.0,0.0,0.0,0.971,Berisiko,Sangat Tinggi
JJI-04014,Graduate,0,Nursing,Pindah institusi/prodi,Lajang,Perempuan,Siang,20,≤20 th,Lunas,Tidak,Ya,Ya,137.8,129.0,7,7,16.13,8,8,15.52,1.0,1.0,0.0485,Aman,Rendah
JJI-04015,Graduate,0,Nursing,Fase 2 - kuota umum,Lajang,Perempuan,Siang,18,≤20 th,Lunas,Tidak,Ya,Ya,136.5,140.0,7,7,14.84,8,8,14.8,1.0,1.0,0.0463,Aman,Rendah
JJI-04016,Dropout,1,Management (kelas malam),Usia di atas 23 tahun,Bercerai,Perempuan,Malam,31,28-35 th,Lunas,Tidak,Tidak,Tidak,138.7,133.1,5,3,10.33,5,3,12.0,0.6,0.6,0.4684,Berisiko,Tinggi
JJI-04017,Dropout,1,Tourism,Fase 2 - kuota umum,Lajang,Perempuan,Siang,19,≤20 th,Lunas,Tidak,Tidak,Ya,124.9,134.0,6,3,12.0,6,4,11.25,0.5,0.667,0.4704,Berisiko,Tinggi
JJI-04018,Dropout,1,Social Service (kelas malam),Usia di atas 23 tahun,Bercerai,Perempuan,Malam,43,>35 th,Lunas,Tidak,Ya,Tidak,140.0,133.1,6,0,0.0,5,0,0.0,0.0,0.0,0.935,Berisiko,Sangat Tinggi
JJI-04019,Graduate,0,Tourism,Fase 2 - kuota umum,Lajang,Perempuan,Siang,20,≤20 th,Lunas,Tidak,Ya,Ya,122.6,132.0,6,6,13.17,6,6,14.0,1.0,1.0,0.1,Aman,Rendah
JJI-04020,Graduate,0,Nursing,Fase 1 - kuota umum,Lajang,Perempuan,Siang,19,≤20 th,Lunas,Tidak,Ya,Ya,129.5,131.0,8,8,13.95,8,8,13.95,1.0,1.0,0.0448,Aman,Rendah
JJI-04021,Dropout,1,Advertising & Marketing Management,Fase 1 - kuota umum,Lajang,Perempuan,Siang,22,21-23 th,Lunas,Tidak,Tidak,Tidak,155.0,133.1,5,3,11.33,5,0,0.0,0.6,0.0,0.8844,Berisiko,Sangat Tinggi
JJI-04022,Graduate,0,Social Service (kelas malam),Fase 1 - kuota umum,Lajang,Perempuan,Malam,26,24-27 th,Lunas,Tidak,Tidak,Tidak,100.0,133.1,8,7,12.75,7,7,12.29,0.875,1.0,0.1017,Aman,Rendah
JJI-04023,Graduate,0,Management,Fase 3 - kuota umum,Lajang,Perempuan,Siang,19,≤20 th,Lunas,Tidak,Ya,Ya,137.6,160.0,5,5,12.6,5,5,11.25,1.0,1.0,0.1038,Aman,Rendah
JJI-04024,Dropout,1,Nursing,Pemegang gelar pendidikan tinggi lain,Lajang,Perempuan,Siang,29,28-35 th,Lunas,Tidak,Tidak,Ya,120.0,120.0,8,6,12.25,8,6,12.25,0.75,0.75,0.4039,Aman,Sedang
JJI-04025,Enrolled,0,Oral Hygiene,Mahasiswa internasional (S1),Lajang,Perempuan,Siang,20,≤20 th,Lunas,Tidak,Tidak,Tidak,114.0,114.0,7,0,0.0,7,2,11.67,0.0,0.286,0.8005,Berisiko,Sangat Tinggi
JJI-04026,Enrolled,0,Management (kelas malam),Fase 1 - kuota umum,Bercerai,Perempuan,Malam,38,>35 th,Lunas,Tidak,Ya,Tidak,139.0,140.0,5,5,11.0,5,5,11.4,1.0,1.0,0.1487,Aman,Rendah
JJI-04027,Graduate,0,Agronomy,Usia di atas 23 tahun,Lajang,Perempuan,Siang,41,>35 th,Lunas,Tidak,Tidak,Tidak,110.0,100.0,12,12,11.83,12,9,12.7,1.0,0.75,0.3477,Aman,Sedang
JJI-04028,Dropout,1,Nursing,Fase 1 - kuota umum,Lajang,Perempuan,Siang,19,≤20 th,Lunas,Tidak,Tidak,Ya,128.5,139.0,8,6,13.07,8,6,13.07,0.75,0.75,0.242,Aman,Rendah
JJI-04029,Graduate,0,Communication Design,Fase 1 - kuota umum,Lajang,Perempuan,Siang,19,≤20 th,Lunas,Ya,Tidak,Tidak,132.2,136.0,6,6,13.83,6,6,13.88,1.0,1.0,0.1314,Aman,Rendah
JJI-04030,Dropout,1,Nursing,Pemegang gelar pendidikan tinggi lain,Bercerai,Perempuan,Siang,43,>35 th,Lunas,Tidak,Tidak,Tidak,130.0,130.0,7,3,13.83,7,0,0.0,0.429,0.0,0.9739,Berisiko,Sangat Tinggi
JJI-04031,Graduate,0,Equinculture,Fase 2 - kuota umum,Lajang,Perempuan,Siang,19,≤20 th,Lunas,Tidak,Tidak,Ya,129.3,145.0,5,5,11.8,5,5,13.2,1.0,1.0,0.226,Aman,Rendah
JJI-04032,Enrolled,0,Animation & Multimedia Design,Fase 1 - kuota umum,Lajang,Laki-laki,Siang,19,≤20 th,Lunas,Tidak,Ya,Ya,128.2,133.1,12,12,13.33,11,10,12.82,1.0,0.909,0.0781,Aman,Rendah
JJI-04033,Graduate,0,Nursing,Fase 1 - kuota umum,Lajang,Laki-laki,Siang,18,≤20 th,Lunas,Tidak,Tidak,Ya,130.3,146.0,8,8,13.75,8,8,13.75,1.0,1.0,0.1117,Aman,Rendah
JJI-04034,Dropout,1,Animation & Multimedia Design,Fase 1 - kuota umum,Lajang,Laki-laki,Siang,19,≤20 th,Lunas,Tidak,Tidak,Ya,162.5,159.0,0,0,0.0,0,0,0.0,,,0.5743,Berisiko,Tinggi
JJI-04035,Dropout,1,Social Service (kelas malam),Usia di atas 23 tahun,Menikah,Laki-laki,Malam,38,>35 th,Lunas,Tidak,Tidak,Tidak,130.0,133.1,6,0,0.0,6,0,0.0,0.0,0.0,0.9787,Berisiko,Sangat Tinggi
JJI-04036,Dropout,1,Equinculture,Pemegang gelar pendidikan tinggi lain,Menikah,Laki-laki,Siang,37,>35 th,Lunas,Tidak,Tidak,Ya,110.0,110.0,6,0,0.0,6,0,0.0,0.0,0.0,0.9911,Berisiko,Sangat Tinggi
JJI-04037,Graduate,0,Advertising & Marketing Management,Usia di atas 23 tahun,Lajang,Perempuan,Siang,26,24-27 th,Lunas,Tidak,Ya,Ya,142.3,120.0,6,6,13.33,6,5,14.5,1.0,0.833,0.1895,Aman,Rendah
JJI-04038,Enrolled,0,Social Service,Fase 2 - kuota umum,Lajang,Perempuan,Siang,21,21-23 th,Lunas,Tidak,Ya,Ya,122.0,130.0,6,1,10.0,6,5,11.4,0.167,0.833,0.3003,Aman,Sedang
JJI-04039,Graduate,0,Veterinary Nursing,Fase 1 - kuota umum,Lajang,Perempuan,Siang,18,≤20 th,Lunas,Tidak,Ya,Ya,153.6,158.0,6,6,15.67,6,6,15.29,1.0,1.0,0.0607,Aman,Rendah
JJI-04040,Graduate,0,Basic Education,Fase 1 - kuota umum,Lajang,Perempuan,Siang,18,≤20 th,Lunas,Tidak,Tidak,Tidak,112.9,122.0,7,7,11.86,7,7,11.86,1.0,1.0,0.154,Aman,Rendah
JJI-04041,Graduate,0,Veterinary Nursing,Fase 1 - kuota umum,Lajang,Perempuan,Siang,18,≤20 th,Lunas,Tidak,Tidak,Tidak,124.1,140.0,5,5,14.5,5,5,13.6,1.0,1.0,0.0819,Aman,Rendah
JJI-04042,Graduate,0,Social Service,Fase 2 - kuota umum,Lajang,Perempuan,Siang,19,≤20 th,Lunas,Tidak,Tidak,Tidak,129.7,136.0,6,6,12.17,6,6,13.71,1.0,1.0,0.0821,Aman,Rendah
JJI-04043,Graduate,0,Journalism & Communication,Fase 1 - kuota umum,Lajang,Perempuan,Siang,18,≤20 th,Lunas,Tidak,Tidak,Ya,110.0,111.0,6,5,12.6,6,6,12.0,0.833,1.0,0.167,Aman,Rendah
JJI-04044,Enrolled,0,Nursing,Fase 2 - kuota umum,Lajang,Perempuan,Siang,18,≤20 th,Lunas,Tidak,Tidak,Ya,136.3,145.0,8,7,12.29,8,7,12.29,0.875,0.875,0.1713,Aman,Rendah
JJI-04045,Graduate,0,Social Service,Fase 2 - kuota umum,Lajang,Perempuan,Siang,19,≤20 th,Lunas,Ya,Ya,Tidak,146.0,133.1,6,6,12.67,6,6,13.0,1.0,1.0,0.1015,Aman,Rendah
JJI-04046,Dropout,1,Nursing,Fase 1 - kuota umum,Lajang,Perempuan,Siang,19,≤20 th,Lunas,Tidak,Tidak,Tidak,129.9,140.0,7,0,0.0,8,0,0.0,0.0,0.0,0.9729,Berisiko,Sangat Tinggi
JJI-04047,Graduate,0,Tourism,Fase 1 - kuota umum,Lajang,Perempuan,Siang,18,≤20 th,Lunas,Tidak,Ya,Ya,140.9,140.0,6,6,12.86,6,4,13.0,1.0,0.667,0.1441,Aman,Rendah
JJI-04048,Graduate,0,Nursing,Fase 1 - kuota umum,Menikah,Perempuan,Siang,18,≤20 th,Lunas,Tidak,Tidak,Tidak,135.5,156.0,8,7,13.9,8,7,13.9,0.875,0.875,0.0801,Aman,Rendah
JJI-04049,Graduate,0,Nursing,Fase 1 - kuota umum,Lajang,Perempuan,Siang,20,≤20 th,Lunas,Tidak,Ya,Ya,122.0,132.0,8,7,13.82,8,7,13.82,0.875,0.875,0.0828,Aman,Rendah
JJI-04050,Graduate,0,Oral Hygiene,Pemegang diploma short cycle,Lajang,Perempuan,Siang,22,21-23 th,Lunas,Tidak,Ya,Tidak,140.0,140.0,7,6,13.31,8,7,12.88,0.857,0.875,0.1197,Aman,Rendah
JJI-04051,Dropout,1,Equinculture,Fase 1 - kuota umum,Lajang,Perempuan,Siang,18,≤20 th,Lunas,Tidak,Tidak,Tidak,163.0,164.0,6,0,0.0,6,0,0.0,0.0,0.0,0.9665,Berisiko,Sangat Tinggi
JJI-04052,Graduate,0,Tourism,Fase 2 - kuota umum,Lajang,Perempuan,Siang,19,≤20 th,Lunas,Tidak,Ya,Ya,107.4,113.0,6,6,12.17,6,6,12.17,1.0,1.0,0.1364,Aman,Rendah
JJI-04053,Dropout,1,Tourism,Fase 1 - kuota umum,Lajang,Perempuan,Siang,20,≤20 th,Menunggak,Tidak,Ya,Ya,114.3,122.0,6,4,11.25,6,3,11.33,0.667,0.5,0.7294,Berisiko,Tinggi
JJI-04054,Enrolled,0,Communication Design,Pindah program studi,Lajang,Perempuan,Siang,19,≤20 th,Lunas,Tidak,Tidak,Tidak,140.8,150.0,6,5,12.4,6,6,12.75,0.833,1.0,0.1068,Aman,Rendah
JJI-04055,Graduate,0,Journalism & Communication,Fase 1 - kuota umum,Lajang,Perempuan,Siang,20,≤20 th,Lunas,Tidak,Ya,Ya,126.3,135.0,6,6,14.67,6,6,14.57,1.0,1.0,0.0939,Aman,Rendah
JJI-04056,Dropout,1,Veterinary Nursing,Usia di atas 23 tahun,Lajang,Perempuan,Siang,28,28-35 th,Lunas,Tidak,Tidak,Tidak,110.0,133.1,6,4,12.0,6,4,12.0,0.667,0.667,0.4171,Berisiko,Tinggi
JJI-04057,Graduate,0,Veterinary Nursing,Fase 1 - kuota umum,Lajang,Perempuan,Siang,19,≤20 th,Lunas,Tidak,Tidak,Tidak,126.2,122.0,6,6,14.0,6,3,12.67,1.0,0.5,0.2718,Aman,Sedang
JJI-04058,Enrolled,0,Agronomy,Transfer,Lajang,Perempuan,Siang,22,21-23 th,Lunas,Tidak,Tidak,Tidak,140.0,140.0,6,6,12.57,6,4,13.67,1.0,0.667,0.266,Aman,Sedang
JJI-04059,Graduate,0,Veterinary Nursing,Fase 1 - kuota umum,Lajang,Perempuan,Siang,19,≤20 th,Lunas,Tidak,Tidak,Ya,123.0,138.0,6,6,15.54,6,6,12.62,1.0,1.0,0.1121,Aman,Rendah
JJI-04060,Dropout,1,Journalism & Communication,Fase 1 - kuota umum,Lajang,Perempuan,Siang,18,≤20 th,Menunggak,Tidak,Tidak,Ya,157.0,130.0,6,0,0.0,6,0,0.0,0.0,0.0,0.9893,Berisiko,Sangat Tinggi
JJI-04061,Graduate,0,Equinculture,Fase 1 - kuota khusus (Azores),Lajang,Perempuan,Siang,18,≤20 th,Lunas,Tidak,Tidak,Ya,149.7,157.0,6,6,15.0,6,6,14.83,1.0,1.0,0.1356,Aman,Rendah
JJI-04062,Graduate,0,Equinculture,Pindah program studi,Lajang,Perempuan,Siang,22,21-23 th,Lunas,Tidak,Tidak,Ya,140.0,140.0,5,4,12.25,5,5,13.29,0.8,1.0,0.2062,Aman,Rendah
JJI-04063,Graduate,0,Veterinary Nursing,Pemegang diploma short cycle,Lajang,Perempuan,Siang,20,≤20 th,Lunas,Tidak,Tidak,Tidak,170.0,170.0,11,11,15.69,9,9,15.56,1.0,1.0,0.0643,Aman,Rendah
JJI-04064,Graduate,0,Management (kelas malam),Usia di atas 23 tahun,Lajang,Perempuan,Malam,24,24-27 th,Lunas,Tidak,Ya,Tidak,130.2,150.0,5,5,12.29,5,5,12.75,1.0,1.0,0.1445,Aman,Rendah
JJI-04065,Enrolled,0,Animation & Multimedia Design,Fase 2 - kuota umum,Lajang,Perempuan,Siang,22,21-23 th,Lunas,Ya,Tidak,Ya,135.5,146.0,17,12,11.83,17,11,11.25,0.706,0.647,0.8108,Berisiko,Sangat Tinggi
JJI-04066,Enrolled,0,Social Service (kelas malam),Pindah program studi,Lajang,Perempuan,Malam,20,≤20 th,Lunas,Tidak,Tidak,Tidak,118.3,120.0,6,6,12.17,6,5,14.0,1.0,0.833,0.0909,Aman,Rendah
JJI-04067,Graduate,0,Oral Hygiene,Fase 1 - kuota umum,Lajang,Perempuan,Siang,20,≤20 th,Lunas,Tidak,Ya,Ya,116.3,118.0,7,7,11.89,8,8,11.96,1.0,1.0,0.0648,Aman,Rendah
JJI-04068,Dropout,1,Social Service (kelas malam),Pemegang gelar pendidikan tinggi lain,Menikah,Perempuan,Malam,35,28-35 th,Menunggak,Tidak,Tidak,Tidak,120.0,120.0,6,0,0.0,6,0,0.0,0.0,0.0,0.9912,Berisiko,Sangat Tinggi
JJI-04069,Graduate,0,Advertising & Marketing Management,Fase 1 - kuota umum,Lajang,Perempuan,Siang,18,≤20 th,Lunas,Tidak,Ya,Tidak,154.7,154.0,5,5,11.8,5,5,12.6,1.0,1.0,0.0853,Aman,Rendah
JJI-04070,Graduate,0,Social Service,Fase 2 - kuota umum,Lajang,Perempuan,Siang,19,≤20 th,Lunas,Tidak,Tidak,Ya,132.7,139.0,6,6,11.17,6,6,11.67,1.0,1.0,0.1142,Aman,Rendah
JJI-04071,Graduate,0,Nursing,Fase 3 - kuota umum,Lajang,Perempuan,Siang,18,≤20 th,Lunas,Tidak,Tidak,Tidak,130.8,136.0,7,7,14.06,8,8,14.6,1.0,1.0,0.0632,Aman,Rendah
JJI-04072,Dropout,1,Tourism,Fase 1 - kuota umum,Lajang,Perempuan,Siang,18,≤20 th,Lunas,Tidak,Tidak,Ya,122.7,130.0,6,4,11.75,6,4,10.0,0.667,0.667,0.3859,Aman,Sedang
JJI-04073,Enrolled,0,Social Service,Usia di atas 23 tahun,Menikah,Perempuan,Siang,31,28-35 th,Lunas,Tidak,Tidak,Tidak,130.0,133.1,6,6,13.17,6,6,13.0,1.0,1.0,0.1166,Aman,Rendah
JJI-04074,Graduate,0,Social Service,Fase 2 - kuota umum,Lajang,Perempuan,Siang,19,≤20 th,Lunas,Tidak,Ya,Tidak,123.6,133.0,6,6,13.5,6,6,14.0,1.0,1.0,0.0549,Aman,Rendah
JJI-04075,Graduate,0,Nursing,Fase 3 - kuota umum,Lajang,Perempuan,Siang,20,≤20 th,Lunas,Tidak,Ya,Ya,116.5,143.0,7,7,12.62,8,8,13.06,1.0,1.0,0.0559,Aman,Rendah
JJI-04076,Dropout,1,Veterinary Nursing,Fase 2 - kuota umum,Lajang,Perempuan,Siang,21,21-23 th,Lunas,Tidak,Tidak,Tidak,111.1,117.0,6,0,0.0,6,0,0.0,0.0,0.0,0.9601,Berisiko,Sangat Tinggi
JJI-04077,Graduate,0,Nursing,Fase 1 - kuota umum,Lajang,Perempuan,Siang,18,≤20 th,Lunas,Tidak,Ya,Ya,136.3,145.0,8,7,13.97,8,7,13.97,0.875,0.875,0.0764,Aman,Rendah
JJI-04078,Dropout,1,Communication Design,Fase 1 - kuota umum,Lajang,Perempuan,Siang,18,≤20 th,Lunas,Tidak,Tidak,Ya,129.8,134.0,6,2,11.0,6,0,0.0,0.333,0.0,0.9304,Berisiko,Sangat Tinggi
JJI-04079,Graduate,0,Management (kelas malam),Usia di atas 23 tahun,Menikah,Perempuan,Malam,33,28-35 th,Lunas,Tidak,Tidak,Tidak,134.7,170.0,5,5,12.8,5,5,15.33,1.0,1.0,0.1943,Aman,Rendah
JJI-04080,Enrolled,0,Advertising & Marketing Management,Fase 1 - kuota umum,Lajang,Perempuan,Siang,18,≤20 th,Lunas,Tidak,Ya,Ya,131.8,143.0,6,6,13.57,6,5,12.8,1.0,0.833,0.124,Aman,Rendah
JJI-04081,Dropout,1,Animation & Multimedia Design,Fase 1 - kuota umum,Lajang,Perempuan,Siang,18,≤20 th,Menunggak,Tidak,Ya,Ya,126.8,140.0,0,0,0.0,0,0,0.0,,,0.6889,Berisiko,Tinggi
JJI-04082,Enrolled,0,Veterinary Nursing,Fase 1 - kuota umum,Lajang,Perempuan,Siang,21,21-23 th,Lunas,Ya,Tidak,Tidak,130.7,131.0,5,2,11.5,5,4,11.0,0.4,0.8,0.3732,Aman,Sedang
JJI-04083,Enrolled,0,Tourism,Fase 2 - kuota umum,Lajang,Perempuan,Siang,19,≤20 th,Lunas,Tidak,Tidak,Ya,109.8,115.0,6,4,11.25,6,4,12.0,0.667,0.667,0.4309,Berisiko,Tinggi
JJI-04084,Graduate,0,Management (kelas malam),Pemegang gelar pendidikan tinggi lain,Lajang,Perempuan,Malam,28,28-35 th,Lunas,Tidak,Tidak,Tidak,133.9,130.0,5,5,13.71,5,5,13.14,1.0,1.0,0.2402,Aman,Rendah
JJI-04085,Dropout,1,Management,Usia di atas 23 tahun,Menikah,Perempuan,Siang,29,28-35 th,Menunggak,Tidak,Tidak,Tidak,109.9,130.0,4,0,0.0,5,0,0.0,0.0,0.0,0.9828,Berisiko,Sangat Tinggi
JJI-04086,Dropout,1,Equinculture,Pemegang diploma spesialisasi teknologi,Lajang,Perempuan,Siang,36,>35 th,Menunggak,Ya,Tidak,Ya,160.0,160.0,6,6,12.0,6,3,14.67,1.0,0.5,0.88,Berisiko,Sangat Tinggi
JJI-04087,Graduate,0,Social Service (kelas malam),Usia di atas 23 tahun,Lajang,Perempuan,Malam,32,28-35 th,Lunas,Tidak,Ya,Tidak,106.5,133.1,6,6,12.67,6,6,13.33,1.0,1.0,0.0933,Aman,Rendah
JJI-04088,Enrolled,0,Nursing,Usia di atas 23 tahun,Lajang,Perempuan,Siang,25,24-27 th,Lunas,Tidak,Ya,Ya,120.0,130.0,8,7,13.29,8,7,13.29,0.875,0.875,0.1377,Aman,Rendah
JJI-04089,Enrolled,0,Management (kelas malam),Pindah program studi,Menikah,Perempuan,Malam,33,28-35 th,Lunas,Tidak,Tidak,Tidak,107.8,140.0,10,8,10.38,10,9,10.44,0.8,0.9,0.3416,Aman,Sedang
JJI-04090,Dropout,1,Social Service (kelas malam),Pindah program studi,Menikah,Perempuan,Malam,34,28-35 th,Menunggak,Tidak,Tidak,Tidak,100.0,133.1,7,3,12.0,7,1,13.0,0.429,0.143,0.9337,Berisiko,Sangat Tinggi
JJI-04091,Graduate,0,Social Service (kelas malam),Usia di atas 23 tahun,Menikah,Perempuan,Malam,33,28-35 th,Lunas,Tidak,Tidak,Tidak,112.5,150.0,6,5,11.4,6,6,11.17,0.833,1.0,0.2087,Aman,Rendah
JJI-04092,Dropout,1,Management (kelas malam),Pindah program studi,Lajang,Perempuan,Malam,29,28-35 th,Menunggak,Ya,Tidak,Tidak,135.5,140.0,5,2,13.25,5,3,12.6,0.4,0.6,0.8533,Berisiko,Sangat Tinggi
JJI-04093,Dropout,1,Nursing,Fase 1 - kuota umum,Lajang,Perempuan,Siang,18,≤20 th,Lunas,Tidak,Tidak,Tidak,145.0,145.0,7,6,13.86,8,0,0.0,0.857,0.0,0.8934,Berisiko,Sangat Tinggi
JJI-04094,Graduate,0,Journalism & Communication,Fase 1 - kuota umum,Lajang,Perempuan,Siang,18,≤20 th,Lunas,Tidak,Ya,Tidak,119.0,126.0,6,6,12.17,6,6,12.14,1.0,1.0,0.0739,Aman,Rendah
JJI-04095,Graduate,0,Social Service,Pemegang gelar pendidikan tinggi lain,Menikah,Perempuan,Siang,38,>35 th,Lunas,Tidak,Tidak,Tidak,130.0,130.0,6,4,13.75,6,6,14.5,0.667,1.0,0.2547,Aman,Sedang
JJI-04096,Graduate,0,Nursing,Fase 1 - kuota umum,Lajang,Perempuan,Siang,19,≤20 th,Lunas,Tidak,Ya,Ya,126.3,135.0,7,6,15.43,7,6,15.43,0.857,0.857,0.0786,Aman,Rendah
JJI-04097,Graduate,0,Social Service (kelas malam),Usia di atas 23 tahun,Bercerai,Perempuan,Malam,39,>35 th,Lunas,Tidak,Ya,Tidak,113.5,133.1,6,6,13.83,6,6,15.5,1.0,1.0,0.0976,Aman,Rendah
JJI-04098,Graduate,0,Management (kelas malam),Pindah program studi,Lajang,Perempuan,Malam,37,>35 th,Lunas,Tidak,Tidak,Tidak,120.0,120.0,14,12,11.83,12,11,11.36,0.857,0.917,0.2671,Aman,Sedang
JJI-04099,Dropout,1,Oral Hygiene,Fase 2 - kuota umum,Lajang,Perempuan,Siang,32,28-35 th,Lunas,Tidak,Tidak,Ya,111.3,120.0,7,0,0.0,8,0,0.0,0.0,0.0,0.993,Berisiko,Sangat Tinggi
JJI-04100,Dropout,1,Social Service,Fase 3 - kuota umum,Lajang,Perempuan,Siang,18,≤20 th,Lunas,Tidak,Tidak,Tidak,130.2,147.0,1,0,0.0,6,0,0.0,0.0,0.0,0.8069,Berisiko,Sangat Tinggi
JJI-04101,Enrolled,0,Oral Hygiene,Pindah program studi,Lajang,Perempuan,Siang,20,≤20 th,Lunas,Tidak,Tidak,Ya,140.2,149.0,7,7,12.33,8,8,12.62,1.0,1.0,0.1015,Aman,Rendah
JJI-04102,Graduate,0,Communication Design,Fase 1 - kuota umum,Lajang,Perempuan,Siang,20,≤20 th,Lunas,Tidak,Tidak,Ya,113.9,124.0,6,6,11.17,6,6,12.17,1.0,1.0,0.139,Aman,Rendah
JJI-04103,Graduate,0,Veterinary Nursing,Fase 2 - kuota umum,Lajang,Perempuan,Siang,23,21-23 th,Lunas,Tidak,Ya,Ya,99.0,133.1,6,6,14.67,6,6,12.43,1.0,1.0,0.1011,Aman,Rendah
JJI-04104,Enrolled,0,Management,Fase 1 - kuota umum,Lajang,Perempuan,Siang,19,≤20 th,Lunas,Tidak,Tidak,Ya,124.0,125.0,5,5,11.2,5,4,11.75,1.0,0.8,0.1679,Aman,Rendah
JJI-04105,Graduate,0,Social Service,Fase 1 - kuota umum,Lajang,Perempuan,Siang,18,≤20 th,Lunas,Tidak,Tidak,Tidak,138.9,141.0,6,6,13.71,6,6,14.17,1.0,1.0,0.0551,Aman,Rendah
JJI-04106,Graduate,0,Management,Fase 1 - kuota umum,Lajang,Laki-laki,Siang,19,≤20 th,Lunas,Tidak,Tidak,Ya,130.0,131.0,5,5,12.8,5,5,11.44,1.0,1.0,0.1466,Aman,Rendah
JJI-04107,Graduate,0,Journalism & Communication,Fase 2 - kuota umum,Lajang,Perempuan,Siang,20,≤20 th,Lunas,Tidak,Tidak,Ya,120.8,118.0,6,4,13.25,6,5,11.8,0.667,0.833,0.4273,Berisiko,Tinggi
JJI-04108,Dropout,1,Nursing,Fase 1 - kuota umum,Lajang,Perempuan,Siang,19,≤20 th,Lunas,Tidak,Tidak,Ya,127.8,129.0,8,6,13.78,8,6,13.78,0.75,0.75,0.2571,Aman,Sedang
JJI-04109,Graduate,0,Nursing,Fase 2 - kuota umum,Lajang,Perempuan,Siang,19,≤20 th,Lunas,Tidak,Tidak,Ya,126.0,136.0,8,7,15.11,8,7,15.11,0.875,0.875,0.1424,Aman,Rendah
JJI-04110,Graduate,0,Social Service,Fase 1 - kuota umum,Lajang,Perempuan,Siang,18,≤20 th,Lunas,Tidak,Tidak,Tidak,126.0,134.0,6,4,11.0,6,5,11.2,0.667,0.833,0.1612,Aman,Rendah
JJI-04111,Graduate,0,Nursing,Fase 1 - kuota umum,Lajang,Perempuan,Siang,20,≤20 th,Lunas,Tidak,Ya,Ya,138.5,153.0,8,7,15.8,8,7,15.8,0.875,0.875,0.0637,Aman,Rendah
JJI-04112,Graduate,0,Nursing,Fase 1 - kuota umum,Lajang,Perempuan,Siang,20,≤20 th,Lunas,Tidak,Tidak,Ya,119.4,119.0,7,7,13.78,8,8,15.6,1.0,1.0,0.0546,Aman,Rendah
JJI-04113,Graduate,0,Nursing,Usia di atas 23 tahun,Bercerai,Perempuan,Siang,24,24-27 th,Lunas,Tidak,Tidak,Ya,101.5,140.0,8,7,12.16,8,7,12.16,0.875,0.875,0.1694,Aman,Rendah
JJI-04114,Dropout,1,Oral Hygiene,Usia di atas 23 tahun,Bercerai,Perempuan,Siang,24,24-27 th,Lunas,Tidak,Tidak,Ya,101.5,133.1,7,0,0.0,7,0,0.0,0.0,0.0,0.9734,Berisiko,Sangat Tinggi
JJI-04115,Graduate,0,Journalism & Communication,Fase 2 - kuota umum,Lajang,Perempuan,Siang,20,≤20 th,Lunas,Tidak,Tidak,Ya,126.2,130.0,6,6,14.33,6,6,15.5,1.0,1.0,0.1448,Aman,Rendah
JJI-04116,Enrolled,0,Communication Design,Fase 1 - kuota umum,Lajang,Perempuan,Siang,20,≤20 th,Lunas,Tidak,Tidak,Ya,129.8,128.0,6,6,11.83,6,3,13.33,1.0,0.5,0.3183,Aman,Sedang
JJI-04117,Enrolled,0,Veterinary Nursing,Fase 1 - kuota umum,Lajang,Perempuan,Siang,18,≤20 th,Menunggak,Tidak,Tidak,Ya,138.4,145.0,6,6,14.83,6,6,12.5,1.0,1.0,0.2534,Aman,Sedang
JJI-04118,Graduate,0,Nursing,Fase 1 - kuota umum,Lajang,Perempuan,Siang,18,≤20 th,Lunas,Tidak,Tidak,Tidak,129.3,146.0,8,7,14.2,8,7,14.2,0.875,0.875,0.0884,Aman,Rendah
JJI-04119,Graduate,0,Veterinary Nursing,Fase 1 - kuota umum,Lajang,Perempuan,Siang,21,21-23 th,Lunas,Tidak,Tidak,Ya,113.1,119.0,5,5,12.2,5,5,13.2,1.0,1.0,0.1162,Aman,Rendah
JJI-04120,Graduate,0,Basic Education,Fase 2 - kuota umum,Lajang,Perempuan,Siang,18,≤20 th,Lunas,Tidak,Tidak,Ya,144.3,160.0,6,4,13.0,6,5,13.67,0.667,0.833,0.3685,Aman,Sedang
JJI-04121,Graduate,0,Nursing,Fase 2 - kuota umum,Lajang,Perempuan,Siang,19,≤20 th,Lunas,Tidak,Ya,Ya,141.0,144.0,8,7,12.49,8,7,12.49,0.875,0.875,0.1318,Aman,Rendah
JJI-04122,Graduate,0,Veterinary Nursing,Pemegang gelar pendidikan tinggi lain,Lajang,Perempuan,Siang,22,21-23 th,Lunas,Tidak,Tidak,Ya,130.0,130.0,6,6,17.0,6,6,16.29,1.0,1.0,0.1015,Aman,Rendah
JJI-04123,Graduate,0,Social Service,Fase 2 - kuota umum,Lajang,Perempuan,Siang,19,≤20 th,Lunas,Tidak,Tidak,Ya,117.5,122.0,6,5,10.8,6,6,10.17,0.833,1.0,0.1844,Aman,Rendah
JJI-04124,Graduate,0,Nursing,Fase 1 - kuota umum,Lajang,Perempuan,Siang,18,≤20 th,Lunas,Tidak,Tidak,Ya,131.8,153.0,7,6,14.72,7,6,14.72,0.857,0.857,0.1201,Aman,Rendah
JJI-04125,Enrolled,0,Veterinary Nursing,Fase 1 - kuota umum,Lajang,Perempuan,Siang,19,≤20 th,Lunas,Tidak,Ya,Ya,133.7,147.0,5,2,13.5,5,5,11.4,0.4,1.0,0.1572,Aman,Rendah
JJI-04126,Enrolled,0,Nursing,Pindah program studi,Lajang,Perempuan,Siang,24,24-27 th,Lunas,Tidak,Ya,Ya,115.4,121.0,8,7,11.97,8,7,11.97,0.875,0.875,0.1374,Aman,Rendah
JJI-04127,Enrolled,0,Veterinary Nursing,Fase 1 - kuota umum,Lajang,Perempuan,Siang,19,≤20 th,Lunas,Tidak,Tidak,Tidak,129.1,134.0,5,3,12.0,5,4,13.5,0.6,0.8,0.2122,Aman,Rendah
JJI-04128,Graduate,0,Social Service (kelas malam),Fase 1 - kuota umum,Lajang,Perempuan,Malam,34,28-35 th,Lunas,Tidak,Tidak,Tidak,135.5,133.0,6,6,12.33,6,6,11.67,1.0,1.0,0.1341,Aman,Rendah
JJI-04129,Graduate,0,Veterinary Nursing,Fase 2 - kuota umum,Lajang,Perempuan,Siang,19,≤20 th,Lunas,Tidak,Tidak,Ya,112.4,118.0,12,6,15.31,10,6,13.88,0.5,0.6,0.7544,Berisiko,Sangat Tinggi
JJI-04130,Graduate,0,Nursing,Fase 1 - kuota umum,Lajang,Perempuan,Siang,18,≤20 th,Lunas,Tidak,Ya,Ya,130.8,137.0,7,6,12.67,7,6,12.67,0.857,0.857,0.0895,Aman,Rendah
JJI-04131,Graduate,0,Nursing,Fase 1 - kuota umum,Lajang,Perempuan,Siang,19,≤20 th,Lunas,Tidak,Ya,Ya,131.6,143.0,7,7,14.37,8,8,14.45,1.0,1.0,0.0484,Aman,Rendah
JJI-04132,Graduate,0,Nursing,Usia di atas 23 tahun,Lajang,Perempuan,Siang,25,24-27 th,Lunas,Tidak,Tidak,Tidak,140.8,123.0,8,7,12.08,8,7,12.08,0.875,0.875,0.1665,Aman,Rendah
JJI-04133,Enrolled,0,Veterinary Nursing,Pemegang diploma spesialisasi teknologi,Lajang,Perempuan,Siang,21,21-23 th,Lunas,Tidak,Tidak,Ya,140.0,140.0,12,8,12.25,12,8,12.2,0.667,0.667,0.4483,Berisiko,Tinggi
JJI-04134,Enrolled,0,Tourism,Fase 1 - kuota umum,Lajang,Perempuan,Siang,18,≤20 th,Lunas,Tidak,Tidak,Tidak,114.2,118.0,6,5,12.2,6,5,11.6,0.833,0.833,0.1966,Aman,Rendah
JJI-04135,Graduate,0,Social Service,Fase 1 - kuota umum,Lajang,Perempuan,Siang,18,≤20 th,Lunas,Tidak,Ya,Tidak,127.3,142.0,6,4,11.0,6,6,11.5,0.667,1.0,0.0754,Aman,Rendah
JJI-04136,Graduate,0,Social Service (kelas malam),Fase 1 - kuota umum,Lajang,Perempuan,Malam,28,28-35 th,Lunas,Tidak,Tidak,Ya,115.0,115.0,6,5,12.8,6,5,11.0,0.833,0.833,0.2425,Aman,Rendah
JJI-04137,Graduate,0,Nursing,Pindah program studi,Kumpul kebo,Perempuan,Siang,18,≤20 th,Lunas,Tidak,Ya,Tidak,118.8,131.0,8,7,11.86,8,7,11.86,0.875,0.875,0.0702,Aman,Rendah
JJI-04138,Graduate,0,Tourism,Usia di atas 23 tahun,Menikah,Perempuan,Siang,41,>35 th,Lunas,Tidak,Tidak,Tidak,125.0,130.0,6,6,12.29,6,5,13.0,1.0,0.833,0.3403,Aman,Sedang
JJI-04139,Dropout,1,Basic Education,Fase 2 - kuota umum,Lajang,Perempuan,Siang,18,≤20 th,Lunas,Tidak,Tidak,Tidak,111.5,133.1,6,3,12.33,6,4,13.5,0.5,0.667,0.5079,Berisiko,Tinggi
JJI-04140,Graduate,0,Social Service,Fase 2 - kuota umum,Lajang,Perempuan,Siang,21,21-23 th,Lunas,Tidak,Ya,Tidak,124.2,134.0,6,4,11.25,6,4,11.4,0.667,0.667,0.208,Aman,Rendah
JJI-04141,Dropout,1,Social Service,Pemegang gelar pendidikan tinggi lain,Bercerai,Perempuan,Siang,41,>35 th,Lunas,Ya,Tidak,Tidak,130.0,130.0,6,0,0.0,6,0,0.0,0.0,0.0,0.9818,Berisiko,Sangat Tinggi
JJI-04142,Dropout,1,Communication Design,Pemegang gelar pendidikan tinggi lain,Lajang,Perempuan,Siang,32,28-35 th,Lunas,Tidak,Tidak,Ya,120.0,133.1,3,2,16.0,3,1,16.0,0.667,0.333,0.4897,Berisiko,Tinggi
JJI-04143,Graduate,0,Social Service (kelas malam),Pindah program studi,Lajang,Perempuan,Malam,29,28-35 th,Lunas,Tidak,Tidak,Tidak,110.0,114.0,6,6,11.67,6,6,11.0,1.0,1.0,0.1396,Aman,Rendah
JJI-04144,Enrolled,0,Oral Hygiene,Usia di atas 23 tahun,Lajang,Perempuan,Siang,24,24-27 th,Lunas,Tidak,Tidak,Tidak,113.3,130.0,7,5,12.4,8,7,12.15,0.714,0.875,0.2917,Aman,Sedang
JJI-04145,Enrolled,0,Oral Hygiene,Pindah program studi,Lajang,Perempuan,Siang,22,21-23 th,Lunas,Tidak,Tidak,Ya,123.5,128.0,7,6,10.74,8,8,11.84,0.857,1.0,0.1455,Aman,Rendah
JJI-04146,Dropout,1,Social Service,Fase 1 - kuota umum,Lajang,Perempuan,Siang,21,21-23 th,Lunas,Tidak,Tidak,Tidak,101.0,133.1,6,0,0.0,6,0,0.0,0.0,0.0,0.9373,Berisiko,Sangat Tinggi
JJI-04147,Dropout,1,Nursing,Usia di atas 23 tahun,Menikah,Perempuan,Siang,39,>35 th,Lunas,Tidak,Tidak,Ya,120.9,133.1,7,4,12.0,7,4,12.56,0.571,0.571,0.6125,Berisiko,Tinggi
JJI-04148,Enrolled,0,Veterinary Nursing,Usia di atas 23 tahun,Bercerai,Perempuan,Siang,44,>35 th,Menunggak,Tidak,Ya,Tidak,154.6,140.0,6,4,12.75,6,2,10.0,0.667,0.333,0.9114,Berisiko,Sangat Tinggi
JJI-04149,Enrolled,0,Management,Fase 1 - kuota umum,Lajang,Perempuan,Siang,20,≤20 th,Lunas,Tidak,Tidak,Ya,120.2,117.0,5,2,10.0,5,2,11.0,0.4,0.4,0.485,Berisiko,Tinggi
JJI-04150,Graduate,0,Nursing,Pindah program studi,Lajang,Perempuan,Siang,21,21-23 th,Lunas,Tidak,Tidak,Tidak,146.5,139.0,14,12,13.42,14,12,13.42,0.857,0.857,0.1544,Aman,Rendah
JJI-04151,Graduate,0,Journalism & Communication,Fase 1 - kuota umum,Lajang,Perempuan,Siang,18,≤20 th,Lunas,Tidak,Tidak,Ya,160.1,159.0,6,6,15.17,6,6,14.86,1.0,1.0,0.0894,Aman,Rendah
JJI-04152,Graduate,0,Agronomy,Usia di atas 23 tahun,Lajang,Perempuan,Siang,34,28-35 th,Lunas,Ya,Tidak,Tidak,150.0,140.0,6,5,13.83,6,5,12.5,0.833,0.833,0.402,Aman,Sedang
JJI-04153,Graduate,0,Veterinary Nursing,Fase 1 - kuota umum,Lajang,Perempuan,Siang,18,≤20 th,Lunas,Tidak,Tidak,Ya,135.8,140.0,5,5,13.33,5,4,14.8,1.0,0.8,0.1404,Aman,Rendah
JJI-04154,Enrolled,0,Animation & Multimedia Design,Fase 1 - kuota umum,Lajang,Perempuan,Siang,19,≤20 th,Lunas,Ya,Tidak,Ya,143.8,135.0,0,0,0.0,0,0,0.0,,,0.6212,Berisiko,Tinggi
JJI-04155,Dropout,1,Basic Education,Fase 1 - kuota umum,Lajang,Perempuan,Siang,18,≤20 th,Lunas,Tidak,Tidak,Ya,116.8,121.0,6,3,11.67,6,3,10.67,0.5,0.5,0.6204,Berisiko,Tinggi
JJI-04156,Graduate,0,Veterinary Nursing,Fase 1 - kuota umum,Lajang,Perempuan,Siang,19,≤20 th,Lunas,Tidak,Tidak,Ya,113.9,124.0,6,5,15.0,6,6,13.43,0.833,1.0,0.1496,Aman,Rendah
JJI-04157,Enrolled,0,Nursing,Fase 1 - kuota umum,Lajang,Perempuan,Siang,18,≤20 th,Lunas,Tidak,Ya,Ya,118.0,131.0,8,7,13.24,8,7,13.24,0.875,0.875,0.0856,Aman,Rendah
JJI-04158,Dropout,1,Equinculture,Fase 1 - kuota umum,Lajang,Perempuan,Siang,19,≤20 th,Lunas,Tidak,Tidak,Ya,150.2,160.0,5,1,13.0,5,2,12.5,0.2,0.4,0.6733,Berisiko,Tinggi
JJI-04159,Graduate,0,Nursing,Fase 1 - kuota umum,Lajang,Perempuan,Siang,19,≤20 th,Lunas,Tidak,Ya,Ya,115.1,120.0,7,6,13.08,8,7,12.05,0.857,0.875,0.0922,Aman,Rendah
JJI-04160,Graduate,0,Advertising & Marketing Management,Fase 1 - kuota umum,Lajang,Perempuan,Siang,18,≤20 th,Lunas,Tidak,Ya,Ya,131.3,140.0,6,6,13.5,6,6,13.67,1.0,1.0,0.0707,Aman,Rendah
JJI-04161,Graduate,0,Management (kelas malam),Pemegang diploma spesialisasi teknologi,Lajang,Perempuan,Malam,23,21-23 th,Lunas,Tidak,Ya,Ya,120.0,120.0,6,5,11.8,6,6,12.33,0.833,1.0,0.1399,Aman,Rendah
JJI-04162,Enrolled,0,Tourism,Fase 2 - kuota umum,Lajang,Perempuan,Siang,18,≤20 th,Menunggak,Tidak,Tidak,Ya,110.3,118.0,6,5,12.6,6,5,11.8,0.833,0.833,0.6043,Berisiko,Tinggi
JJI-04163,Dropout,1,Basic Education,Pindah program studi,Bercerai,Perempuan,Siang,33,28-35 th,Lunas,Tidak,Tidak,Tidak,100.0,133.1,6,6,12.17,6,3,11.0,1.0,0.5,0.5402,Berisiko,Tinggi
JJI-04164,Graduate,0,Social Service,Fase 2 - kuota umum,Lajang,Perempuan,Siang,19,≤20 th,Lunas,Tidak,Tidak,Ya,110.7,111.0,6,6,12.17,6,6,11.0,1.0,1.0,0.1344,Aman,Rendah
JJI-04165,Dropout,1,Animation & Multimedia Design,Pindah program studi,Lajang,Perempuan,Siang,21,21-23 th,Lunas,Tidak,Tidak,Ya,143.4,140.0,0,0,0.0,0,0,0.0,,,0.4973,Berisiko,Tinggi
JJI-04166,Graduate,0,Nursing,Fase 1 - kuota umum,Lajang,Perempuan,Siang,18,≤20 th,Lunas,Tidak,Tidak,Tidak,115.9,125.0,7,7,13.56,8,8,13.2,1.0,1.0,0.0748,Aman,Rendah
JJI-04167,Enrolled,0,Management (kelas malam),Fase 3 - kuota umum,Lajang,Perempuan,Malam,21,21-23 th,Lunas,Tidak,Ya,Tidak,145.0,133.1,5,4,12.25,5,4,11.8,0.8,0.8,0.1724,Aman,Rendah
JJI-04168,Graduate,0,Communication Design,Fase 2 - kuota umum,Lajang,Perempuan,Siang,19,≤20 th,Lunas,Tidak,Tidak,Ya,140.9,136.0,6,6,14.33,6,6,13.5,1.0,1.0,0.1259,Aman,Rendah
JJI-04169,Graduate,0,Journalism & Communication,Fase 1 - kuota umum,Lajang,Perempuan,Siang,20,≤20 th,Lunas,Tidak,Tidak,Ya,108.4,115.0,6,4,10.5,6,4,11.75,0.667,0.667,0.4452,Berisiko,Tinggi
JJI-04170,Dropout,1,Journalism & Communication,Fase 1 - kuota umum,Lajang,Perempuan,Siang,20,≤20 th,Lunas,Tidak,Tidak,Ya,114.3,116.0,4,0,0.0,4,0,0.0,0.0,0.0,0.9131,Berisiko,Sangat Tinggi
JJI-04171,Enrolled,0,Basic Education,Fase 3 - kuota umum,Lajang,Perempuan,Siang,20,≤20 th,Lunas,Tidak,Tidak,Ya,110.0,110.0,6,4,12.75,6,3,11.33,0.667,0.5,0.6873,Berisiko,Tinggi
JJI-04172,Enrolled,0,Social Service,Fase 1 - kuota umum,Lajang,Perempuan,Siang,18,≤20 th,Lunas,Tidak,Ya,Ya,121.7,135.0,6,0,0.0,6,4,11.0,0.0,0.667,0.3582,Aman,Sedang
JJI-04173,Enrolled,0,Management,Pindah program studi,Lajang,Perempuan,Siang,18,≤20 th,Lunas,Tidak,Tidak,Ya,123.7,131.0,5,1,14.0,5,1,14.0,0.2,0.2,0.651,Berisiko,Tinggi
JJI-04174,Graduate,0,Nursing,Fase 1 - kuota umum,Lajang,Perempuan,Siang,20,≤20 th,Lunas,Tidak,Ya,Ya,116.5,124.0,7,7,14.09,8,8,15.0,1.0,1.0,0.0434,Aman,Rendah
JJI-04175,Graduate,0,Social Service,Fase 1 - kuota umum,Lajang,Perempuan,Siang,21,21-23 th,Lunas,Tidak,Ya,Tidak,155.0,163.0,6,6,13.33,6,6,13.17,1.0,1.0,0.0461,Aman,Rendah
JJI-04176,Graduate,0,Nursing,Pindah program studi,Lajang,Perempuan,Siang,19,≤20 th,Lunas,Tidak,Tidak,Ya,129.3,137.0,8,7,12.07,8,7,12.07,0.875,0.875,0.1663,Aman,Rendah
JJI-04177,Graduate,0,Tourism,Fase 1 - kuota umum,Lajang,Perempuan,Siang,18,≤20 th,Lunas,Tidak,Ya,Ya,121.7,128.0,6,6,12.67,6,6,12.5,1.0,1.0,0.0909,Aman,Rendah
JJI-04178,Enrolled,0,Veterinary Nursing,Usia di atas 23 tahun,Lajang,Perempuan,Siang,27,24-27 th,Lunas,Ya,Tidak,Ya,148.2,133.1,6,6,12.12,6,5,12.0,1.0,0.833,0.3652,Aman,Sedang
JJI-04179,Graduate,0,Nursing,Fase 1 - kuota umum,Lajang,Perempuan,Siang,21,21-23 th,Lunas,Tidak,Ya,Ya,125.5,133.1,7,7,13.2,8,7,13.26,1.0,0.875,0.0793,Aman,Rendah
JJI-04180,Graduate,0,Nursing,Fase 2 - kuota umum,Lajang,Perempuan,Siang,18,≤20 th,Lunas,Tidak,Ya,Ya,131.9,148.0,7,7,14.15,8,8,14.51,1.0,1.0,0.0602,Aman,Rendah
JJI-04181,Enrolled,0,Basic Education,Fase 2 - kuota umum,Lajang,Perempuan,Siang,18,≤20 th,Lunas,Ya,Tidak,Ya,121.8,127.0,6,4,13.5,6,3,10.67,0.667,0.5,0.7473,Berisiko,Tinggi
JJI-04182,Dropout,1,Basic Education,Pindah program studi,Lajang,Perempuan,Siang,28,28-35 th,Menunggak,Ya,Tidak,Tidak,107.7,110.0,6,0,0.0,5,0,0.0,0.0,0.0,0.9949,Berisiko,Sangat Tinggi
JJI-04183,Dropout,1,Oral Hygiene,Usia di atas 23 tahun,Lajang,Perempuan,Siang,36,>35 th,Lunas,Tidak,Tidak,Tidak,115.5,133.1,7,5,12.2,7,3,11.4,0.714,0.429,0.7371,Berisiko,Tinggi
JJI-04184,Graduate,0,Veterinary Nursing,Fase 1 - kuota umum,Lajang,Perempuan,Siang,20,≤20 th,Lunas,Tidak,Tidak,Ya,139.8,145.0,5,5,14.8,5,5,14.0,1.0,1.0,0.0837,Aman,Rendah
JJI-04185,Graduate,0,Social Service,Fase 1 - kuota umum,Lajang,Perempuan,Siang,19,≤20 th,Lunas,Tidak,Tidak,Ya,133.2,136.0,6,5,11.0,6,5,11.4,0.833,0.833,0.148,Aman,Rendah
JJI-04186,Enrolled,0,Management (kelas malam),Fase 1 - kuota umum,Lajang,Perempuan,Malam,20,≤20 th,Lunas,Tidak,Tidak,Ya,118.4,131.0,5,0,0.0,5,0,0.0,0.0,0.0,0.9313,Berisiko,Sangat Tinggi
JJI-04187,Enrolled,0,Veterinary Nursing,Fase 2 - kuota umum,Lajang,Perempuan,Siang,19,≤20 th,Lunas,Tidak,Tidak,Ya,123.3,138.0,5,3,14.0,5,4,11.75,0.6,0.8,0.308,Aman,Sedang
JJI-04188,Graduate,0,Social Service (kelas malam),Usia di atas 23 tahun,Menikah,Perempuan,Malam,28,28-35 th,Lunas,Tidak,Tidak,Tidak,134.5,150.0,6,5,11.83,6,6,13.0,0.833,1.0,0.1469,Aman,Rendah
JJI-04189,Graduate,0,Advertising & Marketing Management,Fase 1 - kuota umum,Lajang,Perempuan,Siang,20,≤20 th,Lunas,Tidak,Tidak,Tidak,110.6,112.0,5,4,11.75,5,5,11.8,0.8,1.0,0.1658,Aman,Rendah
JJI-04190,Graduate,0,Tourism,Transfer,Lajang,Perempuan,Siang,28,28-35 th,Lunas,Tidak,Tidak,Ya,154.0,154.0,14,12,12.33,12,8,12.0,0.857,0.667,0.59,Berisiko,Tinggi
JJI-04191,Dropout,1,Management (kelas malam),Pindah program studi,Lajang,Perempuan,Malam,24,24-27 th,Lunas,Tidak,Tidak,Tidak,160.0,160.0,10,3,11.67,10,6,11.83,0.3,0.6,0.7314,Berisiko,Tinggi
JJI-04192,Enrolled,0,Veterinary Nursing,Pemegang diploma spesialisasi teknologi,Lajang,Perempuan,Siang,20,≤20 th,Lunas,Tidak,Tidak,Ya,140.0,140.0,6,6,12.67,6,4,11.5,1.0,0.667,0.2408,Aman,Rendah
JJI-04193,Enrolled,0,Basic Education,Fase 2 - kuota umum,Lajang,Perempuan,Siang,22,21-23 th,Lunas,Tidak,Tidak,Ya,132.5,150.0,6,4,12.25,6,5,11.6,0.667,0.833,0.4782,Berisiko,Tinggi
JJI-04194,Graduate,0,Tourism,Fase 2 - kuota umum,Lajang,Perempuan,Siang,18,≤20 th,Lunas,Tidak,Ya,Tidak,127.7,141.0,6,6,11.29,6,4,13.5,1.0,0.667,0.1955,Aman,Rendah
JJI-04195,Dropout,1,Management,Fase 1 - kuota umum,Lajang,Perempuan,Siang,22,21-23 th,Menunggak,Ya,Tidak,Ya,117.5,122.0,5,2,11.5,5,0,0.0,0.4,0.0,0.9875,Berisiko,Sangat Tinggi
JJI-04196,Graduate,0,Tourism,Fase 1 - kuota umum,Lajang,Perempuan,Siang,18,≤20 th,Lunas,Tidak,Ya,Ya,127.0,120.0,6,6,11.67,6,4,12.25,1.0,0.667,0.1871,Aman,Rendah
JJI-04197,Graduate,0,Nursing,Fase 1 - kuota umum,Lajang,Perempuan,Siang,21,21-23 th,Lunas,Tidak,Ya,Tidak,125.5,139.0,8,7,13.51,8,7,13.51,0.875,0.875,0.0669,Aman,Rendah
JJI-04198,Graduate,0,Journalism & Communication,Fase 2 - kuota umum,Lajang,Perempuan,Siang,19,≤20 th,Lunas,Tidak,Tidak,Ya,140.5,138.0,6,6,13.0,6,6,13.71,1.0,1.0,0.1905,Aman,Rendah
JJI-04199,Enrolled,0,Basic Education,Fase 1 - kuota khusus (Azores),Lajang,Perempuan,Siang,22,21-23 th,Lunas,Tidak,Tidak,Ya,118.3,119.0,6,3,15.0,6,4,10.25,0.5,0.667,0.6204,Berisiko,Tinggi
JJI-04200,Graduate,0,Nursing,Fase 1 - kuota umum,Lajang,Perempuan,Siang,20,≤20 th,Lunas,Tidak,Ya,Ya,120.8,129.0,8,7,12.74,8,7,12.74,0.875,0.875,0.0855,Aman,Rendah
JJI-04201,Graduate,0,Management,Fase 1 - kuota umum,Lajang,Perempuan,Siang,20,≤20 th,Lunas,Tidak,Tidak,Tidak,95.0,133.1,5,4,11.75,5,5,11.8,0.8,1.0,0.1549,Aman,Rendah
JJI-04202,Graduate,0,Social Service (kelas malam),Fase 2 - kuota umum,Lajang,Perempuan,Malam,19,≤20 th,Lunas,Ya,Tidak,Ya,122.2,125.0,6,6,12.17,6,6,11.67,1.0,1.0,0.173,Aman,Rendah
JJI-04203,Enrolled,0,Animation & Multimedia Design,Fase 2 - kuota umum,Lajang,Perempuan,Siang,20,≤20 th,Lunas,Tidak,Tidak,Ya,143.9,125.0,0,0,0.0,0,0,0.0,,,0.5571,Berisiko,Tinggi
JJI-04204,Graduate,0,Communication Design,Fase 1 - kuota umum,Lajang,Perempuan,Siang,20,≤20 th,Lunas,Tidak,Ya,Ya,127.2,137.0,6,5,13.4,6,6,12.38,0.833,1.0,0.0927,Aman,Rendah
JJI-04205,Dropout,1,Social Service,Fase 1 - kuota umum,Lajang,Perempuan,Siang,20,≤20 th,Lunas,Tidak,Tidak,Ya,120.2,123.0,6,5,11.8,6,4,11.5,0.833,0.667,0.2355,Aman,Rendah
JJI-04206,Graduate,0,Nursing,Fase 1 - kuota umum,Lajang,Perempuan,Siang,19,≤20 th,Lunas,Tidak,Tidak,Ya,134.8,154.0,7,6,13.53,7,6,13.53,0.857,0.857,0.1385,Aman,Rendah
JJI-04207,Graduate,0,Tourism,Fase 1 - kuota umum,Lajang,Perempuan,Siang,18,≤20 th,Lunas,Tidak,Ya,Ya,142.6,144.0,6,6,14.17,6,4,14.0,1.0,0.667,0.1562,Aman,Rendah
JJI-04208,Graduate,0,Nursing,Fase 1 - kuota umum,Lajang,Perempuan,Siang,18,≤20 th,Lunas,Tidak,Ya,Tidak,147.9,153.0,7,7,14.65,8,8,14.76,1.0,1.0,0.0311,Aman,Rendah
JJI-04209,Dropout,1,Animation & Multimedia Design,Fase 1 - kuota umum,Lajang,Perempuan,Siang,19,≤20 th,Menunggak,Tidak,Tidak,Ya,160.4,152.0,0,0,0.0,0,0,0.0,,,0.7588,Berisiko,Sangat Tinggi
JJI-04210,Graduate,0,Management,Fase 1 - kuota umum,Lajang,Laki-laki,Siang,20,≤20 th,Lunas,Tidak,Tidak,Tidak,134.6,150.0,5,5,13.6,5,5,13.0,1.0,1.0,0.1354,Aman,Rendah
JJI-04211,Graduate,0,Tourism,Fase 1 - kuota umum,Lajang,Perempuan,Siang,22,21-23 th,Lunas,Tidak,Ya,Tidak,121.0,129.0,6,6,12.83,6,4,13.25,1.0,0.667,0.1476,Aman,Rendah
JJI-04212,Graduate,0,Social Service,Fase 1 - kuota umum,Lajang,Perempuan,Siang,18,≤20 th,Lunas,Tidak,Ya,Ya,142.7,150.0,6,6,14.67,6,6,15.17,1.0,1.0,0.0412,Aman,Rendah
JJI-04213,Graduate,0,Journalism & Communication,Fase 2 - kuota umum,Lajang,Perempuan,Siang,19,≤20 th,Lunas,Tidak,Tidak,Ya,115.6,125.0,6,6,13.33,6,6,14.67,1.0,1.0,0.1603,Aman,Rendah
JJI-04214,Graduate,0,Social Service,Fase 1 - kuota umum,Lajang,Perempuan,Siang,20,≤20 th,Menunggak,Tidak,Ya,Tidak,130.0,133.1,6,5,13.4,6,5,11.4,0.833,0.833,0.3019,Aman,Sedang
JJI-04215,Graduate,0,Nursing,Fase 1 - kuota umum,Lajang,Perempuan,Siang,19,≤20 th,Lunas,Tidak,Ya,Ya,124.3,140.0,7,7,13.31,8,8,15.64,1.0,1.0,0.0379,Aman,Rendah
JJI-04216,Dropout,1,Animation & Multimedia Design,Fase 1 - kuota umum,Lajang,Perempuan,Siang,18,≤20 th,Menunggak,Ya,Tidak,Ya,137.9,140.0,0,0,0.0,0,0,0.0,,,0.8648,Berisiko,Sangat Tinggi
JJI-04217,Dropout,1,Journalism & Communication,Fase 1 - kuota umum,Lajang,Perempuan,Siang,20,≤20 th,Menunggak,Ya,Tidak,Ya,100.0,133.1,4,0,0.0,5,0,0.0,0.0,0.0,0.992,Berisiko,Sangat Tinggi
JJI-04218,Graduate,0,Journalism & Communication,Fase 1 - kuota umum,Lajang,Perempuan,Siang,19,≤20 th,Lunas,Tidak,Ya,Ya,128.2,132.0,6,6,12.33,6,6,13.5,1.0,1.0,0.09,Aman,Rendah
JJI-04219,Enrolled,0,Journalism & Communication,Fase 2 - kuota umum,Lajang,Perempuan,Siang,18,≤20 th,Lunas,Tidak,Tidak,Tidak,135.0,135.0,6,6,13.5,6,6,13.33,1.0,1.0,0.1486,Aman,Rendah
JJI-04220,Graduate,0,Social Service,Fase 1 - kuota khusus (Madeira),Lajang,Perempuan,Siang,18,≤20 th,Lunas,Tidak,Tidak,Ya,121.0,135.0,6,5,13.0,6,6,11.83,0.833,1.0,0.1311,Aman,Rendah
JJI-04221,Dropout,1,Advertising & Marketing Management,Fase 1 - kuota umum,Lajang,Perempuan,Siang,22,21-23 th,Lunas,Tidak,Tidak,Tidak,147.0,133.1,5,2,12.5,5,0,0.0,0.4,0.0,0.8915,Berisiko,Sangat Tinggi
JJI-04222,Graduate,0,Social Service,Fase 1 - kuota umum,Lajang,Perempuan,Siang,18,≤20 th,Lunas,Tidak,Tidak,Tidak,149.5,168.0,6,6,17.0,6,6,16.0,1.0,1.0,0.0547,Aman,Rendah
JJI-04223,Graduate,0,Social Service,Fase 1 - kuota umum,Lajang,Perempuan,Siang,20,≤20 th,Lunas,Tidak,Tidak,Ya,144.4,143.0,6,6,13.5,6,6,13.0,1.0,1.0,0.0743,Aman,Rendah
JJI-04224,Graduate,0,Tourism,Fase 2 - kuota umum,Lajang,Perempuan,Siang,19,≤20 th,Lunas,Tidak,Tidak,Ya,116.0,116.0,6,6,12.71,6,6,11.83,1.0,1.0,0.1775,Aman,Rendah
JJI-04225,Graduate,0,Nursing,Pindah program studi,Lajang,Perempuan,Siang,19,≤20 th,Lunas,Tidak,Ya,Tidak,120.7,134.0,7,6,13.0,8,8,13.93,0.857,1.0,0.0527,Aman,Rendah
JJI-04226,Graduate,0,Social Service,Pemegang diploma spesialisasi teknologi,Lajang,Perempuan,Siang,21,21-23 th,Lunas,Tidak,Tidak,Tidak,141.8,140.0,6,6,12.57,6,6,13.5,1.0,1.0,0.0723,Aman,Rendah
JJI-04227,Dropout,1,Social Service (kelas malam),Fase 2 - kuota umum,Lajang,Perempuan,Malam,19,≤20 th,Lunas,Tidak,Ya,Ya,119.7,133.0,6,4,11.5,6,6,11.5,0.667,1.0,0.1279,Aman,Rendah
JJI-04228,Graduate,0,Social Service,Fase 1 - kuota umum,Lajang,Perempuan,Siang,19,≤20 th,Lunas,Tidak,Ya,Ya,118.4,125.0,6,6,13.5,6,6,13.29,1.0,1.0,0.0595,Aman,Rendah
JJI-04229,Enrolled,0,Social Service (kelas malam),Usia di atas 23 tahun,Menikah,Perempuan,Malam,45,>35 th,Lunas,Tidak,Tidak,Tidak,134.5,133.1,6,5,13.6,6,5,13.0,0.833,0.833,0.3329,Aman,Sedang
JJI-04230,Dropout,1,Veterinary Nursing,Usia di atas 23 tahun,Menikah,Perempuan,Siang,28,28-35 th,Menunggak,Tidak,Ya,Tidak,128.2,133.1,5,1,12.0,5,0,0.0,0.2,0.0,0.982,Berisiko,Sangat Tinggi
JJI-04231,Graduate,0,Nursing,Pindah program studi,Menikah,Perempuan,Siang,28,28-35 th,Lunas,Tidak,Tidak,Tidak,115.0,137.0,7,7,14.95,8,8,14.74,1.0,1.0,0.0608,Aman,Rendah
JJI-04232,Enrolled,0,Management (kelas malam),Usia di atas 23 tahun,Lajang,Perempuan,Malam,25,24-27 th,Lunas,Ya,Tidak,Tidak,130.0,140.0,5,4,11.25,5,4,12.0,0.8,0.8,0.4893,Berisiko,Tinggi
JJI-04233,Dropout,1,Advertising & Marketing Management,Pindah program studi,Lajang,Perempuan,Siang,19,≤20 th,Menunggak,Ya,Tidak,Tidak,120.7,134.0,6,3,10.67,6,4,12.25,0.5,0.667,0.8227,Berisiko,Sangat Tinggi
JJI-04234,Graduate,0,Nursing,Fase 1 - kuota umum,Lajang,Perempuan,Siang,19,≤20 th,Lunas,Tidak,Tidak,Ya,130.5,139.0,8,7,14.99,8,7,14.99,0.875,0.875,0.1199,Aman,Rendah
JJI-04235,Enrolled,0,Management,Fase 1 - kuota umum,Lajang,Laki-laki,Siang,20,≤20 th,Lunas,Tidak,Tidak,Ya,107.4,113.0,5,3,10.5,5,4,11.25,0.6,0.8,0.3341,Aman,Sedang
JJI-04236,Enrolled,0,Social Service,Fase 1 - kuota umum,Lajang,Laki-laki,Siang,22,21-23 th,Lunas,Tidak,Tidak,Ya,100.0,133.1,6,4,11.25,6,3,11.0,0.667,0.5,0.5109,Berisiko,Tinggi
JJI-04237,Graduate,0,Journalism & Communication,Pindah program studi,Lajang,Laki-laki,Siang,20,≤20 th,Lunas,Tidak,Ya,Ya,125.0,132.0,6,6,12.33,6,6,14.0,1.0,1.0,0.1241,Aman,Rendah
JJI-04238,Enrolled,0,Nursing,Fase 1 - kuota umum,Lajang,Laki-laki,Siang,20,≤20 th,Lunas,Tidak,Tidak,Ya,121.5,127.0,7,6,13.02,7,6,13.02,0.857,0.857,0.191,Aman,Rendah
JJI-04239,Dropout,1,Veterinary Nursing,Fase 1 - kuota umum,Lajang,Laki-laki,Siang,20,≤20 th,Menunggak,Ya,Tidak,Tidak,127.2,123.0,5,3,11.33,5,2,11.5,0.6,0.4,0.8446,Berisiko,Sangat Tinggi
JJI-04240,Graduate,0,Veterinary Nursing,Usia di atas 23 tahun,Lajang,Perempuan,Siang,27,24-27 th,Lunas,Tidak,Tidak,Ya,160.0,130.0,6,6,16.14,6,6,14.67,1.0,1.0,0.1584,Aman,Rendah
JJI-04241,Graduate,0,Veterinary Nursing,Pindah institusi/prodi,Lajang,Perempuan,Siang,22,21-23 th,Lunas,Tidak,Tidak,Tidak,120.0,125.0,6,6,14.83,6,5,13.83,1.0,0.833,0.1454,Aman,Rendah
JJI-04242,Dropout,1,Nursing,Fase 1 - kuota umum,Lajang,Perempuan,Siang,19,≤20 th,Menunggak,Ya,Tidak,Ya,141.5,140.0,8,7,13.33,8,7,13.33,0.875,0.875,0.4696,Berisiko,Tinggi
JJI-04243,Dropout,1,Social Service,Fase 2 - kuota umum,Lajang,Perempuan,Siang,19,≤20 th,Menunggak,Tidak,Tidak,Ya,111.4,111.0,6,4,11.0,6,2,11.5,0.667,0.333,0.8407,Berisiko,Sangat Tinggi
JJI-04244,Enrolled,0,Communication Design,Fase 1 - kuota umum,Lajang,Perempuan,Siang,18,≤20 th,Lunas,Tidak,Tidak,Ya,136.6,132.0,6,6,11.71,6,6,10.38,1.0,1.0,0.1089,Aman,Rendah
JJI-04245,Dropout,1,Animation & Multimedia Design,Fase 1 - kuota umum,Lajang,Perempuan,Siang,19,≤20 th,Lunas,Tidak,Tidak,Ya,154.6,150.0,12,12,12.33,11,10,12.73,1.0,0.909,0.0882,Aman,Rendah
JJI-04246,Dropout,1,Basic Education,Fase 3 - kuota umum,Lajang,Perempuan,Siang,20,≤20 th,Menunggak,Ya,Tidak,Ya,111.4,118.0,7,0,0.0,6,0,0.0,0.0,0.0,0.998,Berisiko,Sangat Tinggi
JJI-04247,Dropout,1,Management (kelas malam),Pindah program studi,Menikah,Perempuan,Malam,39,>35 th,Menunggak,Tidak,Tidak,Tidak,120.1,150.0,15,12,11.92,13,8,11.25,0.8,0.615,0.9069,Berisiko,Sangat Tinggi
JJI-04248,Graduate,0,Social Service (kelas malam),Usia di atas 23 tahun,Menikah,Perempuan,Malam,37,>35 th,Lunas,Ya,Tidak,Tidak,100.0,100.0,6,6,11.83,6,6,11.0,1.0,1.0,0.2855,Aman,Sedang
JJI-04249,Dropout,1,Nursing,Usia di atas 23 tahun,Menikah,Perempuan,Siang,30,28-35 th,Menunggak,Ya,Tidak,Tidak,140.0,130.0,7,3,12.33,7,3,11.67,0.429,0.429,0.9367,Berisiko,Sangat Tinggi
JJI-04250,Graduate,0,Management (kelas malam),Pindah program studi,Menikah,Perempuan,Malam,41,>35 th,Lunas,Tidak,Tidak,Tidak,130.0,130.0,10,10,14.3,10,10,14.2,1.0,1.0,0.1583,Aman,Rendah
JJI-04251,Dropout,1,Nursing,Usia di atas 23 tahun,Bercerai,Perempuan,Siang,40,>35 th,Menunggak,Tidak,Tidak,Tidak,100.0,133.1,8,5,11.83,8,5,11.83,0.625,0.625,0.8241,Berisiko,Sangat Tinggi
JJI-04252,Dropout,1,Management,Fase 1 - kuota umum,Lajang,Perempuan,Siang,20,≤20 th,Lunas,Tidak,Tidak,Tidak,106.1,112.0,5,2,10.0,5,0,0.0,0.4,0.0,0.8826,Berisiko,Sangat Tinggi
JJI-04253,Graduate,0,Management (kelas malam),Fase 1 - kuota umum,Menikah,Perempuan,Malam,28,28-35 th,Lunas,Tidak,Tidak,Tidak,151.4,144.0,5,5,12.0,5,5,11.6,1.0,1.0,0.1519,Aman,Rendah
JJI-04254,Dropout,1,Basic Education,Fase 3 - kuota umum,Lajang,Perempuan,Siang,19,≤20 th,Menunggak,Ya,Tidak,Ya,113.7,120.0,7,5,12.2,7,0,0.0,0.714,0.0,0.9952,Berisiko,Sangat Tinggi
JJI-04255,Dropout,1,Advertising & Marketing Management,Fase 1 - kuota umum,Lajang,Perempuan,Siang,23,21-23 th,Lunas,Tidak,Tidak,Ya,116.5,121.0,5,3,11.33,5,4,11.25,0.6,0.8,0.3347,Aman,Sedang
JJI-04256,Dropout,1,Social Service (kelas malam),Pemegang gelar pendidikan tinggi lain,Lajang,Perempuan,Malam,18,≤20 th,Lunas,Tidak,Tidak,Tidak,120.0,120.0,16,13,13.85,11,9,12.56,0.812,0.818,0.2111,Aman,Rendah
JJI-04257,Graduate,0,Nursing,Usia di atas 23 tahun,Lajang,Perempuan,Siang,24,24-27 th,Lunas,Tidak,Tidak,Tidak,122.0,100.0,8,7,12.41,8,7,12.41,0.875,0.875,0.1705,Aman,Rendah
JJI-04258,Enrolled,0,Advertising & Marketing Management,Fase 2 - kuota umum,Lajang,Perempuan,Siang,21,21-23 th,Lunas,Tidak,Tidak,Tidak,117.1,115.0,5,3,12.67,5,4,12.75,0.6,0.8,0.3945,Aman,Sedang
JJI-04259,Graduate,0,Nursing,Fase 1 - kuota umum,Lajang,Perempuan,Siang,19,≤20 th,Lunas,Tidak,Tidak,Ya,120.8,123.0,8,7,12.55,8,7,12.55,0.875,0.875,0.1233,Aman,Rendah
JJI-04260,Dropout,1,Journalism & Communication,Fase 1 - kuota umum,Lajang,Perempuan,Siang,19,≤20 th,Lunas,Tidak,Tidak,Ya,141.4,134.0,6,3,13.0,6,2,14.0,0.5,0.333,0.6066,Berisiko,Tinggi
JJI-04261,Dropout,1,Agronomy,Usia di atas 23 tahun,Lajang,Perempuan,Siang,48,>35 th,Menunggak,Ya,Tidak,Tidak,110.0,123.0,6,0,0.0,6,0,0.0,0.0,0.0,0.998,Berisiko,Sangat Tinggi
JJI-04262,Dropout,1,Management (kelas malam),Pindah program studi,Menikah,Perempuan,Malam,38,>35 th,Menunggak,Tidak,Tidak,Tidak,120.0,120.0,12,9,12.22,12,9,13.0,0.75,0.75,0.7884,Berisiko,Sangat Tinggi
JJI-04263,Graduate,0,Management,Fase 2 - kuota umum,Lajang,Perempuan,Siang,19,≤20 th,Lunas,Tidak,Tidak,Tidak,120.2,131.0,5,5,13.29,5,5,13.0,1.0,1.0,0.1275,Aman,Rendah
JJI-04264,Dropout,1,Management (kelas malam),Usia di atas 23 tahun,Menikah,Laki-laki,Malam,30,28-35 th,Lunas,Tidak,Tidak,Tidak,138.4,133.1,5,3,11.67,5,1,11.0,0.6,0.2,0.7735,Berisiko,Sangat Tinggi
JJI-04265,Graduate,0,Agronomy,Pemegang diploma spesialisasi teknologi,Lajang,Laki-laki,Siang,24,24-27 th,Lunas,Tidak,Ya,Tidak,150.0,150.0,6,6,13.56,6,6,12.67,1.0,1.0,0.0971,Aman,Rendah
JJI-04266,Graduate,0,Journalism & Communication,Fase 2 - kuota umum,Lajang,Laki-laki,Siang,19,≤20 th,Lunas,Tidak,Tidak,Ya,121.8,134.0,6,6,13.17,6,6,12.43,1.0,1.0,0.259,Aman,Sedang
JJI-04267,Enrolled,0,Animation & Multimedia Design,Pemegang diploma spesialisasi teknologi,Lajang,Laki-laki,Siang,21,21-23 th,Lunas,Tidak,Tidak,Tidak,140.0,140.0,0,0,0.0,0,0,0.0,,,0.5677,Berisiko,Tinggi
JJI-04268,Graduate,0,Tourism,Fase 1 - kuota umum,Lajang,Laki-laki,Siang,21,21-23 th,Lunas,Tidak,Ya,Ya,116.3,117.0,6,6,11.67,6,5,12.2,1.0,0.833,0.1573,Aman,Rendah
JJI-04269,Dropout,1,Management (kelas malam),Fase 1 - kuota umum,Lajang,Laki-laki,Malam,19,≤20 th,Lunas,Tidak,Tidak,Tidak,131.5,143.0,5,4,11.0,5,4,12.25,0.8,0.8,0.2612,Aman,Sedang
JJI-04270,Enrolled,0,Communication Design,Fase 2 - kuota umum,Lajang,Laki-laki,Siang,18,≤20 th,Lunas,Tidak,Tidak,Ya,141.0,142.0,6,6,13.0,6,1,10.0,1.0,0.167,0.7108,Berisiko,Tinggi
JJI-04271,Graduate,0,Communication Design,Fase 2 - kuota umum,Lajang,Laki-laki,Siang,18,≤20 th,Lunas,Tidak,Ya,Tidak,138.0,132.0,6,6,13.67,6,6,12.0,1.0,1.0,0.0917,Aman,Rendah
JJI-04272,Dropout,1,Informatics Engineering,Fase 2 - kuota umum,Lajang,Laki-laki,Siang,19,≤20 th,Lunas,Tidak,Tidak,Ya,127.5,138.0,5,5,14.6,5,5,15.2,1.0,1.0,0.1856,Aman,Rendah
JJI-04273,Graduate,0,Nursing,Fase 1 - kuota umum,Lajang,Laki-laki,Siang,19,≤20 th,Lunas,Tidak,Ya,Tidak,127.0,131.0,8,7,12.51,8,7,12.51,0.875,0.875,0.097,Aman,Rendah
JJI-04274,Enrolled,0,Veterinary Nursing,Fase 2 - kuota umum,Lajang,Laki-laki,Siang,18,≤20 th,Lunas,Tidak,Tidak,Tidak,118.9,123.0,5,3,14.0,5,3,12.67,0.6,0.6,0.3881,Aman,Sedang
JJI-04275,Enrolled,0,Tourism,Fase 1 - kuota umum,Lajang,Laki-laki,Siang,25,24-27 th,Lunas,Tidak,Tidak,Ya,134.5,131.0,6,6,13.17,6,5,12.6,1.0,0.833,0.2586,Aman,Sedang
JJI-04276,Enrolled,0,Informatics Engineering,Fase 2 - kuota umum,Lajang,Laki-laki,Siang,18,≤20 th,Lunas,Tidak,Tidak,Ya,133.0,141.0,5,4,13.0,5,3,12.33,0.8,0.6,0.4376,Berisiko,Tinggi
JJI-04277,Dropout,1,Management,Usia di atas 23 tahun,Kumpul kebo,Laki-laki,Siang,29,28-35 th,Menunggak,Tidak,Tidak,Tidak,114.0,133.1,5,1,13.0,5,0,0.0,0.2,0.0,0.9854,Berisiko,Sangat Tinggi
JJI-04278,Dropout,1,Informatics Engineering,Fase 2 - kuota umum,Lajang,Laki-laki,Siang,21,21-23 th,Lunas,Tidak,Tidak,Ya,116.7,116.0,5,1,10.0,5,3,13.67,0.2,0.6,0.5576,Berisiko,Tinggi
JJI-04279,Graduate,0,Journalism & Communication,Fase 1 - kuota umum,Lajang,Laki-laki,Siang,18,≤20 th,Lunas,Ya,Ya,Ya,125.1,123.0,6,6,14.33,6,6,15.33,1.0,1.0,0.178,Aman,Rendah
JJI-04280,Dropout,1,Tourism,Fase 2 - kuota umum,Lajang,Laki-laki,Siang,20,≤20 th,Lunas,Tidak,Ya,Tidak,137.2,133.0,6,0,0.0,6,0,0.0,0.0,0.0,0.9615,Berisiko,Sangat Tinggi
JJI-04281,Dropout,1,Management (kelas malam),Usia di atas 23 tahun,Lajang,Laki-laki,Malam,27,24-27 th,Lunas,Tidak,Tidak,Tidak,111.4,133.1,5,1,11.0,5,0,0.0,0.2,0.0,0.9663,Berisiko,Sangat Tinggi
JJI-04282,Enrolled,0,Veterinary Nursing,Fase 1 - kuota umum,Lajang,Laki-laki,Siang,21,21-23 th,Lunas,Tidak,Tidak,Ya,105.0,133.1,6,3,11.25,6,0,0.0,0.5,0.0,0.9532,Berisiko,Sangat Tinggi
JJI-04283,Dropout,1,Management,Fase 3 - kuota umum,Lajang,Laki-laki,Siang,20,≤20 th,Lunas,Tidak,Tidak,Ya,124.3,140.0,5,4,10.75,5,3,10.57,0.8,0.6,0.4541,Berisiko,Tinggi
JJI-04284,Dropout,1,Management,Usia di atas 23 tahun,Lajang,Laki-laki,Siang,28,28-35 th,Menunggak,Ya,Tidak,Tidak,132.0,100.0,5,1,11.0,5,0,0.0,0.2,0.0,0.9913,Berisiko,Sangat Tinggi
JJI-04285,Enrolled,0,Oral Hygiene,Usia di atas 23 tahun,Lajang,Laki-laki,Siang,24,24-27 th,Lunas,Tidak,Ya,Tidak,110.0,130.0,7,6,10.86,7,7,11.86,0.857,1.0,0.1446,Aman,Rendah
JJI-04286,Enrolled,0,Management,Fase 1 - kuota umum,Lajang,Laki-laki,Siang,22,21-23 th,Lunas,Tidak,Tidak,Tidak,134.7,134.0,5,4,11.75,5,3,11.0,0.8,0.6,0.4314,Berisiko,Tinggi
JJI-04287,Graduate,0,Veterinary Nursing,Fase 1 - kuota umum,Lajang,Laki-laki,Siang,20,≤20 th,Lunas,Tidak,Tidak,Ya,136.8,134.0,5,5,12.8,5,4,13.67,1.0,0.8,0.194,Aman,Rendah
JJI-04288,Graduate,0,Veterinary Nursing,Pemegang diploma spesialisasi teknologi,Lajang,Laki-laki,Siang,21,21-23 th,Lunas,Tidak,Tidak,Tidak,160.0,160.0,5,3,12.33,5,5,11.4,0.6,1.0,0.2079,Aman,Rendah
JJI-04289,Dropout,1,Agronomy,Pemegang diploma spesialisasi teknologi,Lajang,Laki-laki,Siang,23,21-23 th,Menunggak,Ya,Tidak,Ya,130.0,130.0,6,2,11.33,6,2,13.0,0.333,0.333,0.9415,Berisiko,Sangat Tinggi
JJI-04290,Graduate,0,Social Service,Fase 1 - kuota umum,Lajang,Laki-laki,Siang,18,≤20 th,Lunas,Tidak,Tidak,Ya,128.8,141.0,6,5,11.6,6,6,11.17,0.833,1.0,0.1396,Aman,Rendah
JJI-04291,Graduate,0,Animation & Multimedia Design,Fase 1 - kuota umum,Lajang,Laki-laki,Siang,20,≤20 th,Lunas,Tidak,Ya,Ya,148.4,147.0,14,12,10.92,13,11,12.18,0.857,0.846,0.1657,Aman,Rendah
JJI-04292,Graduate,0,Animation & Multimedia Design,Fase 1 - kuota umum,Lajang,Laki-laki,Siang,19,≤20 th,Lunas,Tidak,Tidak,Ya,130.4,137.0,0,0,0.0,0,0,0.0,,,0.5811,Berisiko,Tinggi
JJI-04293,Graduate,0,Nursing,Usia di atas 23 tahun,Menikah,Laki-laki,Siang,32,28-35 th,Lunas,Tidak,Tidak,Tidak,126.0,130.0,7,7,13.63,8,8,13.91,1.0,1.0,0.1373,Aman,Rendah
JJI-04294,Dropout,1,Tourism,Fase 1 - kuota umum,Lajang,Laki-laki,Siang,20,≤20 th,Lunas,Tidak,Tidak,Ya,118.7,119.0,6,3,10.33,6,1,11.0,0.5,0.167,0.8235,Berisiko,Sangat Tinggi
JJI-04295,Graduate,0,Agronomy,Usia di atas 23 tahun,Lajang,Laki-laki,Siang,32,28-35 th,Lunas,Tidak,Tidak,Tidak,120.0,130.0,18,18,13.74,13,12,13.75,1.0,0.923,0.188,Aman,Rendah
JJI-04296,Enrolled,0,Agronomy,Usia di atas 23 tahun,Lajang,Laki-laki,Siang,28,28-35 th,Lunas,Tidak,Tidak,Ya,120.0,130.0,13,8,11.62,10,6,11.0,0.615,0.6,0.783,Berisiko,Sangat Tinggi
JJI-04297,Graduate,0,Communication Design,Pemegang diploma spesialisasi teknologi,Lajang,Laki-laki,Siang,21,21-23 th,Lunas,Tidak,Ya,Ya,116.3,120.0,7,4,11.5,9,7,12.14,0.571,0.778,0.2752,Aman,Sedang
JJI-04298,Graduate,0,Journalism & Communication,Fase 1 - kuota umum,Lajang,Laki-laki,Siang,19,≤20 th,Lunas,Tidak,Ya,Tidak,133.9,130.0,6,5,14.0,6,6,13.0,0.833,1.0,0.1195,Aman,Rendah
JJI-04299,Dropout,1,Management (kelas malam),Usia di atas 23 tahun,Lajang,Laki-laki,Malam,24,24-27 th,Lunas,Tidak,Tidak,Tidak,150.3,150.0,5,3,11.33,5,0,0.0,0.6,0.0,0.9313,Berisiko,Sangat Tinggi
JJI-04300,Dropout,1,Management,Fase 2 - kuota umum,Lajang,Laki-laki,Siang,18,≤20 th,Lunas,Tidak,Tidak,Tidak,118.3,120.0,5,1,10.0,5,1,10.0,0.2,0.2,0.7949,Berisiko,Sangat Tinggi
JJI-04301,Graduate,0,Agronomy,Pemegang diploma spesialisasi teknologi,Lajang,Laki-laki,Siang,20,≤20 th,Lunas,Tidak,Tidak,Ya,130.0,130.0,6,5,11.71,6,5,12.0,0.833,0.833,0.2559,Aman,Sedang
JJI-04302,Dropout,1,Animation & Multimedia Design,Pindah program studi,Lajang,Laki-laki,Siang,25,24-27 th,Menunggak,Tidak,Tidak,Tidak,140.0,140.0,0,0,0.0,0,0,0.0,,,0.8807,Berisiko,Sangat Tinggi
JJI-04303,Dropout,1,Management,Fase 2 - kuota umum,Lajang,Laki-laki,Siang,25,24-27 th,Lunas,Tidak,Tidak,Ya,110.4,130.0,15,13,10.77,14,12,11.83,0.867,0.857,0.3703,Aman,Sedang
JJI-04304,Dropout,1,Journalism & Communication,Fase 2 - kuota umum,Lajang,Laki-laki,Siang,18,≤20 th,Lunas,Tidak,Tidak,Ya,139.7,147.0,6,5,11.6,6,6,12.0,0.833,1.0,0.3052,Aman,Sedang
JJI-04305,Dropout,1,Management,Fase 1 - kuota umum,Lajang,Laki-laki,Siang,19,≤20 th,Lunas,Tidak,Tidak,Ya,138.3,148.0,5,4,13.75,5,0,0.0,0.8,0.0,0.8521,Berisiko,Sangat Tinggi
JJI-04306,Dropout,1,Management,Fase 1 - kuota umum,Lajang,Laki-laki,Siang,18,≤20 th,Lunas,Tidak,Tidak,Ya,123.2,133.0,5,4,11.0,5,5,10.5,0.8,1.0,0.2698,Aman,Sedang
JJI-04307,Dropout,1,Management,Transfer,Lajang,Laki-laki,Siang,25,24-27 th,Menunggak,Tidak,Tidak,Tidak,120.0,135.0,5,0,0.0,5,0,0.0,0.0,0.0,0.9893,Berisiko,Sangat Tinggi
JJI-04308,Dropout,1,Animation & Multimedia Design,Usia di atas 23 tahun,Lajang,Laki-laki,Siang,38,>35 th,Lunas,Tidak,Tidak,Ya,127.0,116.0,0,0,0.0,0,0,0.0,,,0.7829,Berisiko,Sangat Tinggi
JJI-04309,Dropout,1,Animation & Multimedia Design,Pemegang diploma spesialisasi teknologi,Lajang,Laki-laki,Siang,19,≤20 th,Lunas,Tidak,Tidak,Tidak,114.2,110.0,0,0,0.0,0,0,0.0,,,0.547,Berisiko,Tinggi
JJI-04310,Graduate,0,Journalism & Communication,Fase 1 - kuota umum,Lajang,Laki-laki,Siang,19,≤20 th,Lunas,Tidak,Tidak,Ya,119.7,133.0,6,6,12.33,6,5,13.2,1.0,0.833,0.2542,Aman,Sedang
JJI-04311,Graduate,0,Veterinary Nursing,Pemegang diploma spesialisasi teknologi,Lajang,Laki-laki,Siang,22,21-23 th,Lunas,Tidak,Ya,Ya,150.0,150.0,6,6,13.43,6,6,13.62,1.0,1.0,0.0999,Aman,Rendah
JJI-04312,Enrolled,0,Informatics Engineering,Fase 1 - kuota umum,Lajang,Laki-laki,Siang,18,≤20 th,Lunas,Tidak,Tidak,Ya,123.5,135.0,5,0,0.0,5,1,10.0,0.0,0.2,0.8486,Berisiko,Sangat Tinggi
JJI-04313,Dropout,1,Management (kelas malam),Pemegang gelar pendidikan tinggi lain,Lajang,Laki-laki,Malam,32,28-35 th,Menunggak,Tidak,Tidak,Tidak,130.0,130.0,5,4,14.75,5,2,15.0,0.8,0.4,0.873,Berisiko,Sangat Tinggi
JJI-04314,Graduate,0,Basic Education,Pindah program studi,Lajang,Laki-laki,Siang,37,>35 th,Lunas,Tidak,Tidak,Tidak,124.6,130.0,21,21,12.48,19,19,12.21,1.0,1.0,0.1115,Aman,Rendah
JJI-04315,Dropout,1,Informatics Engineering,Fase 2 - kuota umum,Lajang,Laki-laki,Siang,21,21-23 th,Lunas,Tidak,Tidak,Ya,119.4,132.0,5,0,0.0,5,0,0.0,0.0,0.0,0.956,Berisiko,Sangat Tinggi
JJI-04316,Dropout,1,Tourism,Fase 1 - kuota umum,Lajang,Laki-laki,Siang,18,≤20 th,Lunas,Tidak,Tidak,Ya,121.9,125.0,6,3,11.67,6,2,12.5,0.5,0.333,0.6605,Berisiko,Tinggi
JJI-04317,Graduate,0,Communication Design,Fase 1 - kuota umum,Lajang,Laki-laki,Siang,19,≤20 th,Lunas,Ya,Tidak,Ya,110.0,118.0,6,6,12.0,6,6,13.57,1.0,1.0,0.2123,Aman,Rendah
JJI-04318,Graduate,0,Advertising & Marketing Management,Fase 2 - kuota umum,Lajang,Laki-laki,Siang,19,≤20 th,Lunas,Tidak,Ya,Tidak,118.7,118.0,6,6,12.0,6,6,14.0,1.0,1.0,0.1065,Aman,Rendah
JJI-04319,Graduate,0,Animation & Multimedia Design,Fase 1 - kuota umum,Lajang,Perempuan,Siang,19,≤20 th,Menunggak,Tidak,Tidak,Ya,163.1,161.0,12,12,15.25,11,11,15.0,1.0,1.0,0.1931,Aman,Rendah
JJI-04320,Graduate,0,Journalism & Communication,Fase 2 - kuota umum,Lajang,Laki-laki,Siang,19,≤20 th,Lunas,Tidak,Ya,Ya,121.7,136.0,6,5,12.4,6,6,13.17,0.833,1.0,0.1911,Aman,Rendah
JJI-04321,Enrolled,0,Management,Mahasiswa internasional (S1),Lajang,Laki-laki,Siang,21,21-23 th,Lunas,Ya,Tidak,Tidak,135.0,135.0,5,3,12.33,5,4,11.25,0.6,0.8,0.4022,Aman,Sedang
JJI-04322,Enrolled,0,Management (kelas malam),Usia di atas 23 tahun,Bercerai,Perempuan,Malam,28,28-35 th,Lunas,Tidak,Tidak,Tidak,147.9,147.0,5,4,11.5,5,4,12.0,0.8,0.8,0.2922,Aman,Sedang
JJI-04323,Dropout,1,Journalism & Communication,Fase 1 - kuota umum,Lajang,Perempuan,Siang,19,≤20 th,Menunggak,Ya,Tidak,Ya,118.1,124.0,6,5,12.2,6,4,11.75,0.833,0.667,0.7745,Berisiko,Sangat Tinggi
JJI-04324,Dropout,1,Management (kelas malam),Usia di atas 23 tahun,Lajang,Perempuan,Malam,28,28-35 th,Lunas,Ya,Tidak,Tidak,105.3,133.1,5,2,10.5,5,0,0.0,0.4,0.0,0.9697,Berisiko,Sangat Tinggi
JJI-04325,Graduate,0,Nursing,Fase 1 - kuota umum,Lajang,Perempuan,Siang,19,≤20 th,Lunas,Tidak,Ya,Tidak,139.8,141.0,8,7,14.4,8,7,14.4,0.875,0.875,0.0615,Aman,Rendah
JJI-04326,Graduate,0,Social Service (kelas malam),Pemegang gelar pendidikan tinggi lain,Menikah,Perempuan,Malam,32,28-35 th,Lunas,Tidak,Tidak,Tidak,130.0,130.0,14,13,12.85,11,10,12.8,0.929,0.909,0.1752,Aman,Rendah
JJI-04327,Dropout,1,Social Service (kelas malam),Usia di atas 23 tahun,Lajang,Perempuan,Malam,26,24-27 th,Menunggak,Ya,Tidak,Tidak,127.5,110.0,6,4,12.0,6,5,13.2,0.667,0.833,0.6538,Berisiko,Tinggi
JJI-04328,Dropout,1,Management,Usia di atas 23 tahun,Menikah,Perempuan,Siang,25,24-27 th,Lunas,Tidak,Tidak,Tidak,120.0,133.1,5,0,0.0,5,0,0.0,0.0,0.0,0.9216,Berisiko,Sangat Tinggi
JJI-04329,Dropout,1,Basic Education,Pindah program studi,Menikah,Perempuan,Siang,31,28-35 th,Lunas,Tidak,Tidak,Tidak,124.2,130.0,7,6,13.67,6,5,13.5,0.857,0.833,0.3257,Aman,Sedang
JJI-04330,Graduate,0,Social Service,Fase 2 - kuota umum,Lajang,Perempuan,Siang,20,≤20 th,Lunas,Tidak,Ya,Ya,113.4,120.0,6,5,11.86,6,6,11.67,0.833,1.0,0.0917,Aman,Rendah
JJI-04331,Dropout,1,Social Service,Fase 1 - kuota umum,Lajang,Perempuan,Siang,19,≤20 th,Lunas,Tidak,Tidak,Ya,118.0,133.1,6,0,0.0,6,0,0.0,0.0,0.0,0.9318,Berisiko,Sangat Tinggi
JJI-04332,Dropout,1,Animation & Multimedia Design,Fase 2 - kuota umum,Lajang,Perempuan,Siang,23,21-23 th,Lunas,Tidak,Tidak,Ya,130.0,145.0,0,0,0.0,0,0,0.0,,,0.5706,Berisiko,Tinggi
JJI-04333,Graduate,0,Social Service,Fase 1 - kuota umum,Lajang,Perempuan,Siang,18,≤20 th,Lunas,Tidak,Tidak,Ya,135.9,131.0,6,5,13.2,6,6,11.33,0.833,1.0,0.101,Aman,Rendah
JJI-04334,Dropout,1,Social Service,Fase 1 - kuota umum,Lajang,Perempuan,Siang,19,≤20 th,Lunas,Tidak,Ya,Ya,135.8,147.0,6,6,12.71,6,5,11.0,1.0,0.833,0.1047,Aman,Rendah
JJI-04335,Graduate,0,Tourism,Fase 1 - kuota umum,Lajang,Perempuan,Siang,18,≤20 th,Lunas,Tidak,Tidak,Tidak,133.1,138.0,6,6,12.5,6,6,12.67,1.0,1.0,0.0977,Aman,Rendah
JJI-04336,Enrolled,0,Management,Fase 1 - kuota umum,Lajang,Perempuan,Siang,21,21-23 th,Lunas,Tidak,Tidak,Ya,118.8,123.0,5,3,10.67,5,2,12.5,0.6,0.4,0.4136,Aman,Sedang
JJI-04337,Enrolled,0,Journalism & Communication,Fase 1 - kuota umum,Lajang,Perempuan,Siang,20,≤20 th,Lunas,Tidak,Tidak,Ya,117.1,129.0,6,1,17.0,6,1,17.0,0.167,0.167,0.7513,Berisiko,Sangat Tinggi
JJI-04338,Graduate,0,Veterinary Nursing,Fase 1 - kuota umum,Lajang,Perempuan,Siang,24,24-27 th,Lunas,Tidak,Tidak,Ya,114.5,125.0,5,5,13.0,5,4,13.25,1.0,0.8,0.1788,Aman,Rendah
JJI-04339,Enrolled,0,Advertising & Marketing Management,Fase 1 - kuota umum,Lajang,Perempuan,Siang,18,≤20 th,Lunas,Tidak,Ya,Tidak,127.2,131.0,5,3,12.67,5,4,12.5,0.6,0.8,0.1611,Aman,Rendah
JJI-04340,Graduate,0,Nursing,Transfer,Lajang,Perempuan,Siang,25,24-27 th,Lunas,Tidak,Tidak,Ya,130.0,100.0,14,12,13.29,14,12,13.29,0.857,0.857,0.2068,Aman,Rendah
JJI-04341,Graduate,0,Veterinary Nursing,Fase 2 - kuota umum,Lajang,Perempuan,Siang,20,≤20 th,Lunas,Tidak,Tidak,Tidak,116.1,120.0,5,3,11.67,5,4,11.5,0.6,0.8,0.2806,Aman,Sedang
JJI-04342,Graduate,0,Nursing,Fase 2 - kuota umum,Lajang,Perempuan,Siang,18,≤20 th,Lunas,Tidak,Tidak,Ya,130.5,145.0,8,7,14.24,8,7,14.24,0.875,0.875,0.143,Aman,Rendah
JJI-04343,Dropout,1,Advertising & Marketing Management,Usia di atas 23 tahun,Lajang,Perempuan,Siang,24,24-27 th,Lunas,Tidak,Tidak,Ya,104.0,120.0,5,3,13.0,5,3,11.33,0.6,0.6,0.561,Berisiko,Tinggi
JJI-04344,Enrolled,0,Nursing,Fase 2 - kuota umum,Lajang,Perempuan,Siang,18,≤20 th,Lunas,Tidak,Tidak,Ya,128.5,140.0,7,5,14.06,7,6,12.57,0.714,0.857,0.2102,Aman,Rendah
JJI-04345,Dropout,1,Social Service,Fase 2 - kuota umum,Lajang,Perempuan,Siang,21,21-23 th,Menunggak,Ya,Tidak,Tidak,126.0,134.0,6,5,11.83,6,5,13.2,0.833,0.833,0.6332,Berisiko,Tinggi
JJI-04346,Graduate,0,Journalism & Communication,Fase 1 - kuota umum,Lajang,Perempuan,Siang,18,≤20 th,Lunas,Tidak,Tidak,Ya,141.1,140.0,6,6,12.83,6,6,13.33,1.0,1.0,0.1362,Aman,Rendah
JJI-04347,Dropout,1,Tourism,Fase 2 - kuota umum,Lajang,Perempuan,Siang,20,≤20 th,Lunas,Tidak,Tidak,Ya,102.8,107.0,6,1,10.0,6,0,0.0,0.167,0.0,0.9667,Berisiko,Sangat Tinggi
JJI-04348,Dropout,1,Management,Fase 2 - kuota umum,Lajang,Perempuan,Siang,19,≤20 th,Lunas,Tidak,Tidak,Ya,129.2,133.0,5,2,11.0,5,2,10.0,0.4,0.4,0.6452,Berisiko,Tinggi
JJI-04349,Graduate,0,Nursing,Fase 1 - kuota umum,Lajang,Perempuan,Siang,20,≤20 th,Lunas,Tidak,Tidak,Ya,119.3,127.0,7,7,14.11,8,8,13.66,1.0,1.0,0.0716,Aman,Rendah
JJI-04350,Graduate,0,Nursing,Fase 1 - kuota umum,Lajang,Perempuan,Siang,20,≤20 th,Lunas,Tidak,Tidak,Ya,126.3,141.0,8,7,12.47,8,7,12.47,0.875,0.875,0.1796,Aman,Rendah
JJI-04351,Graduate,0,Veterinary Nursing,Pemegang diploma spesialisasi teknologi,Lajang,Perempuan,Siang,20,≤20 th,Lunas,Tidak,Ya,Ya,140.0,140.0,6,6,11.83,6,5,11.86,1.0,0.833,0.1105,Aman,Rendah
JJI-04352,Graduate,0,Communication Design,Fase 1 - kuota umum,Lajang,Perempuan,Siang,20,≤20 th,Lunas,Tidak,Tidak,Ya,131.5,150.0,6,6,12.5,6,6,12.83,1.0,1.0,0.111,Aman,Rendah
JJI-04353,Dropout,1,Basic Education,Fase 1 - kuota umum,Lajang,Perempuan,Siang,18,≤20 th,Lunas,Tidak,Tidak,Ya,137.6,140.0,6,6,11.67,6,6,12.33,1.0,1.0,0.208,Aman,Rendah
JJI-04354,Graduate,0,Animation & Multimedia Design,Fase 1 - kuota umum,Lajang,Perempuan,Siang,18,≤20 th,Lunas,Tidak,Tidak,Ya,142.8,141.0,0,0,0.0,0,0,0.0,,,0.4956,Berisiko,Tinggi
JJI-04355,Enrolled,0,Management (kelas malam),Usia di atas 23 tahun,Bercerai,Perempuan,Malam,30,28-35 th,Lunas,Tidak,Tidak,Tidak,146.2,150.0,5,3,10.33,5,4,12.8,0.6,0.8,0.371,Aman,Sedang
JJI-04356,Graduate,0,Veterinary Nursing,Fase 1 - kuota umum,Lajang,Perempuan,Siang,18,≤20 th,Lunas,Tidak,Tidak,Ya,162.1,160.0,5,5,16.17,5,5,14.29,1.0,1.0,0.0982,Aman,Rendah
JJI-04357,Dropout,1,Veterinary Nursing,Usia di atas 23 tahun,Lajang,Perempuan,Siang,35,28-35 th,Lunas,Tidak,Tidak,Tidak,140.0,133.1,6,3,12.67,6,0,0.0,0.5,0.0,0.9518,Berisiko,Sangat Tinggi
JJI-04358,Dropout,1,Social Service (kelas malam),Usia di atas 23 tahun,Lajang,Perempuan,Malam,31,28-35 th,Menunggak,Ya,Tidak,Tidak,120.0,133.1,6,2,10.5,6,3,12.33,0.333,0.5,0.9209,Berisiko,Sangat Tinggi
JJI-04359,Dropout,1,Tourism,Pindah program studi,Lajang,Perempuan,Siang,19,≤20 th,Lunas,Ya,Tidak,Ya,133.3,134.0,6,2,11.5,6,1,11.0,0.333,0.167,0.8704,Berisiko,Sangat Tinggi
JJI-04360,Graduate,0,Social Service,Fase 1 - kuota umum,Lajang,Perempuan,Siang,19,≤20 th,Lunas,Tidak,Tidak,Ya,124.8,130.0,6,6,13.0,6,5,13.4,1.0,0.833,0.1254,Aman,Rendah
JJI-04361,Graduate,0,Nursing,Fase 2 - kuota umum,Lajang,Perempuan,Siang,19,≤20 th,Lunas,Tidak,Tidak,Ya,133.3,140.0,7,6,11.97,7,6,11.97,0.857,0.857,0.2116,Aman,Rendah
JJI-04362,Graduate,0,Nursing,Fase 2 - kuota umum,Lajang,Perempuan,Siang,19,≤20 th,Lunas,Tidak,Tidak,Tidak,141.8,145.0,8,8,13.35,8,8,13.35,1.0,1.0,0.0709,Aman,Rendah
JJI-04363,Graduate,0,Veterinary Nursing,Fase 1 - kuota umum,Lajang,Perempuan,Siang,21,21-23 th,Lunas,Tidak,Tidak,Tidak,128.2,133.0,5,5,12.0,5,4,12.5,1.0,0.8,0.1729,Aman,Rendah
JJI-04364,Dropout,1,Basic Education,Fase 2 - kuota umum,Lajang,Perempuan,Siang,18,≤20 th,Lunas,Tidak,Tidak,Tidak,115.0,133.1,6,2,10.5,6,0,0.0,0.333,0.0,0.9642,Berisiko,Sangat Tinggi
JJI-04365,Enrolled,0,Social Service,Fase 2 - kuota umum,Lajang,Perempuan,Siang,18,≤20 th,Lunas,Tidak,Tidak,Ya,123.6,132.0,6,4,11.5,6,4,10.75,0.667,0.667,0.3427,Aman,Sedang
JJI-04366,Graduate,0,Animation & Multimedia Design,Fase 1 - kuota umum,Lajang,Laki-laki,Siang,19,≤20 th,Lunas,Tidak,Tidak,Ya,120.2,117.0,0,0,0.0,0,0,0.0,,,0.536,Berisiko,Tinggi
JJI-04367,Graduate,0,Advertising & Marketing Management,Fase 1 - kuota umum,Lajang,Laki-laki,Siang,18,≤20 th,Lunas,Tidak,Tidak,Ya,127.0,127.0,6,6,13.57,6,4,14.0,1.0,0.667,0.2939,Aman,Sedang
JJI-04368,Graduate,0,Veterinary Nursing,Fase 2 - kuota umum,Lajang,Laki-laki,Siang,18,≤20 th,Lunas,Tidak,Tidak,Ya,120.4,134.0,6,6,14.7,6,6,12.0,1.0,1.0,0.176,Aman,Rendah
JJI-04369,Dropout,1,Management (kelas malam),Usia di atas 23 tahun,Lajang,Laki-laki,Malam,25,24-27 th,Menunggak,Tidak,Tidak,Ya,120.0,120.0,5,0,0.0,5,0,0.0,0.0,0.0,0.9927,Berisiko,Sangat Tinggi
JJI-04370,Enrolled,0,Nursing,Fase 1 - kuota umum,Lajang,Laki-laki,Siang,18,≤20 th,Lunas,Tidak,Tidak,Ya,120.0,136.0,7,6,11.83,7,6,11.83,0.857,0.857,0.1872,Aman,Rendah
JJI-04371,Graduate,0,Animation & Multimedia Design,Fase 1 - kuota umum,Lajang,Laki-laki,Siang,19,≤20 th,Lunas,Tidak,Tidak,Ya,133.9,137.0,0,0,0.0,0,0,0.0,,,0.5986,Berisiko,Tinggi
JJI-04372,Graduate,0,Nursing,Fase 1 - kuota umum,Lajang,Laki-laki,Siang,18,≤20 th,Lunas,Tidak,Tidak,Ya,113.5,118.0,7,7,13.18,8,8,14.92,1.0,1.0,0.0862,Aman,Rendah
JJI-04373,Dropout,1,Agronomy,Usia di atas 23 tahun,Lajang,Laki-laki,Siang,24,24-27 th,Lunas,Tidak,Tidak,Tidak,126.1,130.0,6,0,0.0,6,0,0.0,0.0,0.0,0.9653,Berisiko,Sangat Tinggi
JJI-04374,Enrolled,0,Social Service,Fase 1 - kuota umum,Lajang,Perempuan,Siang,19,≤20 th,Lunas,Tidak,Tidak,Tidak,121.2,124.0,6,2,13.0,6,6,10.83,0.333,1.0,0.1497,Aman,Rendah
JJI-04375,Graduate,0,Nursing,Pemegang gelar pendidikan tinggi lain,Kumpul kebo,Perempuan,Siang,29,28-35 th,Lunas,Tidak,Tidak,Tidak,150.0,150.0,8,7,13.74,8,7,13.74,0.875,0.875,0.1761,Aman,Rendah
JJI-04376,Dropout,1,Management (kelas malam),Pindah program studi,Lajang,Perempuan,Malam,27,24-27 th,Lunas,Tidak,Tidak,Ya,100.0,161.0,5,0,0.0,5,0,0.0,0.0,0.0,0.9529,Berisiko,Sangat Tinggi
JJI-04377,Graduate,0,Nursing,Fase 2 - kuota umum,Lajang,Perempuan,Siang,18,≤20 th,Lunas,Tidak,Tidak,Ya,127.3,143.0,7,7,12.22,8,7,12.12,1.0,0.875,0.1807,Aman,Rendah
JJI-04378,Dropout,1,Management (kelas malam),Pindah program studi,Menikah,Perempuan,Malam,28,28-35 th,Lunas,Tidak,Tidak,Tidak,103.8,130.0,15,14,11.07,14,12,11.33,0.933,0.857,0.1926,Aman,Rendah
JJI-04379,Graduate,0,Basic Education,Usia di atas 23 tahun,Menikah,Perempuan,Siang,32,28-35 th,Lunas,Tidak,Ya,Tidak,131.0,133.1,7,7,13.43,8,8,13.25,1.0,1.0,0.1395,Aman,Rendah
JJI-04380,Dropout,1,Management (kelas malam),Usia di atas 23 tahun,Lajang,Perempuan,Malam,30,28-35 th,Lunas,Tidak,Tidak,Tidak,133.9,110.0,5,5,11.4,5,5,13.67,1.0,1.0,0.2213,Aman,Rendah
JJI-04381,Dropout,1,Nursing,Pemegang gelar pendidikan tinggi lain,Lajang,Perempuan,Siang,29,28-35 th,Lunas,Tidak,Tidak,Tidak,140.0,140.0,8,4,11.32,8,4,11.32,0.5,0.5,0.6822,Berisiko,Tinggi
JJI-04382,Enrolled,0,Social Service,Fase 1 - kuota umum,Lajang,Perempuan,Siang,20,≤20 th,Lunas,Tidak,Tidak,Tidak,121.4,145.0,6,0,0.0,5,0,0.0,0.0,0.0,0.9192,Berisiko,Sangat Tinggi
JJI-04383,Graduate,0,Nursing,Fase 1 - kuota umum,Lajang,Perempuan,Siang,19,≤20 th,Lunas,Tidak,Tidak,Tidak,122.0,131.0,8,7,15.0,8,7,15.0,0.875,0.875,0.0845,Aman,Rendah
JJI-04384,Graduate,0,Social Service (kelas malam),Usia di atas 23 tahun,Lajang,Perempuan,Malam,29,28-35 th,Lunas,Tidak,Tidak,Tidak,150.5,141.0,6,6,13.17,6,6,15.62,1.0,1.0,0.1106,Aman,Rendah
JJI-04385,Dropout,1,Social Service,Fase 1 - kuota umum,Menikah,Perempuan,Siang,27,24-27 th,Menunggak,Tidak,Tidak,Tidak,139.4,145.0,6,2,11.0,6,4,10.5,0.333,0.667,0.7303,Berisiko,Tinggi
JJI-04386,Dropout,1,Social Service,Fase 1 - kuota umum,Lajang,Perempuan,Siang,19,≤20 th,Lunas,Tidak,Tidak,Tidak,112.6,122.0,6,0,0.0,6,0,0.0,0.0,0.0,0.9086,Berisiko,Sangat Tinggi
JJI-04387,Dropout,1,Advertising & Marketing Management,Fase 2 - kuota umum,Lajang,Perempuan,Siang,21,21-23 th,Lunas,Tidak,Ya,Ya,115.2,118.0,5,3,12.33,5,2,12.5,0.6,0.4,0.4568,Berisiko,Tinggi
JJI-04388,Dropout,1,Management (kelas malam),Fase 1 - kuota umum,Menikah,Perempuan,Malam,29,28-35 th,Menunggak,Tidak,Tidak,Tidak,131.8,150.0,5,4,12.25,5,5,10.17,0.8,1.0,0.5234,Berisiko,Tinggi
JJI-04389,Dropout,1,Management,Pindah program studi,Menikah,Perempuan,Siang,42,>35 th,Menunggak,Ya,Tidak,Tidak,122.8,120.0,13,13,11.92,12,12,12.5,1.0,1.0,0.4569,Berisiko,Tinggi
JJI-04390,Graduate,0,Social Service,Fase 1 - kuota umum,Lajang,Perempuan,Siang,18,≤20 th,Lunas,Tidak,Ya,Tidak,156.2,167.0,6,6,14.33,6,6,14.14,1.0,1.0,0.0367,Aman,Rendah
JJI-04391,Graduate,0,Veterinary Nursing,Usia di atas 23 tahun,Lajang,Perempuan,Siang,24,24-27 th,Lunas,Tidak,Tidak,Ya,132.0,150.0,5,5,12.0,5,5,13.0,1.0,1.0,0.1532,Aman,Rendah
JJI-04392,Enrolled,0,Nursing,Pemegang gelar pendidikan tinggi lain,Menikah,Perempuan,Siang,32,28-35 th,Lunas,Tidak,Tidak,Tidak,130.0,130.0,7,7,13.76,8,7,12.06,1.0,0.875,0.206,Aman,Rendah
JJI-04393,Enrolled,0,Management,Fase 1 - kuota umum,Lajang,Perempuan,Siang,18,≤20 th,Lunas,Tidak,Tidak,Tidak,138.4,151.0,5,4,11.25,5,5,11.0,0.8,1.0,0.1418,Aman,Rendah
JJI-04394,Graduate,0,Management (kelas malam),Usia di atas 23 tahun,Lajang,Perempuan,Malam,27,24-27 th,Lunas,Tidak,Tidak,Tidak,146.2,120.0,5,3,12.33,5,3,10.67,0.6,0.6,0.5224,Berisiko,Tinggi
JJI-04395,Graduate,0,Nursing,Fase 1 - kuota umum,Lajang,Perempuan,Siang,18,≤20 th,Lunas,Tidak,Tidak,Ya,166.0,168.0,8,8,14.89,8,8,14.89,1.0,1.0,0.0602,Aman,Rendah
JJI-04396,Dropout,1,Journalism & Communication,Fase 2 - kuota umum,Lajang,Perempuan,Siang,19,≤20 th,Lunas,Ya,Ya,Ya,133.1,153.0,6,6,12.17,6,5,12.4,1.0,0.833,0.3193,Aman,Sedang
JJI-04397,Graduate,0,Journalism & Communication,Fase 1 - kuota umum,Lajang,Perempuan,Siang,18,≤20 th,Lunas,Tidak,Ya,Ya,121.9,131.0,6,6,12.67,6,6,13.33,1.0,1.0,0.0885,Aman,Rendah
JJI-04398,Enrolled,0,Basic Education,Fase 1 - kuota khusus (Azores),Lajang,Perempuan,Siang,21,21-23 th,Lunas,Tidak,Tidak,Ya,110.4,116.0,6,5,12.6,6,3,11.67,0.833,0.5,0.6494,Berisiko,Tinggi
JJI-04399,Graduate,0,Management,Usia di atas 23 tahun,Lajang,Perempuan,Siang,26,24-27 th,Lunas,Tidak,Ya,Tidak,121.4,160.0,5,4,13.0,5,4,12.25,0.8,0.8,0.2084,Aman,Rendah
JJI-04400,Graduate,0,Tourism,Fase 1 - kuota umum,Lajang,Perempuan,Siang,22,21-23 th,Lunas,Tidak,Ya,Ya,137.0,152.0,6,6,13.88,6,6,14.33,1.0,1.0,0.0677,Aman,Rendah
JJI-04401,Dropout,1,Management (kelas malam),Usia di atas 23 tahun,Menikah,Laki-laki,Malam,37,>35 th,Lunas,Ya,Tidak,Tidak,140.0,133.1,5,4,10.75,5,3,13.33,0.8,0.6,0.6649,Berisiko,Tinggi
JJI-04402,Dropout,1,Veterinary Nursing,Pemegang gelar pendidikan tinggi lain,Lajang,Laki-laki,Siang,24,24-27 th,Lunas,Tidak,Tidak,Tidak,140.0,150.0,5,3,14.67,5,0,0.0,0.6,0.0,0.9065,Berisiko,Sangat Tinggi
JJI-04403,Enrolled,0,Basic Education,Fase 3 - kuota umum,Lajang,Laki-laki,Siang,18,≤20 th,Lunas,Tidak,Tidak,Ya,126.8,168.0,6,5,12.6,6,6,13.0,0.833,1.0,0.3046,Aman,Sedang
JJI-04404,Graduate,0,Nursing,Fase 2 - kuota umum,Lajang,Laki-laki,Siang,19,≤20 th,Lunas,Tidak,Ya,Ya,124.8,137.0,7,6,12.41,8,7,11.26,0.857,0.875,0.185,Aman,Rendah
JJI-04405,Dropout,1,Equinculture,Usia di atas 23 tahun,Menikah,Laki-laki,Siang,28,28-35 th,Menunggak,Ya,Tidak,Ya,120.0,133.1,6,1,11.0,6,2,10.5,0.167,0.333,0.9824,Berisiko,Sangat Tinggi
JJI-04406,Graduate,0,Nursing,Fase 1 - kuota umum,Lajang,Laki-laki,Siang,18,≤20 th,Lunas,Tidak,Ya,Ya,133.0,160.0,8,7,14.31,8,7,14.31,0.875,0.875,0.0947,Aman,Rendah
JJI-04407,Enrolled,0,Communication Design,Fase 1 - kuota umum,Lajang,Laki-laki,Siang,20,≤20 th,Lunas,Tidak,Tidak,Ya,127.5,145.0,6,4,12.0,6,2,11.33,0.667,0.333,0.594,Berisiko,Tinggi
JJI-04408,Graduate,0,Journalism & Communication,Fase 1 - kuota umum,Lajang,Laki-laki,Siang,18,≤20 th,Lunas,Tidak,Tidak,Ya,131.7,138.0,6,6,12.83,6,6,13.29,1.0,1.0,0.1746,Aman,Rendah
JJI-04409,Dropout,1,Journalism & Communication,Usia di atas 23 tahun,Menikah,Laki-laki,Siang,47,>35 th,Lunas,Tidak,Tidak,Tidak,133.0,100.0,6,5,11.4,6,6,11.67,0.833,1.0,0.4662,Berisiko,Tinggi
JJI-04410,Graduate,0,Management (kelas malam),Pindah program studi,Menikah,Laki-laki,Malam,38,>35 th,Lunas,Tidak,Tidak,Tidak,122.7,140.0,5,5,14.6,5,5,14.33,1.0,1.0,0.2828,Aman,Sedang
JJI-04411,Graduate,0,Communication Design,Fase 1 - kuota umum,Lajang,Laki-laki,Siang,20,≤20 th,Lunas,Tidak,Ya,Tidak,121.2,124.0,6,6,13.5,6,5,12.5,1.0,0.833,0.1159,Aman,Rendah
JJI-04412,Dropout,1,Equinculture,Pemegang diploma spesialisasi teknologi,Lajang,Laki-laki,Siang,21,21-23 th,Lunas,Tidak,Tidak,Ya,150.0,150.0,6,6,12.5,6,3,13.33,1.0,0.5,0.5056,Berisiko,Tinggi
JJI-04413,Enrolled,0,Communication Design,Pindah program studi,Lajang,Laki-laki,Siang,19,≤20 th,Lunas,Tidak,Ya,Ya,133.4,125.0,6,4,13.0,6,5,12.2,0.667,0.833,0.2103,Aman,Rendah
JJI-04414,Enrolled,0,Biofuel Production Technologies,Pindah program studi,Lajang,Laki-laki,Siang,25,24-27 th,Lunas,Tidak,Tidak,Ya,121.2,143.0,10,5,11.6,8,2,13.0,0.5,0.25,0.8923,Berisiko,Sangat Tinggi
JJI-04415,Graduate,0,Equinculture,Fase 1 - kuota umum,Lajang,Perempuan,Siang,18,≤20 th,Lunas,Tidak,Tidak,Ya,129.3,137.0,5,5,11.8,5,5,11.6,1.0,1.0,0.1847,Aman,Rendah
JJI-04416,Dropout,1,Nursing,Usia di atas 23 tahun,Bercerai,Perempuan,Siang,46,>35 th,Menunggak,Ya,Tidak,Tidak,117.8,133.1,7,3,12.33,7,3,11.08,0.429,0.429,0.9562,Berisiko,Sangat Tinggi
JJI-04417,Graduate,0,Nursing,Pindah program studi,Lajang,Perempuan,Siang,23,21-23 th,Lunas,Tidak,Tidak,Tidak,131.3,136.0,14,12,12.62,14,12,12.62,0.857,0.857,0.1495,Aman,Rendah
JJI-04418,Graduate,0,Communication Design,Fase 1 - kuota umum,Lajang,Perempuan,Siang,20,≤20 th,Lunas,Tidak,Ya,Ya,133.8,132.0,6,6,13.83,6,6,13.5,1.0,1.0,0.0599,Aman,Rendah
JJI-04419,Graduate,0,Communication Design,Pemegang diploma spesialisasi teknologi,Lajang,Laki-laki,Siang,20,≤20 th,Lunas,Tidak,Tidak,Tidak,120.0,120.0,7,6,12.5,9,7,13.14,0.857,0.778,0.232,Aman,Rendah
JJI-04420,Graduate,0,Journalism & Communication,Fase 1 - kuota umum,Lajang,Laki-laki,Siang,19,≤20 th,Lunas,Tidak,Tidak,Tidak,122.2,125.0,6,5,13.6,6,5,12.67,0.833,0.833,0.3094,Aman,Sedang
JJI-04421,Dropout,1,Journalism & Communication,Fase 1 - kuota umum,Lajang,Perempuan,Siang,18,≤20 th,Menunggak,Ya,Tidak,Ya,119.0,120.0,6,6,12.0,6,2,11.0,1.0,0.333,0.8764,Berisiko,Sangat Tinggi
JJI-04422,Dropout,1,Nursing,Fase 1 - kuota umum,Lajang,Perempuan,Siang,30,28-35 th,Lunas,Tidak,Ya,Ya,149.5,154.0,7,7,14.91,8,1,13.5,1.0,0.125,0.5955,Berisiko,Tinggi
JJI-04423,Graduate,0,Management,Fase 1 - kuota umum,Lajang,Perempuan,Siang,20,≤20 th,Lunas,Tidak,Ya,Ya,153.8,180.0,5,5,13.8,5,5,12.0,1.0,1.0,0.0748,Aman,Rendah
JJI-04424,Graduate,0,Journalism & Communication,Ordinance No. 854-B/99,Lajang,Perempuan,Siang,22,21-23 th,Lunas,Tidak,Tidak,Ya,152.0,152.0,6,6,11.67,6,6,13.0,1.0,1.0,0.1668,Aman,Rendah
